canonical,display_ja,decision,risk_class,language_sanity_provenance
kouno_marika's_silence_suzuka_drawing_(meme),高野スズカ,RELAXED_KEEP_JA,HIGH,LANGUAGE_SANITY_UNCHANGED
kourindou,香霖堂,RELAXED_KEEP_JA,LOW,LANGUAGE_SANITY_UNCHANGED
kourindou_tengu_costume,香霖堂天狗装束,RELAXED_KEEP_JA,LOW,LANGUAGE_SANITY_UNCHANGED
kouryou_academy_school_uniform,Kouryouアカデミーユニフォーム,RELAXED_KEEP_JA,EXCEPTION,LANGUAGE_SANITY_UNCHANGED
kouryoukan_academy_school_uniform,kouryoukan academyの学校制服,RELAXED_KEEP_JA,EXCEPTION,LANGUAGE_SANITY_UNCHANGED
kousaka_kirino's_school_uniform,Kousaka Kirinoの学校の制服,RELAXED_KEEP_JA,EXCEPTION,LANGUAGE_SANITY_UNCHANGED
kouyouen_academy_school_uniform,光陽園ハルヒ,RELAXED_KEEP_JA,LOW,LANGUAGE_SANITY_UNCHANGED
koyanskaya_(fate)_(cosplay),koyanskaya（運命）（コスプレ）,RELAXED_KEEP_JA,EXCEPTION,LANGUAGE_SANITY_UNCHANGED
koyukkuri,koyukkuri,RELAXED_CANONICAL_FALLBACK,EXCEPTION,LANGUAGE_SANITY_CANONICAL_FALLBACK
kozaki_yuusuke_(style),タグ「kozaki yuusuke (style)」,RELAXED_KEEP_JA,EXCEPTION,LANGUAGE_SANITY_UNCHANGED
ko~n,こーん,RELAXED_KEEP_JA,HIGH,LANGUAGE_SANITY_UNCHANGED
kraken,クラーケン,RELAXED_KEEP_JA,LOW,LANGUAGE_SANITY_UNCHANGED
kraken_regiment,タグ「kraken regiment」,RELAXED_KEEP_JA,EXCEPTION,LANGUAGE_SANITY_UNCHANGED
kriegsmarine,クリークスマリーネ,RELAXED_KEEP_JA,LOW,LANGUAGE_SANITY_UNCHANGED
kris_(weapon),クリスナイフ,RELAXED_KEEP_JA,HIGH,LANGUAGE_SANITY_UNCHANGED
kris_hair_ornament,krisの髪飾り,RELAXED_KEEP_JA,EXCEPTION,LANGUAGE_SANITY_UNCHANGED
kriss_vector,スーパーV,RELAXED_KEEP_JA,LOW,LANGUAGE_SANITY_UNCHANGED
ksvk_12.7,タグ「ksvk 12.7」,RELAXED_KEEP_JA,EXCEPTION,LANGUAGE_SANITY_UNCHANGED
ku_korose!,くっころ,RELAXED_KEEP_JA,HIGH,LANGUAGE_SANITY_UNCHANGED
kubo_tite_(style),野生の久保,RELAXED_KEEP_JA,HIGH,LANGUAGE_SANITY_UNCHANGED
kubrick_stare,キューブリック・ステア,RELAXED_KEEP_JA,LOW,LANGUAGE_SANITY_UNCHANGED
kuho_girls_academy_school_uniform,kuho girls academyの学校制服,RELAXED_KEEP_JA,EXCEPTION,LANGUAGE_SANITY_UNCHANGED
kuja_pirates_jolly_roger,タグ「kuja pirates jolly roger」,RELAXED_KEEP_JA,EXCEPTION,LANGUAGE_SANITY_UNCHANGED
kuji-in,九字切り,RELAXED_KEEP_JA,LOW,LANGUAGE_SANITY_UNCHANGED
kujo_jolyne_(cosplay),Kujo Jolyne（コスプレ）,RELAXED_KEEP_JA,EXCEPTION,LANGUAGE_SANITY_UNCHANGED
kujo_jotaro's_pose,kujo・jotaro・ポーズ,RELAXED_KEEP_JA,EXCEPTION,LANGUAGE_SANITY_UNCHANGED
kujo_jotaro_(cosplay),Kujo Jotaro（コスプレ）,RELAXED_KEEP_JA,EXCEPTION,LANGUAGE_SANITY_UNCHANGED
kukri,ククリナイフ,RELAXED_KEEP_JA,LOW,LANGUAGE_SANITY_UNCHANGED
kumorizora_no_mukou_wa_hareteiru,曇り空の向こうは晴れている,RELAXED_KEEP_JA,LOW,LANGUAGE_SANITY_UNCHANGED
kunai,くない,RELAXED_KEEP_JA,LOW,LANGUAGE_SANITY_UNCHANGED
kunai_hair_ornament,kunaiの髪飾り,RELAXED_KEEP_JA,EXCEPTION,LANGUAGE_SANITY_UNCHANGED
kunchim2_cat_transformation_template_(meme),kunchim2 cat transformation template (meme),RELAXED_CANONICAL_FALLBACK,EXCEPTION,LANGUAGE_SANITY_CANONICAL_FALLBACK
kundala_(fate),日輪よ、具足となれ,RELAXED_KEEP_JA,HIGH,LANGUAGE_SANITY_UNCHANGED
kune-kune,くねくね,RELAXED_KEEP_JA,LOW,LANGUAGE_SANITY_UNCHANGED
kung_fu,功夫,RELAXED_KEEP_JA,LOW,LANGUAGE_SANITY_UNCHANGED
kunreishiki,訓令式ローマ字,RELAXED_KEEP_JA,LOW,LANGUAGE_SANITY_UNCHANGED
kunugigaoka_middle_school_uniform,クヌギガカ川中学校のユニフォーム,RELAXED_KEEP_JA,LOW,LANGUAGE_SANITY_UNCHANGED
kuoh_academy_school_uniform,kuoh academyの学校制服,RELAXED_KEEP_JA,EXCEPTION,LANGUAGE_SANITY_UNCHANGED
kuomintang,国民党,RELAXED_KEEP_JA,LOW,LANGUAGE_SANITY_UNCHANGED
kure_(city),呉,RELAXED_KEEP_JA,HIGH,LANGUAGE_SANITY_UNCHANGED
kurikinton_(food),栗きんとん,RELAXED_KEEP_JA,HIGH,LANGUAGE_SANITY_UNCHANGED
kurobara_girls_high_school_uniform,黒薔薇女子高校,RELAXED_KEEP_JA,LOW,LANGUAGE_SANITY_UNCHANGED
kuroe_shizuku_(cosplay),クロエ・シズク（コスプレ）,RELAXED_KEEP_JA,HIGH,LANGUAGE_SANITY_UNCHANGED
kurokote,黒小手,RELAXED_KEEP_JA,LOW,LANGUAGE_SANITY_UNCHANGED
kurokumo_clan_(identity)_(project_moon),kurokumo clan (identity) (project moon),RELAXED_CANONICAL_FALLBACK,EXCEPTION,LANGUAGE_SANITY_CANONICAL_FALLBACK
kurokw_(style),タグ「kurokw (style)」,RELAXED_KEEP_JA,EXCEPTION,LANGUAGE_SANITY_UNCHANGED
kuromi_(cosplay),クロミ（コスプレ）,RELAXED_KEEP_JA,HIGH,LANGUAGE_SANITY_UNCHANGED
kuromorimine_(emblem),クロモリミン（エンブレム）,RELAXED_KEEP_JA,HIGH,LANGUAGE_SANITY_UNCHANGED
kuromorimine_military_uniform,黒森峰制服,RELAXED_KEEP_JA,LOW,LANGUAGE_SANITY_UNCHANGED
kuromorimine_school_uniform,黒森峰制服,RELAXED_KEEP_JA,LOW,LANGUAGE_SANITY_UNCHANGED
kurumada_masami_(style),野生の車田正美,RELAXED_KEEP_JA,HIGH,LANGUAGE_SANITY_UNCHANGED
kurumi-gaoka_high_school_uniform,kurumi gaoka highの学校制服,RELAXED_KEEP_JA,EXCEPTION,LANGUAGE_SANITY_UNCHANGED
kurumibashi_school_uniform,胡桃橋中学校,RELAXED_KEEP_JA,LOW,LANGUAGE_SANITY_UNCHANGED
kusanagi_motoko_(cosplay),モトコクサナギ（コスプレ）,RELAXED_KEEP_JA,HIGH,LANGUAGE_SANITY_UNCHANGED
kusarigama,鎖鎌,RELAXED_KEEP_JA,LOW,LANGUAGE_SANITY_UNCHANGED
kuudere,クーデレ,RELAXED_KEEP_JA,LOW,LANGUAGE_SANITY_UNCHANGED
kuuhaku_to_catharsis,空白とカタルシス,RELAXED_KEEP_JA,LOW,LANGUAGE_SANITY_UNCHANGED
kv-1,kv-1,RELAXED_CANONICAL_FALLBACK,EXCEPTION,LANGUAGE_SANITY_CANONICAL_FALLBACK
kv-2,kv-2,RELAXED_CANONICAL_FALLBACK,EXCEPTION,LANGUAGE_SANITY_CANONICAL_FALLBACK
kwon_eun-bi_(cosplay),kwon eun-bi (cosplay),RELAXED_CANONICAL_FALLBACK,EXCEPTION,LANGUAGE_SANITY_CANONICAL_FALLBACK
kwon_eun-bi_waterbomb_performance_(meme),kwon eun-bi waterbomb performance (meme),RELAXED_CANONICAL_FALLBACK,EXCEPTION,LANGUAGE_SANITY_CANONICAL_FALLBACK
kyaraben,キャラ弁,RELAXED_KEEP_JA,LOW,LANGUAGE_SANITY_UNCHANGED
kyoto_(city),京都,RELAXED_KEEP_JA,HIGH,LANGUAGE_SANITY_UNCHANGED
kyouwa_school_uniform,共和学園,RELAXED_KEEP_JA,LOW,LANGUAGE_SANITY_UNCHANGED
kyubey_(cosplay),Kyubey（コスプレ）,RELAXED_KEEP_JA,EXCEPTION,LANGUAGE_SANITY_UNCHANGED
kyurumaru,きゅるまる,RELAXED_KEEP_JA,LOW,LANGUAGE_SANITY_UNCHANGED
kyuudou,弓道,RELAXED_KEEP_JA,LOW,LANGUAGE_SANITY_UNCHANGED
l'antica_(idolmaster),アンティーカ,RELAXED_KEEP_JA,HIGH,LANGUAGE_SANITY_UNCHANGED
l'avenir_academy_school_uniform,L'Avenir Academyのユニフォーム,RELAXED_KEEP_JA,EXCEPTION,LANGUAGE_SANITY_UNCHANGED
l'ecole_des_cinq_lumieres_school_uniform,サンクルミエール学園,RELAXED_KEEP_JA,LOW,LANGUAGE_SANITY_UNCHANGED
l85,l85,RELAXED_CANONICAL_FALLBACK,EXCEPTION,LANGUAGE_SANITY_CANONICAL_FALLBACK
l_hand,l・手,RELAXED_KEEP_JA,EXCEPTION,LANGUAGE_SANITY_UNCHANGED
la_black_luna,ラ・ブラック・ルナ,RELAXED_KEEP_JA,LOW,LANGUAGE_SANITY_UNCHANGED
la_chancla,タグ「la chancla」,RELAXED_KEEP_JA,EXCEPTION,LANGUAGE_SANITY_UNCHANGED
la_grondement_du_haine,ラ・グロンドメント・デュ・ヘイン,RELAXED_KEEP_JA,LOW,LANGUAGE_SANITY_UNCHANGED
la_liga,ラリーガ,RELAXED_KEEP_JA,LOW,LANGUAGE_SANITY_UNCHANGED
la_manchaland_(identity)_(project_moon),la manchaland (identity) (project moon),RELAXED_CANONICAL_FALLBACK,EXCEPTION,LANGUAGE_SANITY_CANONICAL_FALLBACK
la_sangre_de_sancho_(e.g.o),la sangre de sancho (e.g.o),RELAXED_CANONICAL_FALLBACK,EXCEPTION,LANGUAGE_SANITY_CANONICAL_FALLBACK
label,ラベル,RELAXED_KEEP_JA,LOW,LANGUAGE_SANITY_UNCHANGED
labrador_retriever,ラブラドール・レトリバー,RELAXED_KEEP_JA,LOW,LANGUAGE_SANITY_UNCHANGED
labraunda_(fire_emblem),ラブラウンダ,RELAXED_KEEP_JA,HIGH,LANGUAGE_SANITY_UNCHANGED
lace-trimmed_apron,レーストリミングされたエプロン,RELAXED_KEEP_JA,LOW,LANGUAGE_SANITY_UNCHANGED
lace-trimmed_ascot,レース・整えた・ascot,RELAXED_KEEP_JA,EXCEPTION,LANGUAGE_SANITY_UNCHANGED
lace-trimmed_babydoll,レーストリミングベビードール,RELAXED_KEEP_JA,LOW,LANGUAGE_SANITY_UNCHANGED
lace-trimmed_bikini,レーストリミングビキニ,RELAXED_KEEP_JA,LOW,LANGUAGE_SANITY_UNCHANGED
lace-trimmed_blindfold,レース・整えた・目隠し,RELAXED_KEEP_JA,LOW,LANGUAGE_SANITY_UNCHANGED
lace-trimmed_boots,レース・整えたのブーツ,RELAXED_KEEP_JA,LOW,LANGUAGE_SANITY_UNCHANGED
lace-trimmed_bow,レーストリミングされた弓,RELAXED_KEEP_JA,LOW,LANGUAGE_SANITY_UNCHANGED
lace-trimmed_bowtie,レース・整えた・bowtie,RELAXED_KEEP_JA,EXCEPTION,LANGUAGE_SANITY_UNCHANGED
lace-trimmed_camisole,レーストリミングされたキャミソール,RELAXED_KEEP_JA,LOW,LANGUAGE_SANITY_UNCHANGED
lace-trimmed_capelet,レーストリミングされたカペレット,RELAXED_KEEP_JA,LOW,LANGUAGE_SANITY_UNCHANGED
lace-trimmed_choker,レーストリミングチョーカー,RELAXED_KEEP_JA,LOW,LANGUAGE_SANITY_UNCHANGED
lace-trimmed_collar,レーストリムカラー,RELAXED_KEEP_JA,LOW,LANGUAGE_SANITY_UNCHANGED
lace-trimmed_dress,蕾丝辺连衣裙,RELAXED_KEEP_JA,LOW,LANGUAGE_SANITY_UNCHANGED
lace-trimmed_eyepatch,レーストリミングされたアイパッチ,RELAXED_KEEP_JA,LOW,LANGUAGE_SANITY_UNCHANGED
lace-trimmed_hairband,レーストリミングされたヘアバンド,RELAXED_KEEP_JA,LOW,LANGUAGE_SANITY_UNCHANGED
lace-trimmed_headwear,レーストリムヘッドウェア,RELAXED_KEEP_JA,LOW,LANGUAGE_SANITY_UNCHANGED
lace-trimmed_jacket,レース・整えた・ジャケット,RELAXED_KEEP_JA,LOW,LANGUAGE_SANITY_UNCHANGED
lace-trimmed_kimono,レーストリミングされた着物,RELAXED_KEEP_JA,LOW,LANGUAGE_SANITY_UNCHANGED
lace-trimmed_leotard,レーストリムレオタード,RELAXED_KEEP_JA,LOW,LANGUAGE_SANITY_UNCHANGED
lace-trimmed_nightgown,レース・整えた・nightgown,RELAXED_KEEP_JA,EXCEPTION,LANGUAGE_SANITY_UNCHANGED
lace-trimmed_ribbon,レーストリムリボン,RELAXED_KEEP_JA,LOW,LANGUAGE_SANITY_UNCHANGED
lace-trimmed_sailor_collar,レース・整えた・sailor・襟,RELAXED_KEEP_JA,EXCEPTION,LANGUAGE_SANITY_UNCHANGED
lace-trimmed_shirt,レーストリムシャツ,RELAXED_KEEP_JA,LOW,LANGUAGE_SANITY_UNCHANGED
lace-trimmed_shirt_collar,レース・整えた・シャツ・襟,RELAXED_KEEP_JA,LOW,LANGUAGE_SANITY_UNCHANGED
lace-trimmed_shorts,レーストリミングされたショートパンツ,RELAXED_KEEP_JA,LOW,LANGUAGE_SANITY_UNCHANGED
lace-trimmed_skirt,レーストリムスカート,RELAXED_KEEP_JA,LOW,LANGUAGE_SANITY_UNCHANGED
lace-trimmed_socks,レース・整えたの靴下,RELAXED_KEEP_JA,LOW,LANGUAGE_SANITY_UNCHANGED
lace-trimmed_swimsuit,レーストリミングされた水着,RELAXED_KEEP_JA,LOW,LANGUAGE_SANITY_UNCHANGED
lace-trimmed_tank_top,レース・整えた・tank・トップス,RELAXED_KEEP_JA,EXCEPTION,LANGUAGE_SANITY_UNCHANGED
lace-trimmed_umbrella,レース・整えた・umbrella,RELAXED_KEEP_JA,EXCEPTION,LANGUAGE_SANITY_UNCHANGED
lace-trimmed_veil,レーストリミングされたベール,RELAXED_KEEP_JA,LOW,LANGUAGE_SANITY_UNCHANGED
lace-trimmed_wrist_cuffs,レース・整えた・手首・カフ,RELAXED_KEEP_JA,LOW,LANGUAGE_SANITY_UNCHANGED
lace-up_gloves,レースアップグローブ,RELAXED_KEEP_JA,LOW,LANGUAGE_SANITY_UNCHANGED
lace-up_heels,レースアップヒール,RELAXED_KEEP_JA,LOW,LANGUAGE_SANITY_UNCHANGED
lace-up_legwear,レースアップレッグウェア,RELAXED_KEEP_JA,LOW,LANGUAGE_SANITY_UNCHANGED
lace-up_pants,レース・上向きのパンツ,RELAXED_KEEP_JA,LOW,LANGUAGE_SANITY_UNCHANGED
lace-up_thighhighs,レースアップの大腿部,RELAXED_KEEP_JA,LOW,LANGUAGE_SANITY_UNCHANGED
lace-up_top,レースアップトップ,RELAXED_KEEP_JA,LOW,LANGUAGE_SANITY_UNCHANGED
lace_arm_warmers,レース・腕のウォーマー,RELAXED_KEEP_JA,LOW,LANGUAGE_SANITY_UNCHANGED
lace_background,レースの背景,RELAXED_KEEP_JA,LOW,LANGUAGE_SANITY_UNCHANGED
lace_bikini,レースビキニ,RELAXED_KEEP_JA,LOW,LANGUAGE_SANITY_UNCHANGED
lace_border,レースボーダー,RELAXED_KEEP_JA,LOW,LANGUAGE_SANITY_UNCHANGED
lace_bow,レース・リボン,RELAXED_KEEP_JA,LOW,LANGUAGE_SANITY_UNCHANGED
lace_bridal_gauntlets,レース・花嫁用のガントレット,RELAXED_KEEP_JA,LOW,LANGUAGE_SANITY_UNCHANGED
lace_choker,レースチョーカー,RELAXED_KEEP_JA,LOW,LANGUAGE_SANITY_UNCHANGED
lace_collar,レースカラー,RELAXED_KEEP_JA,LOW,LANGUAGE_SANITY_UNCHANGED
lace_dress,レースドレス,RELAXED_KEEP_JA,LOW,LANGUAGE_SANITY_UNCHANGED
lace_gloves,レースグローブ,RELAXED_KEEP_JA,LOW,LANGUAGE_SANITY_UNCHANGED
lace_hairband,レースヘアバンド,RELAXED_KEEP_JA,LOW,LANGUAGE_SANITY_UNCHANGED
lace_lappet,レース・lappet,RELAXED_KEEP_JA,EXCEPTION,LANGUAGE_SANITY_UNCHANGED
lace_pantyhose,レースのパンスト,RELAXED_KEEP_JA,LOW,LANGUAGE_SANITY_UNCHANGED
lace_pantyhose_hooked_on_heel_(meme),高跟鞋勾蕾丝,RELAXED_KEEP_JA,HIGH,LANGUAGE_SANITY_UNCHANGED
lace_ribbon,レースリボン,RELAXED_KEEP_JA,LOW,LANGUAGE_SANITY_UNCHANGED
lace_shirt,レース・シャツ,RELAXED_KEEP_JA,LOW,LANGUAGE_SANITY_UNCHANGED
lace_skirt,レース・スカート,RELAXED_KEEP_JA,LOW,LANGUAGE_SANITY_UNCHANGED
lace_sleeves,レースの袖,RELAXED_KEEP_JA,LOW,LANGUAGE_SANITY_UNCHANGED
lace_socks,レースの靴下,RELAXED_KEEP_JA,LOW,LANGUAGE_SANITY_UNCHANGED
lace_thigh_strap,レース・thigh・strap,RELAXED_KEEP_JA,EXCEPTION,LANGUAGE_SANITY_UNCHANGED
lace_thighhighs,レースのニーハイ,RELAXED_KEEP_JA,LOW,LANGUAGE_SANITY_UNCHANGED
lace_veil,レース・ベール,RELAXED_KEEP_JA,LOW,LANGUAGE_SANITY_UNCHANGED
lace_wrist_cuffs,レース・手首・カフ,RELAXED_KEEP_JA,LOW,LANGUAGE_SANITY_UNCHANGED
laces,レース,RELAXED_KEEP_JA,LOW,LANGUAGE_SANITY_UNCHANGED
lacrosse,ラクロス,RELAXED_KEEP_JA,LOW,LANGUAGE_SANITY_UNCHANGED
lacrosse_stick,ラクロススティック,RELAXED_KEEP_JA,LOW,LANGUAGE_SANITY_UNCHANGED
lactic_acid_bacteria,乳酸菌とってるぅ?,RELAXED_KEEP_JA,LOW,LANGUAGE_SANITY_UNCHANGED
lada_(car),ラーダ,RELAXED_KEEP_JA,HIGH,LANGUAGE_SANITY_UNCHANGED
ladder,はしご,RELAXED_KEEP_JA,LOW,LANGUAGE_SANITY_UNCHANGED
ladder_cutout,はしごの切り抜き,RELAXED_KEEP_JA,LOW,LANGUAGE_SANITY_UNCHANGED
ladder_slit,タグ「ladder slit」,RELAXED_KEEP_JA,EXCEPTION,LANGUAGE_SANITY_UNCHANGED
laddered_bodystocking,タグ「laddered bodystocking」,RELAXED_KEEP_JA,EXCEPTION,LANGUAGE_SANITY_UNCHANGED
laddered_pantyhose,ladderedのパンスト,RELAXED_KEEP_JA,EXCEPTION,LANGUAGE_SANITY_UNCHANGED
laddered_thighhighs,ladderedのニーハイ,RELAXED_KEEP_JA,EXCEPTION,LANGUAGE_SANITY_UNCHANGED
lady_yu_doll,ぐっ様人形,RELAXED_KEEP_JA,LOW,LANGUAGE_SANITY_UNCHANGED
ladybug,てんとう虫,RELAXED_KEEP_JA,LOW,LANGUAGE_SANITY_UNCHANGED
ladybug/beauty_(love_live!),レディバグ/麗,RELAXED_KEEP_JA,HIGH,LANGUAGE_SANITY_UNCHANGED
ladybug_(original)_(love_live!),タグ「ladybug (original) (love live!)」,RELAXED_KEEP_JA,EXCEPTION,LANGUAGE_SANITY_UNCHANGED
ladybug_girl,タグ「ladybug girl」,RELAXED_KEEP_JA,EXCEPTION,LANGUAGE_SANITY_UNCHANGED
ladybug_ornament,ladybug・飾り,RELAXED_KEEP_JA,EXCEPTION,LANGUAGE_SANITY_UNCHANGED
laetitia_(e.g.o),laetitia (e.g.o),RELAXED_CANONICAL_FALLBACK,EXCEPTION,LANGUAGE_SANITY_CANONICAL_FALLBACK
laevatein_(touhou),レーヴァテイン,RELAXED_KEEP_JA,HIGH,LANGUAGE_SANITY_UNCHANGED
lagombi_(armor),ウルク装備,RELAXED_KEEP_JA,HIGH,LANGUAGE_SANITY_UNCHANGED
laguz_(fire_emblem),ラグズ,RELAXED_KEEP_JA,HIGH,LANGUAGE_SANITY_UNCHANGED
lahti-saloranta_m/26,サロランタ軽機関銃,RELAXED_KEEP_JA,HIGH,LANGUAGE_SANITY_UNCHANGED
lake,湖,RELAXED_KEEP_JA,LOW,LANGUAGE_SANITY_UNCHANGED
lala_satalin_deviluke_(cosplay),lala satalin deviluke (cosplay),RELAXED_CANONICAL_FALLBACK,EXCEPTION,LANGUAGE_SANITY_CANONICAL_FALLBACK
lamb,子羊,RELAXED_KEEP_JA,LOW,LANGUAGE_SANITY_UNCHANGED
lambda_symbol,lambda・記号,RELAXED_KEEP_JA,EXCEPTION,LANGUAGE_SANITY_UNCHANGED
lambent_light,ランベントライト,RELAXED_KEEP_JA,LOW,LANGUAGE_SANITY_UNCHANGED
lamborghini,ランボルギーニ,RELAXED_KEEP_JA,LOW,LANGUAGE_SANITY_UNCHANGED
lamborghini_aventador,ランボルギーニ・アベンタドール,RELAXED_KEEP_JA,LOW,LANGUAGE_SANITY_UNCHANGED
lamborghini_countach,ランボルギーニ・カウンタック,RELAXED_KEEP_JA,LOW,LANGUAGE_SANITY_UNCHANGED
lamellar_armor,ラメラアーマー,RELAXED_KEEP_JA,LOW,LANGUAGE_SANITY_UNCHANGED
lamia_boy,ナーガ,RELAXED_KEEP_JA,LOW,LANGUAGE_SANITY_UNCHANGED
lamp_(e.g.o),lamp (e.g.o),RELAXED_CANONICAL_FALLBACK,EXCEPTION,LANGUAGE_SANITY_CANONICAL_FALLBACK
lamprey,ヤツメウナギ,RELAXED_KEEP_JA,LOW,LANGUAGE_SANITY_UNCHANGED
lampshade,ランプシェード,RELAXED_KEEP_JA,LOW,LANGUAGE_SANITY_UNCHANGED
lance,ランス,RELAXED_KEEP_JA,LOW,LANGUAGE_SANITY_UNCHANGED
lance_of_longinus_(evangelion),ロンギヌスの槍,RELAXED_KEEP_JA,HIGH,LANGUAGE_SANITY_UNCHANGED
lancer_(gears_of_war),ランサーアサルトライフル,RELAXED_KEEP_JA,HIGH,LANGUAGE_SANITY_UNCHANGED
lanchester_smg,ランチェスター,RELAXED_KEEP_JA,LOW,LANGUAGE_SANITY_UNCHANGED
lancia_(brand),ランチャ,RELAXED_KEEP_JA,HIGH,LANGUAGE_SANITY_UNCHANGED
land_of_illusion_(e.g.o),land of illusion (e.g.o),RELAXED_CANONICAL_FALLBACK,EXCEPTION,LANGUAGE_SANITY_CANONICAL_FALLBACK
land_rover_(company),ランドローバー,RELAXED_KEEP_JA,HIGH,LANGUAGE_SANITY_UNCHANGED
land_striker,土地のストライカー,RELAXED_KEEP_JA,LOW,LANGUAGE_SANITY_UNCHANGED
landing,着陸,RELAXED_KEEP_JA,LOW,LANGUAGE_SANITY_UNCHANGED
landing_craft,着陸船,RELAXED_KEEP_JA,LOW,LANGUAGE_SANITY_UNCHANGED
landing_gear,着陸装置,RELAXED_KEEP_JA,LOW,LANGUAGE_SANITY_UNCHANGED
landing_net,タグ「landing net」,RELAXED_KEEP_JA,EXCEPTION,LANGUAGE_SANITY_UNCHANGED
landing_strip_pubic_hair,landing・strip・pubic・髪,RELAXED_KEEP_JA,EXCEPTION,LANGUAGE_SANITY_UNCHANGED
landolt_c,ランドルト環,RELAXED_KEEP_JA,LOW,LANGUAGE_SANITY_UNCHANGED
landscape,景観,RELAXED_KEEP_JA,LOW,LANGUAGE_SANITY_UNCHANGED
landship,ランドシップ,RELAXED_KEEP_JA,LOW,LANGUAGE_SANITY_UNCHANGED
landsknecht,ランツクネヒト,RELAXED_KEEP_JA,LOW,LANGUAGE_SANITY_UNCHANGED
lane_line,コースロープ,RELAXED_KEEP_JA,LOW,LANGUAGE_SANITY_UNCHANGED
lantern_(e.g.o),lantern (e.g.o),RELAXED_CANONICAL_FALLBACK,EXCEPTION,LANGUAGE_SANITY_CANONICAL_FALLBACK
lantern_earrings,ランタンイヤリング,RELAXED_KEEP_JA,LOW,LANGUAGE_SANITY_UNCHANGED
lantern_festival,元宵節,RELAXED_KEEP_JA,LOW,LANGUAGE_SANITY_UNCHANGED
lantern_on_liquid,灯篭流し,RELAXED_KEEP_JA,LOW,LANGUAGE_SANITY_UNCHANGED
lap_pillow_invitation,ラップ枕の招待状,RELAXED_KEEP_JA,LOW,LANGUAGE_SANITY_UNCHANGED
lap_pov,ラップPOV,RELAXED_KEEP_JA,EXCEPTION,LANGUAGE_SANITY_UNCHANGED
lapel_chain,lapel・チェーン,RELAXED_KEEP_JA,EXCEPTION,LANGUAGE_SANITY_UNCHANGED
lapel_pin,ラペルピン,RELAXED_KEEP_JA,LOW,LANGUAGE_SANITY_UNCHANGED
lapels,ラペル,RELAXED_KEEP_JA,LOW,LANGUAGE_SANITY_UNCHANGED
lapis_lazuli_(gemstone),ラピスラズリ,RELAXED_KEEP_JA,HIGH,LANGUAGE_SANITY_UNCHANGED
lappet,肉垂,RELAXED_KEEP_JA,LOW,LANGUAGE_SANITY_UNCHANGED
lapwing_face_tracking_redraws,lapwing・顔・tracking・redraws,RELAXED_KEEP_JA,EXCEPTION,LANGUAGE_SANITY_UNCHANGED
large_arm,大きい・腕,RELAXED_KEEP_JA,LOW,LANGUAGE_SANITY_UNCHANGED
large_belt,大きなベルト,RELAXED_KEEP_JA,LOW,LANGUAGE_SANITY_UNCHANGED
large_bulge,大きな膨らみ,RELAXED_KEEP_JA,LOW,LANGUAGE_SANITY_UNCHANGED
large_buttons,大きなボタン,RELAXED_KEEP_JA,LOW,LANGUAGE_SANITY_UNCHANGED
large_cross,大きい・クロス,RELAXED_KEEP_JA,LOW,LANGUAGE_SANITY_UNCHANGED
large_earrings,largeのイヤリング,RELAXED_KEEP_JA,EXCEPTION,LANGUAGE_SANITY_UNCHANGED
large_feet,大きい・足,RELAXED_KEEP_JA,LOW,LANGUAGE_SANITY_UNCHANGED
large_forehead,大きな額,RELAXED_KEEP_JA,LOW,LANGUAGE_SANITY_UNCHANGED
large_hands,大きい・両手,RELAXED_KEEP_JA,LOW,LANGUAGE_SANITY_UNCHANGED
large_head_wings,大きい・頭・翼,RELAXED_KEEP_JA,LOW,LANGUAGE_SANITY_UNCHANGED
large_horns,タグ「large horns」,RELAXED_KEEP_JA,EXCEPTION,LANGUAGE_SANITY_UNCHANGED
large_module_(eve_online),大型モジュール（EVE Online）,RELAXED_KEEP_JA,EXCEPTION,LANGUAGE_SANITY_UNCHANGED
large_nose,大きい・鼻,RELAXED_KEEP_JA,LOW,LANGUAGE_SANITY_UNCHANGED
large_ribbon,大きい・リボン,RELAXED_KEEP_JA,LOW,LANGUAGE_SANITY_UNCHANGED
large_shoes,大きい・靴,RELAXED_KEEP_JA,LOW,LANGUAGE_SANITY_UNCHANGED
large_teddy_bear,タグ「large teddy bear」,RELAXED_KEEP_JA,EXCEPTION,LANGUAGE_SANITY_UNCHANGED
lariat,ラリアット,RELAXED_KEEP_JA,LOW,LANGUAGE_SANITY_UNCHANGED
lariat_(necklace),タグ「lariat (necklace)」,RELAXED_KEEP_JA,EXCEPTION,LANGUAGE_SANITY_UNCHANGED
larkspur_(flower),デルフィニウム,RELAXED_KEEP_JA,HIGH,LANGUAGE_SANITY_UNCHANGED
larva,幼生,RELAXED_KEEP_JA,LOW,LANGUAGE_SANITY_UNCHANGED
las_plagas,プラーガ,RELAXED_KEEP_JA,LOW,LANGUAGE_SANITY_UNCHANGED
las_vegas,ラスベガス,RELAXED_KEEP_JA,LOW,LANGUAGE_SANITY_UNCHANGED
lasagne,ラザニア,RELAXED_KEEP_JA,LOW,LANGUAGE_SANITY_UNCHANGED
laser_cannon,タグ「laser cannon」,RELAXED_KEEP_JA,EXCEPTION,LANGUAGE_SANITY_UNCHANGED
laser_hallway,レーザートラップ,RELAXED_KEEP_JA,LOW,LANGUAGE_SANITY_UNCHANGED
laser_musket,タグ「laser musket」,RELAXED_KEEP_JA,EXCEPTION,LANGUAGE_SANITY_UNCHANGED
laser_pointer_projection,タグ「laser pointer projection」,RELAXED_KEEP_JA,EXCEPTION,LANGUAGE_SANITY_UNCHANGED
laser_rifle,レーザーライフル,RELAXED_KEEP_JA,LOW,LANGUAGE_SANITY_UNCHANGED
laser_sight,レーザーサイト,RELAXED_KEEP_JA,LOW,LANGUAGE_SANITY_UNCHANGED
laserdisc_cover,Laserdiscカバー,RELAXED_KEEP_JA,EXCEPTION,LANGUAGE_SANITY_UNCHANGED
lasgun,ラスガン,RELAXED_KEEP_JA,LOW,LANGUAGE_SANITY_UNCHANGED
lashers,タグ「lashers」,RELAXED_KEEP_JA,LOW,LANGUAGE_SANITY_UNCHANGED
lass_(pokemon)_(cosplay),ラス（ポケモン）（コスプレ）,RELAXED_KEEP_JA,HIGH,LANGUAGE_SANITY_UNCHANGED
lasso,投げ縄,RELAXED_KEEP_JA,LOW,LANGUAGE_SANITY_UNCHANGED
lasso_of_truth,真実のラッソ,RELAXED_KEEP_JA,LOW,LANGUAGE_SANITY_UNCHANGED
last_defense_academy_school_uniform,学生鎧,RELAXED_KEEP_JA,LOW,LANGUAGE_SANITY_UNCHANGED
last_shooting,ラストシューティング,RELAXED_KEEP_JA,LOW,LANGUAGE_SANITY_UNCHANGED
lat_model_(mikumikudance),Lat式ミク,RELAXED_KEEP_JA,EXCEPTION,LANGUAGE_SANITY_UNCHANGED
late_for_school,ちこくちこく,RELAXED_KEEP_JA,LOW,LANGUAGE_SANITY_UNCHANGED
latex_boots,ラテックスブーツ,RELAXED_KEEP_JA,LOW,LANGUAGE_SANITY_UNCHANGED
latex_bra,ラテックスブラ,RELAXED_KEEP_JA,LOW,LANGUAGE_SANITY_UNCHANGED
latex_corset,ラテックスコルセット,RELAXED_KEEP_JA,LOW,LANGUAGE_SANITY_UNCHANGED
latex_dress,ラバードレス,RELAXED_KEEP_JA,LOW,LANGUAGE_SANITY_UNCHANGED
latex_jacket,ラテックス・ジャケット,RELAXED_KEEP_JA,LOW,LANGUAGE_SANITY_UNCHANGED
latex_panties,ラテックスパンティー,RELAXED_KEEP_JA,LOW,LANGUAGE_SANITY_UNCHANGED
latex_pants,ラテックスパンツ,RELAXED_KEEP_JA,LOW,LANGUAGE_SANITY_UNCHANGED
latex_shirt,ラテックス・シャツ,RELAXED_KEEP_JA,LOW,LANGUAGE_SANITY_UNCHANGED
latex_shorts,ラテックスショートパンツ,RELAXED_KEEP_JA,LOW,LANGUAGE_SANITY_UNCHANGED
latex_skirt,ラテックススカート,RELAXED_KEEP_JA,LOW,LANGUAGE_SANITY_UNCHANGED
latex_sleeves,ラテックス・sleeves,RELAXED_KEEP_JA,EXCEPTION,LANGUAGE_SANITY_UNCHANGED
latex_thigh_boots,latex thighのブーツ,RELAXED_KEEP_JA,EXCEPTION,LANGUAGE_SANITY_UNCHANGED
latex_top,ラテックストップ,RELAXED_KEEP_JA,LOW,LANGUAGE_SANITY_UNCHANGED
latin_cross,ラテン十字,RELAXED_KEEP_JA,LOW,LANGUAGE_SANITY_UNCHANGED
latin_text,ラテン語,RELAXED_KEEP_JA,LOW,LANGUAGE_SANITY_UNCHANGED
lats,広背筋,RELAXED_KEEP_JA,LOW,LANGUAGE_SANITY_UNCHANGED
latte_art,ラテアート,RELAXED_KEEP_JA,LOW,LANGUAGE_SANITY_UNCHANGED
lattice_mast,格子マスト,RELAXED_KEEP_JA,LOW,LANGUAGE_SANITY_UNCHANGED
laughing_man_(gits),笑う男（貝殻の幽霊）,RELAXED_KEEP_JA,HIGH,LANGUAGE_SANITY_UNCHANGED
launching,打ち上げ,RELAXED_KEEP_JA,LOW,LANGUAGE_SANITY_UNCHANGED
laundromat,コインランドリー,RELAXED_KEEP_JA,LOW,LANGUAGE_SANITY_UNCHANGED
laundry,洗衣,RELAXED_KEEP_JA,LOW,LANGUAGE_SANITY_UNCHANGED
laundry_basket,洗濯かご,RELAXED_KEEP_JA,LOW,LANGUAGE_SANITY_UNCHANGED
laundry_pole,laundry pole,RELAXED_CANONICAL_FALLBACK,LOW,LANGUAGE_SANITY_CANONICAL_FALLBACK
laurels,ローレル,RELAXED_KEEP_JA,LOW,LANGUAGE_SANITY_UNCHANGED
lauren_phillips_lifting_alice_merchesi_(meme),lauren phillips lifting alice merchesi (meme),RELAXED_CANONICAL_FALLBACK,EXCEPTION,LANGUAGE_SANITY_CANONICAL_FALLBACK
lava,マグマ,RELAXED_KEEP_JA,LOW,LANGUAGE_SANITY_UNCHANGED
lava_bath,溶岩風呂,RELAXED_KEEP_JA,LOW,LANGUAGE_SANITY_UNCHANGED
lava_lamp,ラバライト,RELAXED_KEEP_JA,LOW,LANGUAGE_SANITY_UNCHANGED
lavafall,タグ「lavafall」,RELAXED_KEEP_JA,LOW,LANGUAGE_SANITY_UNCHANGED
lavender_(flower),ラベンダー,RELAXED_KEEP_JA,HIGH,LANGUAGE_SANITY_UNCHANGED
lavender_melon_(genshin_impact),lavender melon (genshin impact),RELAXED_CANONICAL_FALLBACK,EXCEPTION,LANGUAGE_SANITY_CANONICAL_FALLBACK
lawn,芝生,RELAXED_KEEP_JA,LOW,LANGUAGE_SANITY_UNCHANGED
lawnmower,芝刈り機,RELAXED_KEEP_JA,LOW,LANGUAGE_SANITY_UNCHANGED
lawyer,弁護士,RELAXED_KEEP_JA,LOW,LANGUAGE_SANITY_UNCHANGED
lay's_(potato_chips),タグ「lay's (potato chips)」,RELAXED_KEEP_JA,EXCEPTION,LANGUAGE_SANITY_UNCHANGED
layer_cake,レヤーケーキ,RELAXED_KEEP_JA,LOW,LANGUAGE_SANITY_UNCHANGED
layered_armor,layeredの鎧,RELAXED_KEEP_JA,EXCEPTION,LANGUAGE_SANITY_UNCHANGED
layered_ascot,タグ「layered ascot」,RELAXED_KEEP_JA,EXCEPTION,LANGUAGE_SANITY_UNCHANGED
layered_capelet,層状のカペレット,RELAXED_KEEP_JA,LOW,LANGUAGE_SANITY_UNCHANGED
layered_clothes,重ねられた服,RELAXED_KEEP_JA,LOW,LANGUAGE_SANITY_UNCHANGED
layered_gloves,層状の手袋,RELAXED_KEEP_JA,LOW,LANGUAGE_SANITY_UNCHANGED
layered_hair,layered・髪,RELAXED_KEEP_JA,EXCEPTION,LANGUAGE_SANITY_UNCHANGED
layered_kimono,十二単,RELAXED_KEEP_JA,LOW,LANGUAGE_SANITY_UNCHANGED
layered_legwear,レイヤードレッグウェア,RELAXED_KEEP_JA,LOW,LANGUAGE_SANITY_UNCHANGED
layered_panties,層状のパンティー,RELAXED_KEEP_JA,LOW,LANGUAGE_SANITY_UNCHANGED
layered_shirt,重ね着,RELAXED_KEEP_JA,LOW,LANGUAGE_SANITY_UNCHANGED
layered_shorts,タグ「layered shorts」,RELAXED_KEEP_JA,EXCEPTION,LANGUAGE_SANITY_UNCHANGED
layered_sideboob,タグ「layered sideboob」,RELAXED_KEEP_JA,EXCEPTION,LANGUAGE_SANITY_UNCHANGED
layered_swimsuit,レイヤード水着,RELAXED_KEEP_JA,LOW,LANGUAGE_SANITY_UNCHANGED
layout_plan,間取り,RELAXED_KEEP_JA,LOW,LANGUAGE_SANITY_UNCHANGED
lazulight,lazulight,RELAXED_CANONICAL_FALLBACK,EXCEPTION,LANGUAGE_SANITY_CANONICAL_FALLBACK
lazy,怠け者,RELAXED_KEEP_JA,LOW,LANGUAGE_SANITY_UNCHANGED
lazy_eye,ガチャ目,RELAXED_KEEP_JA,LOW,LANGUAGE_SANITY_UNCHANGED
lcb_uniform_(project_moon),LCBパロ,RELAXED_KEEP_JA,EXCEPTION,LANGUAGE_SANITY_UNCHANGED
lcd,タグ「lcd」,RELAXED_KEEP_JA,LOW,LANGUAGE_SANITY_UNCHANGED
lce_(identity)_(project_moon),lce (identity) (project moon),RELAXED_CANONICAL_FALLBACK,EXCEPTION,LANGUAGE_SANITY_CANONICAL_FALLBACK
lcl,タグ「lcl」,RELAXED_KEEP_JA,EXCEPTION,LANGUAGE_SANITY_UNCHANGED
le_malin_(azur_lane)_(cosplay),le malin (azur lane) (cosplay),RELAXED_CANONICAL_FALLBACK,EXCEPTION,LANGUAGE_SANITY_CANONICAL_FALLBACK
le_mans_prototype,ル・マン,RELAXED_KEEP_JA,LOW,LANGUAGE_SANITY_UNCHANGED
lead_pipe,鉄パイプ,RELAXED_KEEP_JA,LOW,LANGUAGE_SANITY_UNCHANGED
leaf_(pokemon)_(cosplay),リーフ（ポケモン）（コスプレ）,RELAXED_KEEP_JA,HIGH,LANGUAGE_SANITY_UNCHANGED
leaf_background,葉の背景,RELAXED_KEEP_JA,LOW,LANGUAGE_SANITY_UNCHANGED
leaf_bikini,葉っぱビキニ,RELAXED_KEEP_JA,LOW,LANGUAGE_SANITY_UNCHANGED
leaf_bra,リーフブラ,RELAXED_KEEP_JA,LOW,LANGUAGE_SANITY_UNCHANGED
leaf_bracelet,树葉手环,RELAXED_KEEP_JA,LOW,LANGUAGE_SANITY_UNCHANGED
leaf_censor,ディフェンスに定評のある葉っぱ,RELAXED_KEEP_JA,LOW,LANGUAGE_SANITY_UNCHANGED
leaf_clothing,葉の服,RELAXED_KEEP_JA,LOW,LANGUAGE_SANITY_UNCHANGED
leaf_dress,leaf・ドレス,RELAXED_KEEP_JA,EXCEPTION,LANGUAGE_SANITY_UNCHANGED
leaf_fan,葉扇子,RELAXED_KEEP_JA,LOW,LANGUAGE_SANITY_UNCHANGED
leaf_flute,草笛,RELAXED_KEEP_JA,LOW,LANGUAGE_SANITY_UNCHANGED
leaf_hair_ornament,葉の髪の飾り,RELAXED_KEEP_JA,LOW,LANGUAGE_SANITY_UNCHANGED
leaf_hat,葉の帽子,RELAXED_KEEP_JA,LOW,LANGUAGE_SANITY_UNCHANGED
leaf_hat_ornament,葉の帽子飾り,RELAXED_KEEP_JA,LOW,LANGUAGE_SANITY_UNCHANGED
leaf_in_hair,leafの中の髪,RELAXED_KEEP_JA,EXCEPTION,LANGUAGE_SANITY_UNCHANGED
leaf_in_mouth,leafの中のmouth,RELAXED_KEEP_JA,EXCEPTION,LANGUAGE_SANITY_UNCHANGED
leaf_leotard,leaf・レオタード,RELAXED_KEEP_JA,EXCEPTION,LANGUAGE_SANITY_UNCHANGED
leaf_necklace,leaf・ネックレス,RELAXED_KEEP_JA,EXCEPTION,LANGUAGE_SANITY_UNCHANGED
leaf_on_liquid,leafの上の液体,RELAXED_KEEP_JA,EXCEPTION,LANGUAGE_SANITY_UNCHANGED
leaf_ornament,leaf・飾り,RELAXED_KEEP_JA,EXCEPTION,LANGUAGE_SANITY_UNCHANGED
leaf_panties,葉のパンティー,RELAXED_KEEP_JA,LOW,LANGUAGE_SANITY_UNCHANGED
leaf_pile,タグ「leaf pile」,RELAXED_KEEP_JA,EXCEPTION,LANGUAGE_SANITY_UNCHANGED
leaf_print,リーフプリント,RELAXED_KEEP_JA,LOW,LANGUAGE_SANITY_UNCHANGED
leaf_shirt,leaf・シャツ,RELAXED_KEEP_JA,EXCEPTION,LANGUAGE_SANITY_UNCHANGED
leaf_skirt,リーフスカート,RELAXED_KEEP_JA,LOW,LANGUAGE_SANITY_UNCHANGED
leaf_tattoo,leafのタトゥー,RELAXED_KEEP_JA,EXCEPTION,LANGUAGE_SANITY_UNCHANGED
leaf_umbrella,葉っぱの傘,RELAXED_KEEP_JA,LOW,LANGUAGE_SANITY_UNCHANGED
leaf_wings,leaf・翼,RELAXED_KEEP_JA,EXCEPTION,LANGUAGE_SANITY_UNCHANGED
leaf_wreath,树葉花环,RELAXED_KEEP_JA,LOW,LANGUAGE_SANITY_UNCHANGED
leafy_seadragon,リーフィーシードラゴン,RELAXED_KEEP_JA,LOW,LANGUAGE_SANITY_UNCHANGED
league_card,ポケモンリーグカード,RELAXED_KEEP_JA,LOW,LANGUAGE_SANITY_UNCHANGED
league_club_uniform,league clubの制服,RELAXED_KEEP_JA,EXCEPTION,LANGUAGE_SANITY_UNCHANGED
leaking,漏れ,RELAXED_KEEP_JA,LOW,LANGUAGE_SANITY_UNCHANGED
leaning_against_motorcycle,靠在摩托車上,RELAXED_KEEP_JA,LOW,LANGUAGE_SANITY_UNCHANGED
leaning_against_vehicle,靠在車辆上,RELAXED_KEEP_JA,LOW,LANGUAGE_SANITY_UNCHANGED
leaning_in,傾いている,RELAXED_KEEP_JA,LOW,LANGUAGE_SANITY_UNCHANGED
leaning_on_animal,leaningの上の動物,RELAXED_KEEP_JA,EXCEPTION,LANGUAGE_SANITY_UNCHANGED
leaning_on_ball,leaningの上のボール,RELAXED_KEEP_JA,EXCEPTION,LANGUAGE_SANITY_UNCHANGED
leaning_on_broom,leaningの上のbroom,RELAXED_KEEP_JA,EXCEPTION,LANGUAGE_SANITY_UNCHANGED
leaning_on_person,凭れる,RELAXED_KEEP_JA,LOW,LANGUAGE_SANITY_UNCHANGED
leaning_on_self,leaningの上のself,RELAXED_KEEP_JA,EXCEPTION,LANGUAGE_SANITY_UNCHANGED
leaning_on_weapon,武器に寄りかかる,RELAXED_KEEP_JA,LOW,LANGUAGE_SANITY_UNCHANGED
leaning_out_of_window,タグ「leaning out of window」,RELAXED_KEEP_JA,EXCEPTION,LANGUAGE_SANITY_UNCHANGED
leaning_to_the_side,身体倾斜,RELAXED_KEEP_JA,LOW,LANGUAGE_SANITY_UNCHANGED
leaning_tower_of_pisa,ピサの斜塔,RELAXED_KEEP_JA,LOW,LANGUAGE_SANITY_UNCHANGED
leap_frog,馬跳び,RELAXED_KEEP_JA,LOW,LANGUAGE_SANITY_UNCHANGED
leash_between_breasts,リードの間の胸,RELAXED_KEEP_JA,HIGH,LANGUAGE_SANITY_UNCHANGED
leash_in_mouth,リードの中のmouth,RELAXED_KEEP_JA,EXCEPTION,LANGUAGE_SANITY_UNCHANGED
leather_(palico_armor),タグ「leather (palico armor)」,RELAXED_KEEP_JA,EXCEPTION,LANGUAGE_SANITY_UNCHANGED
leather_armor,革の鎧,RELAXED_KEEP_JA,LOW,LANGUAGE_SANITY_UNCHANGED
leather_bag,レザーバッグ,RELAXED_KEEP_JA,LOW,LANGUAGE_SANITY_UNCHANGED
leather_belt,革ベルト,RELAXED_KEEP_JA,LOW,LANGUAGE_SANITY_UNCHANGED
leather_bikini,革のビキニ,RELAXED_KEEP_JA,LOW,LANGUAGE_SANITY_UNCHANGED
leather_boots,レザーブーツ,RELAXED_KEEP_JA,LOW,LANGUAGE_SANITY_UNCHANGED
leather_bra,leather・ブラ,RELAXED_KEEP_JA,EXCEPTION,LANGUAGE_SANITY_UNCHANGED
leather_chair,革の椅子,RELAXED_KEEP_JA,LOW,LANGUAGE_SANITY_UNCHANGED
leather_choker,革のチョーカー,RELAXED_KEEP_JA,LOW,LANGUAGE_SANITY_UNCHANGED
leather_coat,leather・コート,RELAXED_KEEP_JA,EXCEPTION,LANGUAGE_SANITY_UNCHANGED
leather_collar,革の襟,RELAXED_KEEP_JA,LOW,LANGUAGE_SANITY_UNCHANGED
leather_daddy,タグ「leather daddy」,RELAXED_KEEP_JA,EXCEPTION,LANGUAGE_SANITY_UNCHANGED
leather_dress,leather・ドレス,RELAXED_KEEP_JA,EXCEPTION,LANGUAGE_SANITY_UNCHANGED
leather_footwear,革の履物,RELAXED_KEEP_JA,LOW,LANGUAGE_SANITY_UNCHANGED
leather_gloves,皮手套,RELAXED_KEEP_JA,LOW,LANGUAGE_SANITY_UNCHANGED
leather_jacket,革ジャン,RELAXED_KEEP_JA,LOW,LANGUAGE_SANITY_UNCHANGED
leather_leotard,leather・レオタード,RELAXED_KEEP_JA,EXCEPTION,LANGUAGE_SANITY_UNCHANGED
leather_pants,レザーパンツ,RELAXED_KEEP_JA,LOW,LANGUAGE_SANITY_UNCHANGED
leather_shirt,leather・シャツ,RELAXED_KEEP_JA,EXCEPTION,LANGUAGE_SANITY_UNCHANGED
leather_shorts,革のショートパンツ,RELAXED_KEEP_JA,LOW,LANGUAGE_SANITY_UNCHANGED
leather_skirt,革のスカート,RELAXED_KEEP_JA,LOW,LANGUAGE_SANITY_UNCHANGED
leather_strap,レザーストラップ,RELAXED_KEEP_JA,LOW,LANGUAGE_SANITY_UNCHANGED
leather_suit,革のスーツ,RELAXED_KEEP_JA,LOW,LANGUAGE_SANITY_UNCHANGED
leather_vest,レザーベスト,RELAXED_KEEP_JA,LOW,LANGUAGE_SANITY_UNCHANGED
leather_wrist_straps,leather・手首・straps,RELAXED_KEEP_JA,EXCEPTION,LANGUAGE_SANITY_UNCHANGED
leatherclub_scene_(meme),leatherclub scene (meme),RELAXED_CANONICAL_FALLBACK,EXCEPTION,LANGUAGE_SANITY_CANONICAL_FALLBACK
leaving,去る,RELAXED_KEEP_JA,LOW,LANGUAGE_SANITY_UNCHANGED
lecturing,講義,RELAXED_KEEP_JA,LOW,LANGUAGE_SANITY_UNCHANGED
led,タグ「led」,RELAXED_KEEP_JA,LOW,LANGUAGE_SANITY_UNCHANGED
ledge,棚,RELAXED_KEEP_JA,LOW,LANGUAGE_SANITY_UNCHANGED
lee-enfield,リー・エンフィールド,RELAXED_KEEP_JA,LOW,LANGUAGE_SANITY_UNCHANGED
leech,ヒル,RELAXED_KEEP_JA,LOW,LANGUAGE_SANITY_UNCHANGED
leech_girl,リーチガール,RELAXED_KEEP_JA,LOW,LANGUAGE_SANITY_UNCHANGED
leekspin_(meme),ロイツマ,RELAXED_KEEP_JA,HIGH,LANGUAGE_SANITY_UNCHANGED
left-hand_drive,左ハンドル,RELAXED_KEEP_JA,LOW,LANGUAGE_SANITY_UNCHANGED
left-handed,左利き,RELAXED_KEEP_JA,LOW,LANGUAGE_SANITY_UNCHANGED
left-to-right_manga,左から右への漫画,RELAXED_KEEP_JA,LOW,LANGUAGE_SANITY_UNCHANGED
left_out,除外,RELAXED_KEEP_JA,LOW,LANGUAGE_SANITY_UNCHANGED
leg_blade,タグ「leg blade」,RELAXED_KEEP_JA,EXCEPTION,LANGUAGE_SANITY_UNCHANGED
leg_bow,脚・リボン,RELAXED_KEEP_JA,LOW,LANGUAGE_SANITY_UNCHANGED
leg_brace,レッグブレース,RELAXED_KEEP_JA,LOW,LANGUAGE_SANITY_UNCHANGED
leg_cast,タグ「leg cast」,RELAXED_KEEP_JA,EXCEPTION,LANGUAGE_SANITY_UNCHANGED
leg_cutout,脚の開口,RELAXED_KEEP_JA,LOW,CANONICAL_LANGUAGE_MAP
leg_focus,leg・焦点,RELAXED_KEEP_JA,EXCEPTION,LANGUAGE_SANITY_UNCHANGED
leg_fur,leg・毛,RELAXED_KEEP_JA,EXCEPTION,LANGUAGE_SANITY_UNCHANGED
leg_holster,タグ「leg holster」,RELAXED_KEEP_JA,EXCEPTION,LANGUAGE_SANITY_UNCHANGED
leg_markings,タグ「leg markings」,RELAXED_KEEP_JA,EXCEPTION,LANGUAGE_SANITY_UNCHANGED
leg_on_another's_leg,legの上の他人のleg,RELAXED_KEEP_JA,EXCEPTION,LANGUAGE_SANITY_UNCHANGED
leg_on_another's_shoulder,legの上の他人の肩,RELAXED_KEEP_JA,EXCEPTION,LANGUAGE_SANITY_UNCHANGED
leg_support,タグ「leg support」,RELAXED_KEEP_JA,EXCEPTION,LANGUAGE_SANITY_UNCHANGED
leg_wings,脚・翼,RELAXED_KEEP_JA,LOW,LANGUAGE_SANITY_UNCHANGED
leg_wrap,レッグラップ,RELAXED_KEEP_JA,LOW,LANGUAGE_SANITY_UNCHANGED
legband,レッグバンド,RELAXED_KEEP_JA,LOW,LANGUAGE_SANITY_UNCHANGED
legbinder,タグ「legbinder」,RELAXED_KEEP_JA,LOW,LANGUAGE_SANITY_UNCHANGED
legendary_super_saiyan,ケール:暴走,RELAXED_KEEP_JA,LOW,LANGUAGE_SANITY_UNCHANGED
leggings_under_shorts,leggingsの下のshorts,RELAXED_KEEP_JA,EXCEPTION,LANGUAGE_SANITY_UNCHANGED
leggings_under_skirt,leggingsの下のスカート,RELAXED_KEEP_JA,EXCEPTION,LANGUAGE_SANITY_UNCHANGED
legionnaire,レジオネラ,RELAXED_KEEP_JA,LOW,LANGUAGE_SANITY_UNCHANGED
legjob,タグ「legjob」,RELAXED_KEEP_JA,LOW,LANGUAGE_SANITY_UNCHANGED
legless_amputee,足なし,RELAXED_KEEP_JA,LOW,LANGUAGE_SANITY_UNCHANGED
lego,レゴ,RELAXED_KEEP_JA,LOW,LANGUAGE_SANITY_UNCHANGED
lego_brick,レゴブリック,RELAXED_KEEP_JA,LOW,LANGUAGE_SANITY_UNCHANGED
lego_minifig,ミニフィグ,RELAXED_KEEP_JA,LOW,LANGUAGE_SANITY_UNCHANGED
legs_on_another's_lap,脚の上の他人のlap,RELAXED_KEEP_JA,EXCEPTION,LANGUAGE_SANITY_UNCHANGED
legs_on_another's_shoulders,脚の上の他人のshoulders,RELAXED_KEEP_JA,EXCEPTION,LANGUAGE_SANITY_UNCHANGED
legs_on_table,テーブルの脚,RELAXED_KEEP_JA,LOW,LANGUAGE_SANITY_UNCHANGED
legskin,脚キン,RELAXED_KEEP_JA,LOW,LANGUAGE_SANITY_UNCHANGED
legwear_cutout,タグ「legwear cutout」,RELAXED_KEEP_JA,EXCEPTION,LANGUAGE_SANITY_UNCHANGED
lekku_(anatomy),タグ「lekku (anatomy)」,RELAXED_KEEP_JA,EXCEPTION,LANGUAGE_SANITY_UNCHANGED
lemon,レモン,RELAXED_KEEP_JA,LOW,LANGUAGE_SANITY_UNCHANGED
lemon_blossoms,レモンの花,RELAXED_KEEP_JA,LOW,LANGUAGE_SANITY_UNCHANGED
lemon_earrings,レモンイヤリング,RELAXED_KEEP_JA,LOW,LANGUAGE_SANITY_UNCHANGED
lemon_hair_ornament,レモンの髪の飾り,RELAXED_KEEP_JA,LOW,LANGUAGE_SANITY_UNCHANGED
lemon_print,レモンプリント,RELAXED_KEEP_JA,LOW,LANGUAGE_SANITY_UNCHANGED
lemon_slice,レモンスライス,RELAXED_KEEP_JA,LOW,LANGUAGE_SANITY_UNCHANGED
lemon_tree,タグ「lemon tree」,RELAXED_KEEP_JA,EXCEPTION,LANGUAGE_SANITY_UNCHANGED
lemonade,レモン水,RELAXED_KEEP_JA,LOW,LANGUAGE_SANITY_UNCHANGED
lemur,キツネザル,RELAXED_KEEP_JA,LOW,LANGUAGE_SANITY_UNCHANGED
lemur_ears,キツネザル,RELAXED_KEEP_JA,LOW,LANGUAGE_SANITY_UNCHANGED
lemur_girl,タグ「lemur girl」,RELAXED_KEEP_JA,EXCEPTION,LANGUAGE_SANITY_UNCHANGED
lemur_tail,キツネザルの尾,RELAXED_KEEP_JA,LOW,LANGUAGE_SANITY_UNCHANGED
length_markings,雌シリンダー,RELAXED_KEEP_JA,LOW,LANGUAGE_SANITY_UNCHANGED
lenny_face,レニーの顔,RELAXED_KEEP_JA,LOW,LANGUAGE_SANITY_UNCHANGED
lens_eye,レンズ目,RELAXED_KEEP_JA,LOW,LANGUAGE_SANITY_UNCHANGED
lensless_glasses,タグ「lensless glasses」,RELAXED_KEEP_JA,EXCEPTION,LANGUAGE_SANITY_UNCHANGED
leo/need_(project_sekai),レオニ,RELAXED_KEEP_JA,HIGH,LANGUAGE_SANITY_UNCHANGED
leo_(constellation),ししざ,RELAXED_KEEP_JA,HIGH,LANGUAGE_SANITY_UNCHANGED
leo_(symbol),タグ「leo (symbol)」,RELAXED_KEEP_JA,EXCEPTION,LANGUAGE_SANITY_UNCHANGED
leo_(zodiac),狮子座,RELAXED_KEEP_JA,HIGH,LANGUAGE_SANITY_UNCHANGED
leon_(pokemon)_(cosplay),レオン（ポケモン）（コスプレ）,RELAXED_KEEP_JA,HIGH,LANGUAGE_SANITY_UNCHANGED
leon_s._kennedy_(cosplay),leon s. kennedy (cosplay),RELAXED_CANONICAL_FALLBACK,EXCEPTION,LANGUAGE_SANITY_CANONICAL_FALLBACK
leopard,ヒョウ,RELAXED_KEEP_JA,LOW,LANGUAGE_SANITY_UNCHANGED
leopard_2,レオパルト2,RELAXED_KEEP_JA,LOW,LANGUAGE_SANITY_UNCHANGED
leopard_boy,ヒョウの少年,RELAXED_KEEP_JA,LOW,LANGUAGE_SANITY_UNCHANGED
leopard_ears,ヒョウの耳,RELAXED_KEEP_JA,LOW,LANGUAGE_SANITY_UNCHANGED
leopard_girl,ヒョウの女の子,RELAXED_KEEP_JA,LOW,LANGUAGE_SANITY_UNCHANGED
leopard_pelt,タグ「leopard pelt」,RELAXED_KEEP_JA,EXCEPTION,LANGUAGE_SANITY_UNCHANGED
leopard_print_bikini,豹柄ビキニ,RELAXED_KEEP_JA,LOW,LANGUAGE_SANITY_UNCHANGED
leopard_print_bra,ヒョウ柄ブラジャー,RELAXED_KEEP_JA,EXCEPTION,LANGUAGE_SANITY_UNCHANGED
leopard_print_panties,豹纹内ズボン,RELAXED_KEEP_JA,EXCEPTION,LANGUAGE_SANITY_UNCHANGED
leopard_tail,ヒョウの尾,RELAXED_KEEP_JA,LOW,LANGUAGE_SANITY_UNCHANGED
leopon_(animal),レオポン（動物）,RELAXED_KEEP_JA,HIGH,LANGUAGE_SANITY_UNCHANGED
leotard_over_bodysuit,レオタードの上のbodysuit,RELAXED_KEEP_JA,EXCEPTION,LANGUAGE_SANITY_UNCHANGED
leotard_peek,レオタード・覗き見,RELAXED_KEEP_JA,LOW,LANGUAGE_SANITY_UNCHANGED
leotard_peel,レオタード・peel,RELAXED_KEEP_JA,EXCEPTION,LANGUAGE_SANITY_UNCHANGED
leotard_tug,レオタード・タグ,RELAXED_KEEP_JA,LOW,LANGUAGE_SANITY_UNCHANGED
leotard_under_clothes,レオタ見せ衣装,RELAXED_KEEP_JA,LOW,LANGUAGE_SANITY_UNCHANGED
leppa_berry,ヒメリのみ,RELAXED_KEEP_JA,LOW,LANGUAGE_SANITY_UNCHANGED
lepus_(constellation),うさぎ座,RELAXED_KEEP_JA,HIGH,LANGUAGE_SANITY_UNCHANGED
lesbian_flag,lesbianの旗,RELAXED_KEEP_JA,EXCEPTION,LANGUAGE_SANITY_UNCHANGED
lesbians_doing_makeup_(meme),lesbians doing makeup (meme),RELAXED_CANONICAL_FALLBACK,EXCEPTION,LANGUAGE_SANITY_CANONICAL_FALLBACK
less_than_chest_height,身長差,RELAXED_KEEP_JA,LOW,LANGUAGE_SANITY_UNCHANGED
let's_draw_pretty_girls_challenge,美少女描いてみよう,RELAXED_KEEP_JA,LOW,LANGUAGE_SANITY_UNCHANGED
let's_draw_short-haired_hinanawi_tenshi,【企画】『短髪天子、描かないか。』,RELAXED_KEEP_JA,LOW,LANGUAGE_SANITY_UNCHANGED
let's_make_touhou_kids,東方子作りしましょ!,RELAXED_KEEP_JA,LOW,LANGUAGE_SANITY_UNCHANGED
letter_balloon,タグ「letter balloon」,RELAXED_KEEP_JA,EXCEPTION,LANGUAGE_SANITY_UNCHANGED
letter_banner,タグ「letter banner」,RELAXED_KEEP_JA,EXCEPTION,LANGUAGE_SANITY_UNCHANGED
letter_pose,人文字,RELAXED_KEEP_JA,LOW,LANGUAGE_SANITY_UNCHANGED
letter_print,letterの柄,RELAXED_KEEP_JA,EXCEPTION,LANGUAGE_SANITY_UNCHANGED
letterman_jacket,スタジアムジャンパー,RELAXED_KEEP_JA,LOW,LANGUAGE_SANITY_UNCHANGED
lettuce,レタス,RELAXED_KEEP_JA,LOW,LANGUAGE_SANITY_UNCHANGED
leucochloridium_paradoxum,ロイコクロリディウム,RELAXED_KEEP_JA,LOW,LANGUAGE_SANITY_UNCHANGED
level_5_(toaru),タグ「level 5 (toaru)」,RELAXED_KEEP_JA,EXCEPTION,LANGUAGE_SANITY_UNCHANGED
level_difference,レベルの違い,RELAXED_KEEP_JA,LOW,LANGUAGE_SANITY_UNCHANGED
level_up,レベルアップします,RELAXED_KEEP_JA,LOW,LANGUAGE_SANITY_UNCHANGED
lever,レバー,RELAXED_KEEP_JA,LOW,LANGUAGE_SANITY_UNCHANGED
lever_action,杠杆式,RELAXED_KEEP_JA,LOW,LANGUAGE_SANITY_UNCHANGED
leverless_arcade_stick,タグ「leverless arcade stick」,RELAXED_KEEP_JA,EXCEPTION,LANGUAGE_SANITY_UNCHANGED
levin_sword,レビンソード,RELAXED_KEEP_JA,LOW,LANGUAGE_SANITY_UNCHANGED
levitation,レビテーション,RELAXED_KEEP_JA,LOW,LANGUAGE_SANITY_UNCHANGED
lewis_gun,ルイス軽機関銃,RELAXED_KEEP_JA,LOW,LANGUAGE_SANITY_UNCHANGED
lexus,レクサス,RELAXED_KEEP_JA,LOW,LANGUAGE_SANITY_UNCHANGED
lgbt_pride,プライドフラッグ,RELAXED_KEEP_JA,LOW,LANGUAGE_SANITY_UNCHANGED
libeccio_(kancolle)_(cosplay),マエストラーレ級の服,RELAXED_KEEP_JA,HIGH,LANGUAGE_SANITY_UNCHANGED
liberation_(fire_emblem),liberation (fire emblem),RELAXED_CANONICAL_FALLBACK,EXCEPTION,LANGUAGE_SANITY_CANONICAL_FALLBACK
liberator_(exs-tia),リベレイター,RELAXED_KEEP_JA,HIGH,LANGUAGE_SANITY_UNCHANGED
liberty's_tail_(nikke),タグ「liberty's tail (nikke)」,RELAXED_KEEP_JA,EXCEPTION,LANGUAGE_SANITY_UNCHANGED
libra_(constellation),てんびん座,RELAXED_KEEP_JA,HIGH,LANGUAGE_SANITY_UNCHANGED
libra_(symbol),タグ「libra (symbol)」,RELAXED_KEEP_JA,EXCEPTION,LANGUAGE_SANITY_UNCHANGED
libra_(zodiac),天平座,RELAXED_KEEP_JA,HIGH,LANGUAGE_SANITY_UNCHANGED
librarian,ライブラリアン,RELAXED_KEEP_JA,LOW,LANGUAGE_SANITY_UNCHANGED
license_plate,ナンバープレート,RELAXED_KEEP_JA,LOW,LANGUAGE_SANITY_UNCHANGED
lich,リッチ(アンデッド),RELAXED_KEEP_JA,LOW,LANGUAGE_SANITY_UNCHANGED
lichtenberg_figure,リヒテンベルク図形,RELAXED_KEEP_JA,LOW,LANGUAGE_SANITY_UNCHANGED
licking_another,舐める・他人の,RELAXED_KEEP_JA,HIGH,LANGUAGE_SANITY_UNCHANGED
licking_another's_arm,舐める・他人の腕,RELAXED_KEEP_JA,HIGH,LANGUAGE_SANITY_UNCHANGED
licking_another's_cheek,他の人の頬をなめる,RELAXED_KEEP_JA,LOW,LANGUAGE_SANITY_UNCHANGED
licking_another's_chest,舐める・他人の胸,RELAXED_KEEP_JA,HIGH,LANGUAGE_SANITY_UNCHANGED
licking_another's_finger,舐める・他人のfinger,RELAXED_KEEP_JA,EXCEPTION,LANGUAGE_SANITY_UNCHANGED
licking_another's_hair,舐める・他人の髪,RELAXED_KEEP_JA,HIGH,LANGUAGE_SANITY_UNCHANGED
licking_another's_hand,舐める・他人の手,RELAXED_KEEP_JA,HIGH,LANGUAGE_SANITY_UNCHANGED
licking_another's_lips,他の人の唇をなめる,RELAXED_KEEP_JA,LOW,LANGUAGE_SANITY_UNCHANGED
licking_another's_neck,他人の首を舐める,RELAXED_KEEP_JA,EXCEPTION,CANONICAL_LANGUAGE_MAP
licking_another's_pussy_juice,舐める・他人のpussy・juice,RELAXED_KEEP_JA,EXCEPTION,LANGUAGE_SANITY_UNCHANGED
licking_back,背中をなめる,RELAXED_KEEP_JA,LOW,LANGUAGE_SANITY_UNCHANGED
licking_blade,刃物舐め,RELAXED_KEEP_JA,LOW,LANGUAGE_SANITY_UNCHANGED
licking_blood,血を舐める,RELAXED_KEEP_JA,LOW,LANGUAGE_SANITY_UNCHANGED
licking_breast,乳舐め,RELAXED_KEEP_JA,LOW,LANGUAGE_SANITY_UNCHANGED
licking_eye,舐める・目,RELAXED_KEEP_JA,HIGH,LANGUAGE_SANITY_UNCHANGED
licking_food,舐める・食べ物,RELAXED_KEEP_JA,HIGH,LANGUAGE_SANITY_UNCHANGED
licking_hand,舔舐手部,RELAXED_KEEP_JA,LOW,LANGUAGE_SANITY_UNCHANGED
licking_leg,脚をなめる,RELAXED_KEEP_JA,LOW,LANGUAGE_SANITY_UNCHANGED
licking_lemon,舐める・lemon,RELAXED_KEEP_JA,EXCEPTION,LANGUAGE_SANITY_UNCHANGED
licking_navel,へそ舐め,RELAXED_KEEP_JA,LOW,LANGUAGE_SANITY_UNCHANGED
licking_object,舐める・物体,RELAXED_KEEP_JA,HIGH,LANGUAGE_SANITY_UNCHANGED
licking_own_arm,舐める・own・腕,RELAXED_KEEP_JA,EXCEPTION,LANGUAGE_SANITY_UNCHANGED
licking_own_finger,舐める・own・finger,RELAXED_KEEP_JA,EXCEPTION,LANGUAGE_SANITY_UNCHANGED
licking_own_foot,舐める・own・足,RELAXED_KEEP_JA,EXCEPTION,LANGUAGE_SANITY_UNCHANGED
licking_own_nipple,舐める・own・乳首,RELAXED_KEEP_JA,EXCEPTION,LANGUAGE_SANITY_UNCHANGED
licking_own_tail,舐める・own・尻尾,RELAXED_KEEP_JA,EXCEPTION,LANGUAGE_SANITY_UNCHANGED
licking_panties,パンティーをなめる,RELAXED_KEEP_JA,LOW,LANGUAGE_SANITY_UNCHANGED
licking_paw,足をなめる,RELAXED_KEEP_JA,LOW,LANGUAGE_SANITY_UNCHANGED
licking_pectoral,舐める・pectoral,RELAXED_KEEP_JA,EXCEPTION,LANGUAGE_SANITY_UNCHANGED
licking_self,自分を舐める,RELAXED_KEEP_JA,LOW,LANGUAGE_SANITY_UNCHANGED
licking_shoulder,肩をなめる,RELAXED_KEEP_JA,LOW,LANGUAGE_SANITY_UNCHANGED
licking_stomach,胃をなめる,RELAXED_KEEP_JA,LOW,LANGUAGE_SANITY_UNCHANGED
licking_tears,舐める・tears,RELAXED_KEEP_JA,EXCEPTION,LANGUAGE_SANITY_UNCHANGED
licking_tentacle,舔舐触手,RELAXED_KEEP_JA,LOW,LANGUAGE_SANITY_UNCHANGED
licking_thigh,太ももをなめる,RELAXED_KEEP_JA,LOW,LANGUAGE_SANITY_UNCHANGED
licking_tip,舔龟頭,RELAXED_KEEP_JA,LOW,LANGUAGE_SANITY_UNCHANGED
licking_weapon,舐める武器,RELAXED_KEEP_JA,LOW,LANGUAGE_SANITY_UNCHANGED
lid,ふた,RELAXED_KEEP_JA,LOW,LANGUAGE_SANITY_UNCHANGED
liebe_girls_academy_school_uniform,liebe girls academyの学校制服,RELAXED_KEEP_JA,EXCEPTION,LANGUAGE_SANITY_UNCHANGED
liella!_first_generation,タグ「liella! first generation」,RELAXED_KEEP_JA,EXCEPTION,LANGUAGE_SANITY_UNCHANGED
liella!_second_generation,タグ「liella! second generation」,RELAXED_KEEP_JA,EXCEPTION,LANGUAGE_SANITY_UNCHANGED
life-size_gardevoir_plush,サーナイト_等身大,RELAXED_KEEP_JA,LOW,LANGUAGE_SANITY_UNCHANGED
life_at_the_hakurei_shrine_(touhou),life at the hakurei shrine (touhou),RELAXED_CANONICAL_FALLBACK,EXCEPTION,LANGUAGE_SANITY_CANONICAL_FALLBACK
life_fiber,戦維喪失,RELAXED_KEEP_JA,LOW,LANGUAGE_SANITY_UNCHANGED
life_points,タグ「life points」,RELAXED_KEEP_JA,EXCEPTION,LANGUAGE_SANITY_UNCHANGED
life_vest,ライフベスト,RELAXED_KEEP_JA,LOW,LANGUAGE_SANITY_UNCHANGED
lifebuoy,泳圈,RELAXED_KEEP_JA,LOW,LANGUAGE_SANITY_UNCHANGED
lifebuoy_anklet,lifebuoy・アンクレット,RELAXED_KEEP_JA,EXCEPTION,LANGUAGE_SANITY_UNCHANGED
lifebuoy_hair_ornament,lifebuoyの髪飾り,RELAXED_KEEP_JA,EXCEPTION,LANGUAGE_SANITY_UNCHANGED
lifebuoy_ornament,lifebuoy飾り,RELAXED_KEEP_JA,EXCEPTION,LANGUAGE_SANITY_UNCHANGED
lifeguard,ライフガード,RELAXED_KEEP_JA,LOW,LANGUAGE_SANITY_UNCHANGED
lifeguard_chair,ライフガードチェア,RELAXED_KEEP_JA,LOW,LANGUAGE_SANITY_UNCHANGED
lifetime_stew_(e.g.o),lifetime stew (e.g.o),RELAXED_CANONICAL_FALLBACK,EXCEPTION,LANGUAGE_SANITY_CANONICAL_FALLBACK
lifted_by_balloons,タグ「lifted by balloons」,RELAXED_KEEP_JA,EXCEPTION,LANGUAGE_SANITY_UNCHANGED
lifted_by_cursor,タグ「lifted by cursor」,RELAXED_KEEP_JA,EXCEPTION,LANGUAGE_SANITY_UNCHANGED
lifting_animal,lifting・動物,RELAXED_KEEP_JA,EXCEPTION,LANGUAGE_SANITY_UNCHANGED
lifting_covers,リフティングカバー,RELAXED_KEEP_JA,LOW,LANGUAGE_SANITY_UNCHANGED
lifting_object,lifting・物体,RELAXED_KEEP_JA,EXCEPTION,LANGUAGE_SANITY_UNCHANGED
lifting_vehicle,タグ「lifting vehicle」,RELAXED_KEEP_JA,EXCEPTION,LANGUAGE_SANITY_UNCHANGED
liftoff,降ろす,RELAXED_KEEP_JA,LOW,LANGUAGE_SANITY_UNCHANGED
light-skinned_palms,光・skinned・palms,RELAXED_KEEP_JA,EXCEPTION,LANGUAGE_SANITY_UNCHANGED
light_bow_shekinah,ライトボウシェキナ,RELAXED_KEEP_JA,LOW,LANGUAGE_SANITY_UNCHANGED
light_bulb,灯泡,RELAXED_KEEP_JA,LOW,LANGUAGE_SANITY_UNCHANGED
light_bulb_above_head,光・球形ポンプ・above・頭,RELAXED_KEEP_JA,EXCEPTION,LANGUAGE_SANITY_UNCHANGED
light_gun,ガンコン,RELAXED_KEEP_JA,LOW,LANGUAGE_SANITY_UNCHANGED
light_in_heart,心の光,RELAXED_KEEP_JA,LOW,LANGUAGE_SANITY_UNCHANGED
light_machine_gun,軽機,RELAXED_KEEP_JA,LOW,LANGUAGE_SANITY_UNCHANGED
light_nipples,浅色乳頭,RELAXED_KEEP_JA,LOW,LANGUAGE_SANITY_UNCHANGED
light_persona,光堕ち,RELAXED_KEEP_JA,LOW,LANGUAGE_SANITY_UNCHANGED
light_switch,ライトスイッチ,RELAXED_KEEP_JA,LOW,LANGUAGE_SANITY_UNCHANGED
light_trail,ライトトレイル,RELAXED_KEEP_JA,LOW,LANGUAGE_SANITY_UNCHANGED
lighter,ライター,RELAXED_KEEP_JA,LOW,LANGUAGE_SANITY_UNCHANGED
lighthouse,とうだい,RELAXED_KEEP_JA,LOW,LANGUAGE_SANITY_UNCHANGED
lighting_cigarette,照明タバコ,RELAXED_KEEP_JA,LOW,LANGUAGE_SANITY_UNCHANGED
lightning,雷,RELAXED_KEEP_JA,LOW,LANGUAGE_SANITY_UNCHANGED
lightning_ahoge,稲妻アホ毛,RELAXED_KEEP_JA,EXCEPTION,CANONICAL_LANGUAGE_MAP
lightning_background,稲妻の背景,RELAXED_KEEP_JA,LOW,LANGUAGE_SANITY_UNCHANGED
lightning_bolt-shaped_pupils,タグ「lightning bolt-shaped pupils」,RELAXED_KEEP_JA,EXCEPTION,LANGUAGE_SANITY_UNCHANGED
lightning_bolt_earrings,稲妻イヤリング,RELAXED_KEEP_JA,LOW,LANGUAGE_SANITY_UNCHANGED
lightning_bolt_facial_mark,lightning・bolt・facial・印,RELAXED_KEEP_JA,EXCEPTION,LANGUAGE_SANITY_UNCHANGED
lightning_bolt_necklace,稲妻のネックレス,RELAXED_KEEP_JA,LOW,LANGUAGE_SANITY_UNCHANGED
lightning_claw,タグ「lightning claw」,RELAXED_KEEP_JA,EXCEPTION,LANGUAGE_SANITY_UNCHANGED
lightning_crotch_(meme),lightning crotch (meme),RELAXED_CANONICAL_FALLBACK,EXCEPTION,LANGUAGE_SANITY_CANONICAL_FALLBACK
lightning_elemental,タグ「lightning elemental」,RELAXED_KEEP_JA,EXCEPTION,LANGUAGE_SANITY_UNCHANGED
lightning_farron_(cosplay),lightning farron (cosplay),RELAXED_CANONICAL_FALLBACK,EXCEPTION,LANGUAGE_SANITY_CANONICAL_FALLBACK
lightning_glare,メンチビーム,RELAXED_KEEP_JA,LOW,LANGUAGE_SANITY_UNCHANGED
lightning_hair,lightning・髪,RELAXED_KEEP_JA,EXCEPTION,LANGUAGE_SANITY_UNCHANGED
lightsaber,ライトセーバー,RELAXED_KEEP_JA,LOW,LANGUAGE_SANITY_UNCHANGED
ligne_claire,リーニュクレール,RELAXED_KEEP_JA,LOW,LANGUAGE_SANITY_UNCHANGED
like_an_ero-doujin,エロ同人みたいに,RELAXED_KEEP_JA,LOW,LANGUAGE_SANITY_UNCHANGED
like_and_retweet,好きでリツイート,RELAXED_KEEP_JA,LOW,LANGUAGE_SANITY_UNCHANGED
lilac,ライラック,RELAXED_KEEP_JA,LOW,LANGUAGE_SANITY_UNCHANGED
liliel_(2.5_jigen_no_ririsa)_(cosplay),liliel (2.5 jigen no ririsa) (cosplay),RELAXED_CANONICAL_FALLBACK,EXCEPTION,LANGUAGE_SANITY_CANONICAL_FALLBACK
lilistia,リリスティア,RELAXED_KEEP_JA,LOW,LANGUAGE_SANITY_UNCHANGED
lilith_(darkstalkers)_(cosplay),リリスコス,RELAXED_KEEP_JA,HIGH,LANGUAGE_SANITY_UNCHANGED
lillian_girls'_academy_school_uniform,リリアンガールズアカデミーユニフォーム,RELAXED_KEEP_JA,LOW,LANGUAGE_SANITY_UNCHANGED
lillie_(pokemon)_(cosplay),リリー（ポケモン）（コスプレ）,RELAXED_KEEP_JA,HIGH,LANGUAGE_SANITY_UNCHANGED
lily_(flower),百合の花,RELAXED_KEEP_JA,HIGH,LANGUAGE_SANITY_UNCHANGED
lily_of_the_valley,すずらん,RELAXED_KEEP_JA,LOW,LANGUAGE_SANITY_UNCHANGED
lily_pad,睡莲葉,RELAXED_KEEP_JA,LOW,LANGUAGE_SANITY_UNCHANGED
lily_print,lilyの柄,RELAXED_KEEP_JA,EXCEPTION,LANGUAGE_SANITY_UNCHANGED
lily_servant,リリーの使用人,RELAXED_KEEP_JA,LOW,LANGUAGE_SANITY_UNCHANGED
lily_white_(cosplay),リリーホワイト（コスプレ）,RELAXED_KEEP_JA,HIGH,LANGUAGE_SANITY_UNCHANGED
lily_white_(love_live!),リリホワ,RELAXED_KEEP_JA,HIGH,LANGUAGE_SANITY_UNCHANGED
limbo,リンボーダンス,RELAXED_KEEP_JA,LOW,LANGUAGE_SANITY_UNCHANGED
limbus_kindergarten_uniform,limbus kindergartenの制服,RELAXED_KEEP_JA,EXCEPTION,LANGUAGE_SANITY_UNCHANGED
lime_(fruit),ライム,RELAXED_KEEP_JA,HIGH,LANGUAGE_SANITY_UNCHANGED
lime_hair_ornament,ライムヘアー飾り,RELAXED_KEEP_JA,LOW,LANGUAGE_SANITY_UNCHANGED
lime_slice,ライムスライス,RELAXED_KEEP_JA,LOW,LANGUAGE_SANITY_UNCHANGED
liminal_space,リミナルスペース,RELAXED_KEEP_JA,LOW,LANGUAGE_SANITY_UNCHANGED
limiter_(tsukumo_sana),リミッター（サナのツクモ）,RELAXED_KEEP_JA,HIGH,LANGUAGE_SANITY_UNCHANGED
limousine,リムジン,RELAXED_KEEP_JA,LOW,LANGUAGE_SANITY_UNCHANGED
limp_wrist,limp・手首,RELAXED_KEEP_JA,EXCEPTION,LANGUAGE_SANITY_UNCHANGED
linea_nigra,黒線,RELAXED_KEEP_JA,LOW,LANGUAGE_SANITY_UNCHANGED
linea_semilunaris,タグ「linea semilunaris」,RELAXED_KEEP_JA,EXCEPTION,LANGUAGE_SANITY_UNCHANGED
linear_hatching,タグ「linear hatching」,RELAXED_KEEP_JA,EXCEPTION,LANGUAGE_SANITY_UNCHANGED
lineart_zoom_layer,タグ「lineart zoom layer」,RELAXED_KEEP_JA,EXCEPTION,LANGUAGE_SANITY_UNCHANGED
lined_paper,罫線,RELAXED_KEEP_JA,LOW,LANGUAGE_SANITY_UNCHANGED
link_(cosplay),リンク（コスプレ）,RELAXED_KEEP_JA,HIGH,LANGUAGE_SANITY_UNCHANGED
linked_bikini,linked・ビキニ,RELAXED_KEEP_JA,EXCEPTION,LANGUAGE_SANITY_UNCHANGED
linked_sausages,リンクされたソーセージ,RELAXED_KEEP_JA,LOW,LANGUAGE_SANITY_UNCHANGED
lint_roller,コロコロ,RELAXED_KEEP_JA,LOW,LANGUAGE_SANITY_UNCHANGED
lion,ライオン,RELAXED_KEEP_JA,LOW,LANGUAGE_SANITY_UNCHANGED
lion's_roar_(genshin_impact),ライオンのro音（genshinの衝撃）,RELAXED_KEEP_JA,EXCEPTION,LANGUAGE_SANITY_UNCHANGED
lion_(macross_frontier),ライオン（マクロスフロンティア）,RELAXED_KEEP_JA,HIGH,LANGUAGE_SANITY_UNCHANGED
lion_boy,ライオンボーイ,RELAXED_KEEP_JA,LOW,LANGUAGE_SANITY_UNCHANGED
lion_costume,ライオンの衣装,RELAXED_KEEP_JA,LOW,LANGUAGE_SANITY_UNCHANGED
lion_cub,ライオンカブ,RELAXED_KEEP_JA,LOW,LANGUAGE_SANITY_UNCHANGED
lion_dance,舞狮,RELAXED_KEEP_JA,LOW,LANGUAGE_SANITY_UNCHANGED
lion_hair,ライオンヘア,RELAXED_KEEP_JA,LOW,LANGUAGE_SANITY_UNCHANGED
lion_head_(ornament),タグ「lion head (ornament)」,RELAXED_KEEP_JA,EXCEPTION,LANGUAGE_SANITY_UNCHANGED
lion_hood,ライオンフード,RELAXED_KEEP_JA,LOW,LANGUAGE_SANITY_UNCHANGED
lion_mane,ライオンマネ,RELAXED_KEEP_JA,LOW,LANGUAGE_SANITY_UNCHANGED
lion_print,lionの柄,RELAXED_KEEP_JA,EXCEPTION,LANGUAGE_SANITY_UNCHANGED
lip_balm,リップクリーム,RELAXED_KEEP_JA,LOW,LANGUAGE_SANITY_UNCHANGED
lipgloss,リップグロス,RELAXED_KEEP_JA,LOW,LANGUAGE_SANITY_UNCHANGED
lipps_(idolmaster),リップス（アイドルマスター）,RELAXED_KEEP_JA,HIGH,LANGUAGE_SANITY_UNCHANGED
lipstick_mark_on_anus,口紅・印の上のanus,RELAXED_KEEP_JA,EXCEPTION,LANGUAGE_SANITY_UNCHANGED
lipstick_mark_on_arm,腕に口紅マーク,RELAXED_KEEP_JA,LOW,LANGUAGE_SANITY_UNCHANGED
lipstick_mark_on_breast,乳房の口紅マーク,RELAXED_KEEP_JA,LOW,LANGUAGE_SANITY_UNCHANGED
lipstick_mark_on_chest,胸の口紅マーク,RELAXED_KEEP_JA,LOW,LANGUAGE_SANITY_UNCHANGED
lipstick_mark_on_forehead,口紅・印の上のforehead,RELAXED_KEEP_JA,EXCEPTION,LANGUAGE_SANITY_UNCHANGED
lipstick_mark_on_hand,口紅・印の上の手,RELAXED_KEEP_JA,HIGH,LANGUAGE_SANITY_UNCHANGED
lipstick_mark_on_neck,首に口紅マーク,RELAXED_KEEP_JA,LOW,LANGUAGE_SANITY_UNCHANGED
lipstick_mark_on_shoulder,肩の口紅マーク,RELAXED_KEEP_JA,LOW,LANGUAGE_SANITY_UNCHANGED
lipstick_mark_on_stomach,胃の口紅マーク,RELAXED_KEEP_JA,LOW,LANGUAGE_SANITY_UNCHANGED
lipstick_mark_tattoo,口紅・印のタトゥー,RELAXED_KEEP_JA,LOW,LANGUAGE_SANITY_UNCHANGED
lipstick_writing,口紅の書き込み,RELAXED_KEEP_JA,LOW,LANGUAGE_SANITY_UNCHANGED
liquid-in-glass_thermometer,液体イングラス温度計,RELAXED_KEEP_JA,LOW,LANGUAGE_SANITY_UNCHANGED
liquid_clothes,液体服,RELAXED_KEEP_JA,LOW,LANGUAGE_SANITY_UNCHANGED
liquid_dress,液体・ドレス,RELAXED_KEEP_JA,LOW,LANGUAGE_SANITY_UNCHANGED
liquid_from_eyes,液体・からの目,RELAXED_KEEP_JA,HIGH,LANGUAGE_SANITY_UNCHANGED
liquid_from_mouth,液体・からのmouth,RELAXED_KEEP_JA,EXCEPTION,LANGUAGE_SANITY_UNCHANGED
liquid_gold,液体・金色の,RELAXED_KEEP_JA,LOW,LANGUAGE_SANITY_UNCHANGED
liquid_hair,液体の髪,RELAXED_KEEP_JA,LOW,LANGUAGE_SANITY_UNCHANGED
liquid_halo,液体ハロー,RELAXED_KEEP_JA,LOW,LANGUAGE_SANITY_UNCHANGED
liquid_insides,液体・insides,RELAXED_KEEP_JA,EXCEPTION,LANGUAGE_SANITY_UNCHANGED
liquid_metal,液体・金属,RELAXED_KEEP_JA,LOW,LANGUAGE_SANITY_UNCHANGED
liquid_weapon,液体武器,RELAXED_KEEP_JA,LOW,LANGUAGE_SANITY_UNCHANGED
liquid_wings,液体・翼,RELAXED_KEEP_JA,LOW,LANGUAGE_SANITY_UNCHANGED
list,リスト,RELAXED_KEEP_JA,LOW,LANGUAGE_SANITY_UNCHANGED
listening,聞いている,RELAXED_KEEP_JA,LOW,LANGUAGE_SANITY_UNCHANGED
listening_to_music,音楽を聴く,RELAXED_KEEP_JA,LOW,LANGUAGE_SANITY_UNCHANGED
lit_fuse,照らされたヒューズ,RELAXED_KEEP_JA,LOW,LANGUAGE_SANITY_UNCHANGED
little_lyrical,リトルリリカル,RELAXED_KEEP_JA,LOW,LANGUAGE_SANITY_UNCHANGED
little_red_riding_hood_(fairy_tale_character)_(cosplay),little red riding hood (fairy tale character) (cosplay),RELAXED_CANONICAL_FALLBACK,EXCEPTION,LANGUAGE_SANITY_CANONICAL_FALLBACK
liu_association_south_(identity)_(project_moon),liu association south (identity) (project moon),RELAXED_CANONICAL_FALLBACK,EXCEPTION,LANGUAGE_SANITY_CANONICAL_FALLBACK
liu_association_south_uniform,リゥ協会,RELAXED_KEEP_JA,LOW,LANGUAGE_SANITY_UNCHANGED
live_for_venus_(idolmaster),ライブフォーヴィーナス,RELAXED_KEEP_JA,HIGH,LANGUAGE_SANITY_UNCHANGED
live_tucker_reaction_(meme),live tucker reaction (meme),RELAXED_CANONICAL_FALLBACK,EXCEPTION,LANGUAGE_SANITY_CANONICAL_FALLBACK
liver,肝臓,RELAXED_KEEP_JA,LOW,LANGUAGE_SANITY_UNCHANGED
living_armor,リビングアーマー,RELAXED_KEEP_JA,LOW,LANGUAGE_SANITY_UNCHANGED
living_doll_uniform,living dollの制服,RELAXED_KEEP_JA,EXCEPTION,LANGUAGE_SANITY_UNCHANGED
living_fish_tank,living・魚・tank,RELAXED_KEEP_JA,EXCEPTION,LANGUAGE_SANITY_UNCHANGED
living_fleshlight,オナホ妖精,RELAXED_KEEP_JA,LOW,LANGUAGE_SANITY_UNCHANGED
living_hair,生きている髪,RELAXED_KEEP_JA,LOW,LANGUAGE_SANITY_UNCHANGED
living_room,リビングルーム,RELAXED_KEEP_JA,LOW,LANGUAGE_SANITY_UNCHANGED
living_shadow,生きている影,RELAXED_KEEP_JA,LOW,LANGUAGE_SANITY_UNCHANGED
living_weapon,生きている武器,RELAXED_KEEP_JA,LOW,LANGUAGE_SANITY_UNCHANGED
liyue_harbor,璃月港,RELAXED_KEEP_JA,LOW,LANGUAGE_SANITY_UNCHANGED
lizard,トカゲ,RELAXED_KEEP_JA,LOW,LANGUAGE_SANITY_UNCHANGED
lizard_tail,蜥蜴尾巴,RELAXED_KEEP_JA,LOW,LANGUAGE_SANITY_UNCHANGED
lizardman,リザードマン,RELAXED_KEEP_JA,LOW,LANGUAGE_SANITY_UNCHANGED
llama,ラマ,RELAXED_KEEP_JA,LOW,LANGUAGE_SANITY_UNCHANGED
load-bearing_equipment,負荷ベアリング機器,RELAXED_KEEP_JA,LOW,LANGUAGE_SANITY_UNCHANGED
load-bearing_piercing,load bearingのピアス,RELAXED_KEEP_JA,LOW,LANGUAGE_SANITY_UNCHANGED
load-bearing_vest,タクティカルベスト,RELAXED_KEEP_JA,LOW,LANGUAGE_SANITY_UNCHANGED
loaded_interior,ロードされたインテリア,RELAXED_KEEP_JA,LOW,LANGUAGE_SANITY_UNCHANGED
loading_icon,バッファリング,RELAXED_KEEP_JA,LOW,LANGUAGE_SANITY_UNCHANGED
loading_screen,ロード画面,RELAXED_KEEP_JA,LOW,LANGUAGE_SANITY_UNCHANGED
loaf_of_bread,パンのパン,RELAXED_KEEP_JA,LOW,LANGUAGE_SANITY_UNCHANGED
lobelia_(flower),タグ「lobelia (flower)」,RELAXED_KEEP_JA,EXCEPTION,LANGUAGE_SANITY_UNCHANGED
lobotomy_corporation_(identity)_(project_moon),lobotomy corporation (identity) (project moon),RELAXED_CANONICAL_FALLBACK,EXCEPTION,LANGUAGE_SANITY_CANONICAL_FALLBACK
lobotomy_corporation_logo,lobotomy corporationのロゴ,RELAXED_KEEP_JA,EXCEPTION,LANGUAGE_SANITY_UNCHANGED
lobster,えび,RELAXED_KEEP_JA,LOW,LANGUAGE_SANITY_UNCHANGED
lobster_claw,ロブスター爪,RELAXED_KEEP_JA,LOW,LANGUAGE_SANITY_UNCHANGED
lobster_girl,タグ「lobster girl」,RELAXED_KEEP_JA,EXCEPTION,LANGUAGE_SANITY_UNCHANGED
localized_gravity,局部重力,RELAXED_KEEP_JA,LOW,LANGUAGE_SANITY_UNCHANGED
location_name,タグ「location name」,RELAXED_KEEP_JA,EXCEPTION,LANGUAGE_SANITY_UNCHANGED
lock_earrings,イヤリングをロックします,RELAXED_KEEP_JA,LOW,LANGUAGE_SANITY_UNCHANGED
lock_necklace,lock・ネックレス,RELAXED_KEEP_JA,EXCEPTION,LANGUAGE_SANITY_UNCHANGED
locked,ロックされています,RELAXED_KEEP_JA,LOW,LANGUAGE_SANITY_UNCHANGED
locked_slide,ロックされたスライド,RELAXED_KEEP_JA,LOW,LANGUAGE_SANITY_UNCHANGED
locker_foot_kabedon_(meme),locker foot kabedon (meme),RELAXED_CANONICAL_FALLBACK,EXCEPTION,LANGUAGE_SANITY_CANONICAL_FALLBACK
locket,ロケットペンダント,RELAXED_KEEP_JA,LOW,LANGUAGE_SANITY_UNCHANGED
locking,施錠,RELAXED_KEEP_JA,LOW,LANGUAGE_SANITY_UNCHANGED
lockpick,ピッキング用品,RELAXED_KEEP_JA,LOW,LANGUAGE_SANITY_UNCHANGED
lockseed,ロックシード,RELAXED_KEEP_JA,LOW,LANGUAGE_SANITY_UNCHANGED
locomotive,機関車,RELAXED_KEEP_JA,LOW,LANGUAGE_SANITY_UNCHANGED
loft_bed,ロフトベッド,RELAXED_KEEP_JA,LOW,LANGUAGE_SANITY_UNCHANGED
lofter_logo,lofterのロゴ,RELAXED_KEEP_JA,EXCEPTION,LANGUAGE_SANITY_UNCHANGED
lofter_username,ロフターユーザー名,RELAXED_KEEP_JA,LOW,LANGUAGE_SANITY_UNCHANGED
log,丸太,RELAXED_KEEP_JA,LOW,LANGUAGE_SANITY_UNCHANGED
log_cabin,ログキャビン,RELAXED_KEEP_JA,LOW,LANGUAGE_SANITY_UNCHANGED
log_pose,ログポース,RELAXED_KEEP_JA,LOW,LANGUAGE_SANITY_UNCHANGED
logo_hair_ornament,ロゴヘアの飾り,RELAXED_KEEP_JA,LOW,LANGUAGE_SANITY_UNCHANGED
logo_parody,ネタロゴ,RELAXED_KEEP_JA,LOW,LANGUAGE_SANITY_UNCHANGED
logo_print,ロゴの柄,RELAXED_KEEP_JA,LOW,LANGUAGE_SANITY_UNCHANGED
loincloth_lift,ロインコロスリフト,RELAXED_KEEP_JA,LOW,LANGUAGE_SANITY_UNCHANGED
lolibaba,ろりばば,RELAXED_KEEP_JA,LOW,LANGUAGE_SANITY_UNCHANGED
lolita_print,lolitaの柄,RELAXED_KEEP_JA,EXCEPTION,LANGUAGE_SANITY_UNCHANGED
lollipop_hair_ornament,lollipopの髪飾り,RELAXED_KEEP_JA,EXCEPTION,LANGUAGE_SANITY_UNCHANGED
lollipop_in_mouth,lollipopの中のmouth,RELAXED_KEEP_JA,EXCEPTION,LANGUAGE_SANITY_UNCHANGED
lombax,タグ「lombax」,RELAXED_KEEP_JA,EXCEPTION,LANGUAGE_SANITY_UNCHANGED
lon_lon_milk,タグ「lon lon milk」,RELAXED_KEEP_JA,EXCEPTION,LANGUAGE_SANITY_UNCHANGED
london,ロンドン,RELAXED_KEEP_JA,LOW,LANGUAGE_SANITY_UNCHANGED
lone_nape_hair,孤独なうなじ,RELAXED_KEEP_JA,LOW,LANGUAGE_SANITY_UNCHANGED
lonely,寂しい,RELAXED_KEEP_JA,LOW,LANGUAGE_SANITY_UNCHANGED
lonely_lonely_dance_(meme),lonely lonely dance (meme),RELAXED_CANONICAL_FALLBACK,EXCEPTION,LANGUAGE_SANITY_CANONICAL_FALLBACK
long-tailed_tit,エナガ,RELAXED_KEEP_JA,LOW,LANGUAGE_SANITY_UNCHANGED
long_arms,長い・両腕,RELAXED_KEEP_JA,LOW,LANGUAGE_SANITY_UNCHANGED
long_beard,長いひげ,RELAXED_KEEP_JA,LOW,LANGUAGE_SANITY_UNCHANGED
long_belt,長いベルト,RELAXED_KEEP_JA,LOW,LANGUAGE_SANITY_UNCHANGED
long_body,長い・ボディ,RELAXED_KEEP_JA,LOW,LANGUAGE_SANITY_UNCHANGED
long_breast_curtain,長い胸カーテン,RELAXED_KEEP_JA,LOW,LANGUAGE_SANITY_UNCHANGED
long_claws,長い・爪,RELAXED_KEEP_JA,LOW,LANGUAGE_SANITY_UNCHANGED
long_coat,長い・コート,RELAXED_KEEP_JA,LOW,LANGUAGE_SANITY_UNCHANGED
long_face,長い・顔,RELAXED_KEEP_JA,LOW,LANGUAGE_SANITY_UNCHANGED
long_fall_boots_(portal),タグ「long fall boots (portal)」,RELAXED_KEEP_JA,EXCEPTION,LANGUAGE_SANITY_UNCHANGED
long_fangs,長い牙,RELAXED_KEEP_JA,LOW,LANGUAGE_SANITY_UNCHANGED
long_finger,長い・指,RELAXED_KEEP_JA,LOW,LANGUAGE_SANITY_UNCHANGED
long_hoodie,パーカーワンピース,RELAXED_KEEP_JA,LOW,LANGUAGE_SANITY_UNCHANGED
long_horns,長い角,RELAXED_KEEP_JA,LOW,LANGUAGE_SANITY_UNCHANGED
long_mustache,長い・mustache,RELAXED_KEEP_JA,EXCEPTION,LANGUAGE_SANITY_UNCHANGED
long_neck,長い・首,RELAXED_KEEP_JA,LOW,LANGUAGE_SANITY_UNCHANGED
long_necktie,長い・ネクタイ,RELAXED_KEEP_JA,LOW,LANGUAGE_SANITY_UNCHANGED
long_nipples,長乳首,RELAXED_KEEP_JA,LOW,LANGUAGE_SANITY_UNCHANGED
long_nose,長い・鼻,RELAXED_KEEP_JA,LOW,LANGUAGE_SANITY_UNCHANGED
long_ribbon,長い・リボン,RELAXED_KEEP_JA,LOW,LANGUAGE_SANITY_UNCHANGED
long_scarf,長い・マフラー,RELAXED_KEEP_JA,LOW,LANGUAGE_SANITY_UNCHANGED
long_shadow,長い・shadow,RELAXED_KEEP_JA,EXCEPTION,LANGUAGE_SANITY_UNCHANGED
long_shirt,長い・シャツ,RELAXED_KEEP_JA,LOW,LANGUAGE_SANITY_UNCHANGED
long_single_sidelock,長い・単一のsidelock,RELAXED_KEEP_JA,EXCEPTION,LANGUAGE_SANITY_UNCHANGED
long_sword,長い・剣,RELAXED_KEEP_JA,LOW,LANGUAGE_SANITY_UNCHANGED
long_sword_(sao),タグ「long sword (sao)」,RELAXED_KEEP_JA,EXCEPTION,LANGUAGE_SANITY_UNCHANGED
long_table,長いテーブル,RELAXED_KEEP_JA,LOW,LANGUAGE_SANITY_UNCHANGED
long_toes,長いつま先,RELAXED_KEEP_JA,LOW,LANGUAGE_SANITY_UNCHANGED
long_torso,長い胴体,RELAXED_KEEP_JA,LOW,LANGUAGE_SANITY_UNCHANGED
long_veil,長いベール,RELAXED_KEEP_JA,LOW,LANGUAGE_SANITY_UNCHANGED
longcat_(meme),ノビネコ,RELAXED_KEEP_JA,HIGH,LANGUAGE_SANITY_UNCHANGED
longevity_peach_bun,寿桃包,RELAXED_KEEP_JA,LOW,LANGUAGE_SANITY_UNCHANGED
longinus_(weapon)_(fate),longinus (weapon) (fate),RELAXED_CANONICAL_FALLBACK,EXCEPTION,LANGUAGE_SANITY_CANONICAL_FALLBACK
longship,ロングシップ,RELAXED_KEEP_JA,LOW,LANGUAGE_SANITY_UNCHANGED
look-alike,他人の空似,RELAXED_KEEP_JA,LOW,LANGUAGE_SANITY_UNCHANGED
looking_afar,遠くを探しています,RELAXED_KEEP_JA,LOW,LANGUAGE_SANITY_UNCHANGED
looking_around,見る・周囲,RELAXED_KEEP_JA,LOW,LANGUAGE_SANITY_UNCHANGED
looking_at_animal,見る・位置・動物,RELAXED_KEEP_JA,LOW,LANGUAGE_SANITY_UNCHANGED
looking_at_ass,お尻を見ています,RELAXED_KEEP_JA,LOW,LANGUAGE_SANITY_UNCHANGED
looking_at_breasts,見る・位置・胸,RELAXED_KEEP_JA,LOW,LANGUAGE_SANITY_UNCHANGED
looking_at_bulge,タグ「looking at bulge」,RELAXED_KEEP_JA,EXCEPTION,LANGUAGE_SANITY_UNCHANGED
looking_at_creature,タグ「looking at creature」,RELAXED_KEEP_JA,EXCEPTION,LANGUAGE_SANITY_UNCHANGED
looking_at_crotch,looking・at・股間,RELAXED_KEEP_JA,EXCEPTION,LANGUAGE_SANITY_UNCHANGED
looking_at_cup,looking・at・カップ,RELAXED_KEEP_JA,EXCEPTION,LANGUAGE_SANITY_UNCHANGED
looking_at_doll,タグ「looking at doll」,RELAXED_KEEP_JA,EXCEPTION,LANGUAGE_SANITY_UNCHANGED
looking_at_flowers,花を見ています,RELAXED_KEEP_JA,LOW,LANGUAGE_SANITY_UNCHANGED
looking_at_food,食べ物を見ています,RELAXED_KEEP_JA,LOW,LANGUAGE_SANITY_UNCHANGED
looking_at_hand,見る・位置・手,RELAXED_KEEP_JA,LOW,LANGUAGE_SANITY_UNCHANGED
looking_at_hands,見る・位置・両手,RELAXED_KEEP_JA,LOW,LANGUAGE_SANITY_UNCHANGED
looking_at_map,タグ「looking at map」,RELAXED_KEEP_JA,EXCEPTION,LANGUAGE_SANITY_UNCHANGED
looking_at_panties,見る・位置・パンツ,RELAXED_KEEP_JA,LOW,LANGUAGE_SANITY_UNCHANGED
looking_at_pectorals,タグ「looking at pectorals」,RELAXED_KEEP_JA,EXCEPTION,LANGUAGE_SANITY_UNCHANGED
looking_at_pussy,猫を見ています,RELAXED_KEEP_JA,LOW,LANGUAGE_SANITY_UNCHANGED
looking_at_reflection,looking・at・反射,RELAXED_KEEP_JA,EXCEPTION,LANGUAGE_SANITY_UNCHANGED
looking_at_screen,画面を見ています,RELAXED_KEEP_JA,LOW,LANGUAGE_SANITY_UNCHANGED
looking_at_watch,時計を見ています,RELAXED_KEEP_JA,LOW,LANGUAGE_SANITY_UNCHANGED
looking_for_glasses,メガネメガネ,RELAXED_KEEP_JA,LOW,LANGUAGE_SANITY_UNCHANGED
looking_inside,中を見る,RELAXED_KEEP_JA,LOW,LANGUAGE_SANITY_UNCHANGED
looking_outside,見る・外側,RELAXED_KEEP_JA,LOW,LANGUAGE_SANITY_UNCHANGED
looking_over_eyewear,越过眼镜看,RELAXED_KEEP_JA,EXCEPTION,LANGUAGE_SANITY_UNCHANGED
looking_past_viewer,過去の視聴者を探しています,RELAXED_KEEP_JA,LOW,LANGUAGE_SANITY_UNCHANGED
looking_through_magnifying_glass,looking・越しのmagnifying・glass,RELAXED_KEEP_JA,EXCEPTION,LANGUAGE_SANITY_UNCHANGED
looking_through_scope,looking・越しのscope,RELAXED_KEEP_JA,EXCEPTION,LANGUAGE_SANITY_UNCHANGED
looking_through_window,looking・越しのwindow,RELAXED_KEEP_JA,EXCEPTION,LANGUAGE_SANITY_UNCHANGED
loose_bandages,ゆるい・bandages,RELAXED_KEEP_JA,EXCEPTION,LANGUAGE_SANITY_UNCHANGED
loose_bowtie,ゆるいボウタイ,RELAXED_KEEP_JA,LOW,LANGUAGE_SANITY_UNCHANGED
loose_kimono,ゆるい・kimono,RELAXED_KEEP_JA,EXCEPTION,LANGUAGE_SANITY_UNCHANGED
loose_neck_ribbon,ゆるいネックリボン,RELAXED_KEEP_JA,LOW,LANGUAGE_SANITY_UNCHANGED
loose_necktie,ゆるいネクタイ,RELAXED_KEEP_JA,LOW,LANGUAGE_SANITY_UNCHANGED
loose_panties,ゆるいパンティー,RELAXED_KEEP_JA,LOW,LANGUAGE_SANITY_UNCHANGED
loose_pants,ゆったりとしたズボン,RELAXED_KEEP_JA,LOW,LANGUAGE_SANITY_UNCHANGED
loose_shirt,ルーズシャツ,RELAXED_KEEP_JA,LOW,LANGUAGE_SANITY_UNCHANGED
loose_skirt,ゆるいスカート,RELAXED_KEEP_JA,LOW,LANGUAGE_SANITY_UNCHANGED
loose_thighhigh,ゆるい太い,RELAXED_KEEP_JA,LOW,LANGUAGE_SANITY_UNCHANGED
loose_wires,ゆるい・wires,RELAXED_KEEP_JA,EXCEPTION,LANGUAGE_SANITY_UNCHANGED
lop_rabbit,垂れ耳うさぎ,RELAXED_KEEP_JA,LOW,LANGUAGE_SANITY_UNCHANGED
lopsided_border,lopsided・枠,RELAXED_KEEP_JA,EXCEPTION,LANGUAGE_SANITY_UNCHANGED
lopunny_(cosplay),Lopunny（コスプレ）,RELAXED_KEEP_JA,EXCEPTION,LANGUAGE_SANITY_UNCHANGED
loquat,びわ,RELAXED_KEEP_JA,LOW,LANGUAGE_SANITY_UNCHANGED
lor_starcutter,ローア,RELAXED_KEEP_JA,LOW,LANGUAGE_SANITY_UNCHANGED
lord_camelot_(fate),lord camelot (fate),RELAXED_CANONICAL_FALLBACK,EXCEPTION,LANGUAGE_SANITY_CANONICAL_FALLBACK
lorem_ipsum,タグ「lorem ipsum」,RELAXED_KEEP_JA,EXCEPTION,LANGUAGE_SANITY_UNCHANGED
loser_kings,ルーザーキングス,RELAXED_KEEP_JA,LOW,LANGUAGE_SANITY_UNCHANGED
loss_(meme),loss (meme),RELAXED_CANONICAL_FALLBACK,EXCEPTION,LANGUAGE_SANITY_CANONICAL_FALLBACK
lost_child,迷子,RELAXED_KEEP_JA,LOW,LANGUAGE_SANITY_UNCHANGED
lotion_play,ローションプレイ,RELAXED_KEEP_JA,LOW,LANGUAGE_SANITY_UNCHANGED
lottery,くじ引き,RELAXED_KEEP_JA,LOW,LANGUAGE_SANITY_UNCHANGED
lotus,はす,RELAXED_KEEP_JA,LOW,LANGUAGE_SANITY_UNCHANGED
lotus_(brand),ロータス（ブランド）,RELAXED_KEEP_JA,HIGH,LANGUAGE_SANITY_UNCHANGED
lotus_earrings,蓮のイヤリング,RELAXED_KEEP_JA,LOW,LANGUAGE_SANITY_UNCHANGED
lotus_hair_ornament,蓮の髪の飾り,RELAXED_KEEP_JA,LOW,LANGUAGE_SANITY_UNCHANGED
lotus_leaf,蓮の葉,RELAXED_KEEP_JA,LOW,LANGUAGE_SANITY_UNCHANGED
lotus_pedestal,蓮の台座,RELAXED_KEEP_JA,LOW,LANGUAGE_SANITY_UNCHANGED
lotus_pod,莲蓬,RELAXED_KEEP_JA,LOW,LANGUAGE_SANITY_UNCHANGED
lotus_position,結跏趺坐,RELAXED_KEEP_JA,LOW,LANGUAGE_SANITY_UNCHANGED
lotus_print,lotusの柄,RELAXED_KEEP_JA,EXCEPTION,LANGUAGE_SANITY_UNCHANGED
lotus_root,れんこん,RELAXED_KEEP_JA,LOW,LANGUAGE_SANITY_UNCHANGED
lotus_root_slice,タグ「lotus root slice」,RELAXED_KEEP_JA,EXCEPTION,LANGUAGE_SANITY_UNCHANGED
loud,うるさい,RELAXED_KEEP_JA,LOW,LANGUAGE_SANITY_UNCHANGED
louis_vuitton_(brand),ルイヴィトン,RELAXED_KEEP_JA,HIGH,LANGUAGE_SANITY_UNCHANGED
lounge,ラウンジ,RELAXED_KEEP_JA,LOW,LANGUAGE_SANITY_UNCHANGED
lounging,ラウンジ,RELAXED_KEEP_JA,LOW,LANGUAGE_SANITY_UNCHANGED
love_ball,ラブラブボール,RELAXED_KEEP_JA,LOW,LANGUAGE_SANITY_UNCHANGED
love_confessions_in_gensokyo,告白幻想郷,RELAXED_KEEP_JA,LOW,LANGUAGE_SANITY_UNCHANGED
love_guitar_rod,ギターロッドが大好きです,RELAXED_KEEP_JA,LOW,LANGUAGE_SANITY_UNCHANGED
love_high_school_uniform,love highの学校制服,RELAXED_KEEP_JA,EXCEPTION,LANGUAGE_SANITY_UNCHANGED
love_hotel,ラブホ,RELAXED_KEEP_JA,LOW,LANGUAGE_SANITY_UNCHANGED
love_letter,ラブレター,RELAXED_KEEP_JA,LOW,LANGUAGE_SANITY_UNCHANGED
love_live!_series_asia_tour_2024,タグ「love live! series asia tour 2024」,RELAXED_KEEP_JA,EXCEPTION,LANGUAGE_SANITY_UNCHANGED
love_live!_victory_flag,love live! victoryの旗,RELAXED_KEEP_JA,EXCEPTION,LANGUAGE_SANITY_UNCHANGED
love_potion,惚れ薬,RELAXED_KEEP_JA,LOW,LANGUAGE_SANITY_UNCHANGED
love_triangle,三角恋,RELAXED_KEEP_JA,LOW,LANGUAGE_SANITY_UNCHANGED
lovebird,ボタンインコ,RELAXED_KEEP_JA,LOW,LANGUAGE_SANITY_UNCHANGED
lovestruck,メスの顔,RELAXED_KEEP_JA,LOW,LANGUAGE_SANITY_UNCHANGED
loving_aura,爱心环,RELAXED_KEEP_JA,LOW,LANGUAGE_SANITY_UNCHANGED
low-cut_armhole,ローカットアームホール,RELAXED_KEEP_JA,LOW,LANGUAGE_SANITY_UNCHANGED
low-tied_hair_rings,低い・tied・髪・rings,RELAXED_KEEP_JA,EXCEPTION,LANGUAGE_SANITY_UNCHANGED
low-tied_medium_hair,低い・tied・普通サイズの髪,RELAXED_KEEP_JA,LOW,LANGUAGE_SANITY_UNCHANGED
low_block_heels,低跟鞋,RELAXED_KEEP_JA,LOW,LANGUAGE_SANITY_UNCHANGED
low_horns,低い角,RELAXED_KEEP_JA,LOW,LANGUAGE_SANITY_UNCHANGED
low_neckline,低领口,RELAXED_KEEP_JA,LOW,LANGUAGE_SANITY_UNCHANGED
low_poly,ローポリ,RELAXED_KEEP_JA,LOW,LANGUAGE_SANITY_UNCHANGED
low_side_ponytail,ルーズサイドテール,RELAXED_KEEP_JA,LOW,LANGUAGE_SANITY_UNCHANGED
lower_eyelashes_only,タグ「lower eyelashes only」,RELAXED_KEEP_JA,EXCEPTION,LANGUAGE_SANITY_UNCHANGED
lower_lip_only,タグ「lower lip only」,RELAXED_KEEP_JA,EXCEPTION,LANGUAGE_SANITY_UNCHANGED
lowered_eyelids,タグ「lowered eyelids」,RELAXED_KEEP_JA,EXCEPTION,LANGUAGE_SANITY_UNCHANGED
lowleg_pantyhose,低腰连ズボン袜,RELAXED_KEEP_JA,LOW,LANGUAGE_SANITY_UNCHANGED
lowleg_shorts,低腰短ズボン,RELAXED_KEEP_JA,LOW,LANGUAGE_SANITY_UNCHANGED
lowleg_skirt,低腰裙子,RELAXED_KEEP_JA,LOW,LANGUAGE_SANITY_UNCHANGED
lpvo,タグ「lpvo」,RELAXED_KEEP_JA,LOW,LANGUAGE_SANITY_UNCHANGED
lsd,リゼルグ酸ジエチルアミド,RELAXED_KEEP_JA,LOW,LANGUAGE_SANITY_UNCHANGED
lube_on_breasts,lubeの上の胸,RELAXED_KEEP_JA,EXCEPTION,LANGUAGE_SANITY_UNCHANGED
luchador,ルチャドール,RELAXED_KEEP_JA,LOW,LANGUAGE_SANITY_UNCHANGED
luchador_mask,ルチャドールマスク,RELAXED_KEEP_JA,LOW,LANGUAGE_SANITY_UNCHANGED
lucina_(fire_emblem)_(cosplay),lucina (fire emblem) (cosplay),RELAXED_CANONICAL_FALLBACK,EXCEPTION,LANGUAGE_SANITY_CANONICAL_FALLBACK
luck_and_pluck,幸運と勇気の剣,RELAXED_KEEP_JA,LOW,LANGUAGE_SANITY_UNCHANGED
lucky_channel,ラッキーチャンネル,RELAXED_KEEP_JA,LOW,LANGUAGE_SANITY_UNCHANGED
lucky_oasis_(stella_sora),タグ「lucky oasis (stella sora)」,RELAXED_KEEP_JA,EXCEPTION,LANGUAGE_SANITY_UNCHANGED
lucy_(cyberpunk)_(cosplay),lucy (cyberpunk) (cosplay),RELAXED_CANONICAL_FALLBACK,EXCEPTION,LANGUAGE_SANITY_CANONICAL_FALLBACK
ludvico_private_girls'_academy_school_uniform,ルド女,RELAXED_KEEP_JA,LOW,LANGUAGE_SANITY_UNCHANGED
luftwaffe,ルフトヴァッフェ,RELAXED_KEEP_JA,LOW,LANGUAGE_SANITY_UNCHANGED
luger_p08,ルガーP08,RELAXED_KEEP_JA,EXCEPTION,LANGUAGE_SANITY_UNCHANGED
luigi_(cosplay),ルイージ（コスプレ）,RELAXED_KEEP_JA,HIGH,LANGUAGE_SANITY_UNCHANGED
lum_(cosplay),Lum（コスプレ）,RELAXED_KEEP_JA,EXCEPTION,LANGUAGE_SANITY_UNCHANGED
lum_berry,ラムのみ,RELAXED_KEEP_JA,LOW,LANGUAGE_SANITY_UNCHANGED
lumine_(genshin_impact)_(cosplay),lumine (genshin impact) (cosplay),RELAXED_CANONICAL_FALLBACK,EXCEPTION,LANGUAGE_SANITY_CANONICAL_FALLBACK
luminosite_eternelle,リュミノジテ・エテルネッル,RELAXED_KEEP_JA,LOW,LANGUAGE_SANITY_UNCHANGED
luminous_(madoka_magica),ルミナス(魔法少女まどか☆マギカ),RELAXED_KEEP_JA,HIGH,LANGUAGE_SANITY_UNCHANGED
lumiose_city,ミアレシティ,RELAXED_KEEP_JA,LOW,LANGUAGE_SANITY_UNCHANGED
luna_blaster_(splatoon),ノヴァブラスター,RELAXED_KEEP_JA,HIGH,LANGUAGE_SANITY_UNCHANGED
luna_nova_school_uniform,ルナノヴァスクールユニフォーム,RELAXED_KEEP_JA,LOW,LANGUAGE_SANITY_UNCHANGED
luna_wolves,タグ「luna wolves」,RELAXED_KEEP_JA,EXCEPTION,LANGUAGE_SANITY_UNCHANGED
lunacy_(limbus_company),lunacy (limbus company),RELAXED_CANONICAL_FALLBACK,EXCEPTION,LANGUAGE_SANITY_CANONICAL_FALLBACK
lunar_eclipse,月食,RELAXED_KEEP_JA,LOW,LANGUAGE_SANITY_UNCHANGED
lunar_invader_trio_(touhou),lunar invader trio (touhou),RELAXED_CANONICAL_FALLBACK,EXCEPTION,LANGUAGE_SANITY_CANONICAL_FALLBACK
lunar_tear,月の涙,RELAXED_KEEP_JA,LOW,LANGUAGE_SANITY_UNCHANGED
lunatic_gun,ルナティックガン,RELAXED_KEEP_JA,LOW,LANGUAGE_SANITY_UNCHANGED
lunch,昼ご飯,RELAXED_KEEP_JA,LOW,LANGUAGE_SANITY_UNCHANGED
lunchbox,弁当箱,RELAXED_KEEP_JA,LOW,LANGUAGE_SANITY_UNCHANGED
lunging,突進,RELAXED_KEEP_JA,LOW,LANGUAGE_SANITY_UNCHANGED
lungmen_dollar,龍門幣,RELAXED_KEEP_JA,LOW,LANGUAGE_SANITY_UNCHANGED
lungmen_logo,lungmenのロゴ,RELAXED_KEEP_JA,EXCEPTION,LANGUAGE_SANITY_UNCHANGED
lungs,肺,RELAXED_KEEP_JA,LOW,LANGUAGE_SANITY_UNCHANGED
lupin_dive,ルパンダイブ,RELAXED_KEEP_JA,LOW,LANGUAGE_SANITY_UNCHANGED
lupine_scarlet_(arknights),狼之绯,RELAXED_KEEP_JA,HIGH,LANGUAGE_SANITY_UNCHANGED
lupinus_(flower),ルピナス,RELAXED_KEEP_JA,HIGH,LANGUAGE_SANITY_UNCHANGED
lure,ルアー,RELAXED_KEEP_JA,LOW,LANGUAGE_SANITY_UNCHANGED
lure_ball,ルアーボール,RELAXED_KEEP_JA,LOW,LANGUAGE_SANITY_UNCHANGED
lute_(instrument),鲁特琴,RELAXED_KEEP_JA,HIGH,LANGUAGE_SANITY_UNCHANGED
luxiem,タグ「luxiem」,RELAXED_KEEP_JA,EXCEPTION,LANGUAGE_SANITY_UNCHANGED
luxury_(idolmaster),luxury (idolmaster),RELAXED_CANONICAL_FALLBACK,EXCEPTION,LANGUAGE_SANITY_CANONICAL_FALLBACK
luxury_ball,ゴージャスボール,RELAXED_KEEP_JA,LOW,LANGUAGE_SANITY_UNCHANGED
lychee,ライチ,RELAXED_KEEP_JA,LOW,LANGUAGE_SANITY_UNCHANGED
lycoris_challenge_(meme),リコリスチャレンジ（ミーム）,RELAXED_KEEP_JA,HIGH,LANGUAGE_SANITY_UNCHANGED
lycoris_uniform,リコリスユニフォーム,RELAXED_KEEP_JA,LOW,LANGUAGE_SANITY_UNCHANGED
lydian_academy_school_uniform,リディアンアカデミーユニフォーム,RELAXED_KEEP_JA,LOW,LANGUAGE_SANITY_UNCHANGED
lying_on_animal,lyingの上の動物,RELAXED_KEEP_JA,EXCEPTION,LANGUAGE_SANITY_UNCHANGED
lying_on_another,別のものに横たわっています,RELAXED_KEEP_JA,LOW,LANGUAGE_SANITY_UNCHANGED
lying_on_ball,lyingの上のボール,RELAXED_KEEP_JA,EXCEPTION,LANGUAGE_SANITY_UNCHANGED
lying_on_branch,lyingの上のbranch,RELAXED_KEEP_JA,EXCEPTION,LANGUAGE_SANITY_UNCHANGED
lying_on_clothes,lyingの上の服,RELAXED_KEEP_JA,EXCEPTION,LANGUAGE_SANITY_UNCHANGED
lying_on_lap,膝の上に横たわっています,RELAXED_KEEP_JA,LOW,LANGUAGE_SANITY_UNCHANGED
lying_on_water,水の上に横たわっています,RELAXED_KEEP_JA,LOW,LANGUAGE_SANITY_UNCHANGED
lying_upside-down,lying・upside・下向きの,RELAXED_KEEP_JA,EXCEPTION,LANGUAGE_SANITY_UNCHANGED
lynx,オオヤマネコ,RELAXED_KEEP_JA,LOW,LANGUAGE_SANITY_UNCHANGED
lyra_(constellation),こと座,RELAXED_KEEP_JA,HIGH,LANGUAGE_SANITY_UNCHANGED
lyra_(pokemon)_(cosplay),ライラ（ポケモン）（コスプレ）,RELAXED_KEEP_JA,HIGH,LANGUAGE_SANITY_UNCHANGED
lyre,リラ(竪琴),RELAXED_KEEP_JA,LOW,LANGUAGE_SANITY_UNCHANGED
m._bison_(cosplay),m. bison (cosplay),RELAXED_CANONICAL_FALLBACK,EXCEPTION,LANGUAGE_SANITY_CANONICAL_FALLBACK
m110_sass,タグ「m110 sass」,RELAXED_KEEP_JA,EXCEPTION,LANGUAGE_SANITY_UNCHANGED
m134_minigun,M134ミニガン,RELAXED_KEEP_JA,EXCEPTION,LANGUAGE_SANITY_UNCHANGED
m14,m14,RELAXED_CANONICAL_FALLBACK,EXCEPTION,LANGUAGE_SANITY_CANONICAL_FALLBACK
m16,m16,RELAXED_CANONICAL_FALLBACK,EXCEPTION,LANGUAGE_SANITY_CANONICAL_FALLBACK
m16a1,m16a1,RELAXED_CANONICAL_FALLBACK,EXCEPTION,LANGUAGE_SANITY_CANONICAL_FALLBACK
m16a2,コルト・カナダC7,RELAXED_KEEP_JA,LOW,LANGUAGE_SANITY_UNCHANGED
m16a4,m16a4,RELAXED_CANONICAL_FALLBACK,EXCEPTION,LANGUAGE_SANITY_CANONICAL_FALLBACK
m1903_springfield,スプリングフィールドM1903,RELAXED_KEEP_JA,EXCEPTION,LANGUAGE_SANITY_UNCHANGED
m1904_mastiff,M1904マスティフ,RELAXED_KEEP_JA,EXCEPTION,LANGUAGE_SANITY_UNCHANGED
m1911,コルトガバメント,RELAXED_KEEP_JA,LOW,LANGUAGE_SANITY_UNCHANGED
m1918_bar,M1918バー,RELAXED_KEEP_JA,EXCEPTION,LANGUAGE_SANITY_UNCHANGED
m1_abrams,M1エイブラムス,RELAXED_KEEP_JA,EXCEPTION,LANGUAGE_SANITY_UNCHANGED
m1_bazooka,バズーカ,RELAXED_KEEP_JA,LOW,LANGUAGE_SANITY_UNCHANGED
m1_carbine,M1カービン,RELAXED_KEEP_JA,EXCEPTION,LANGUAGE_SANITY_UNCHANGED
m1_garand,M1ガーランド,RELAXED_KEEP_JA,EXCEPTION,LANGUAGE_SANITY_UNCHANGED
m1_helmet,M1ヘルメット,RELAXED_KEEP_JA,EXCEPTION,LANGUAGE_SANITY_UNCHANGED
m202_flash,タグ「m202 flash」,RELAXED_KEEP_JA,EXCEPTION,LANGUAGE_SANITY_UNCHANGED
m203,m203,RELAXED_CANONICAL_FALLBACK,EXCEPTION,LANGUAGE_SANITY_CANONICAL_FALLBACK
m21,m21,RELAXED_CANONICAL_FALLBACK,EXCEPTION,LANGUAGE_SANITY_CANONICAL_FALLBACK
m240,m240,RELAXED_CANONICAL_FALLBACK,EXCEPTION,LANGUAGE_SANITY_CANONICAL_FALLBACK
m249_saw,タグ「m249 saw」,RELAXED_KEEP_JA,EXCEPTION,LANGUAGE_SANITY_UNCHANGED
m320,m320,RELAXED_CANONICAL_FALLBACK,EXCEPTION,LANGUAGE_SANITY_CANONICAL_FALLBACK
m3_lee/grant,タグ「m3 lee/grant」,RELAXED_KEEP_JA,EXCEPTION,LANGUAGE_SANITY_UNCHANGED
m3_submachine_gun,グリースガン,RELAXED_KEEP_JA,LOW,LANGUAGE_SANITY_UNCHANGED
m43_field_cap,m43・field・帽子,RELAXED_KEEP_JA,EXCEPTION,LANGUAGE_SANITY_UNCHANGED
m4_carbine,M4カービン,RELAXED_KEEP_JA,EXCEPTION,LANGUAGE_SANITY_UNCHANGED
m4_sherman,M4シャーマン,RELAXED_KEEP_JA,EXCEPTION,LANGUAGE_SANITY_UNCHANGED
m60_(machine_gun),タグ「m60 (machine gun)」,RELAXED_KEEP_JA,EXCEPTION,LANGUAGE_SANITY_UNCHANGED
m6a_seiran,晴嵐,RELAXED_KEEP_JA,LOW,LANGUAGE_SANITY_UNCHANGED
m79,m79,RELAXED_CANONICAL_FALLBACK,EXCEPTION,LANGUAGE_SANITY_CANONICAL_FALLBACK
m87_black_hole,M87ブラックホール,RELAXED_KEEP_JA,EXCEPTION,LANGUAGE_SANITY_UNCHANGED
ma5,ma5,RELAXED_CANONICAL_FALLBACK,EXCEPTION,LANGUAGE_SANITY_CANONICAL_FALLBACK
mab_pa-15,タグ「mab pa-15」,RELAXED_KEEP_JA,EXCEPTION,LANGUAGE_SANITY_UNCHANGED
maboroshi_no_ginzuishou,幻の銀水晶,RELAXED_KEEP_JA,LOW,LANGUAGE_SANITY_UNCHANGED
mac-10/11,イングラムM11,RELAXED_KEEP_JA,HIGH,LANGUAGE_SANITY_UNCHANGED
macaron,マカロン,RELAXED_KEEP_JA,LOW,LANGUAGE_SANITY_UNCHANGED
macaron_background,マカロンの背景,RELAXED_KEEP_JA,LOW,LANGUAGE_SANITY_UNCHANGED
macaw,コンゴウインコ,RELAXED_KEEP_JA,LOW,LANGUAGE_SANITY_UNCHANGED
macbook,マックブック,RELAXED_KEEP_JA,LOW,LANGUAGE_SANITY_UNCHANGED
mace,メイス,RELAXED_KEEP_JA,LOW,LANGUAGE_SANITY_UNCHANGED
machete,マチェット,RELAXED_KEEP_JA,LOW,LANGUAGE_SANITY_UNCHANGED
machine_gun,マシンガン,RELAXED_KEEP_JA,LOW,LANGUAGE_SANITY_UNCHANGED
macintosh,マッキントッシュ,RELAXED_KEEP_JA,LOW,LANGUAGE_SANITY_UNCHANGED
mackerel_(fish),サバ,RELAXED_KEEP_JA,HIGH,LANGUAGE_SANITY_UNCHANGED
mackintosh_rose,マッキントッシュローズ,RELAXED_KEEP_JA,LOW,LANGUAGE_SANITY_UNCHANGED
maclone,マクロン,RELAXED_KEEP_JA,LOW,LANGUAGE_SANITY_UNCHANGED
macuahuitl,マクアウィトル,RELAXED_KEEP_JA,LOW,LANGUAGE_SANITY_UNCHANGED
mad_burnish,マッドバーニッシュ,RELAXED_KEEP_JA,LOW,LANGUAGE_SANITY_UNCHANGED
mad_hatter_(alice_in_wonderland)_(cosplay),マッドハッター（不思議の国のアリス）（コスプレ）,RELAXED_KEEP_JA,HIGH,LANGUAGE_SANITY_UNCHANGED
mad_scientist,マッドサイエンティスト,RELAXED_KEEP_JA,LOW,LANGUAGE_SANITY_UNCHANGED
madeleine,タグ「madeleine」,RELAXED_KEEP_JA,LOW,LANGUAGE_SANITY_UNCHANGED
madoka_runes,まどか文字,RELAXED_KEEP_JA,LOW,LANGUAGE_SANITY_UNCHANGED
madoromi_no_yakusoku,まどろみの約束,RELAXED_KEEP_JA,LOW,LANGUAGE_SANITY_UNCHANGED
maetenkan,まえてんかん,RELAXED_KEEP_JA,LOW,LANGUAGE_SANITY_UNCHANGED
mafia,マフィア,RELAXED_KEEP_JA,LOW,LANGUAGE_SANITY_UNCHANGED
mafia_(holostars),魔フィア,RELAXED_KEEP_JA,HIGH,LANGUAGE_SANITY_UNCHANGED
magatama,勾玉,RELAXED_KEEP_JA,LOW,LANGUAGE_SANITY_UNCHANGED
magatama_earrings,マガタマイヤリング,RELAXED_KEEP_JA,LOW,LANGUAGE_SANITY_UNCHANGED
magatama_hair_ornament,マガタマの髪の飾り,RELAXED_KEEP_JA,LOW,LANGUAGE_SANITY_UNCHANGED
magatama_necklace,マガタマのネックレス,RELAXED_KEEP_JA,LOW,LANGUAGE_SANITY_UNCHANGED
magatama_print,magatamaの柄,RELAXED_KEEP_JA,EXCEPTION,LANGUAGE_SANITY_UNCHANGED
magazine_(weapon),マガジン,RELAXED_KEEP_JA,HIGH,LANGUAGE_SANITY_UNCHANGED
magazine_cover,雑誌の表紙,RELAXED_KEEP_JA,LOW,LANGUAGE_SANITY_UNCHANGED
magazine_ejection,雑誌の排出,RELAXED_KEEP_JA,LOW,LANGUAGE_SANITY_UNCHANGED
magazine_rack,マガジンラック,RELAXED_KEEP_JA,LOW,LANGUAGE_SANITY_UNCHANGED
mage_(dq3)_(cosplay),メイジ（DQ3）（コスプレ）,RELAXED_KEEP_JA,EXCEPTION,LANGUAGE_SANITY_UNCHANGED
mage_masher,メイジマッシャー,RELAXED_KEEP_JA,LOW,LANGUAGE_SANITY_UNCHANGED
mage_staff,魔法の杖,RELAXED_KEEP_JA,LOW,LANGUAGE_SANITY_UNCHANGED
maggot,うじ,RELAXED_KEEP_JA,LOW,LANGUAGE_SANITY_UNCHANGED
magia_baiser_(cosplay),magia baiser (cosplay),RELAXED_CANONICAL_FALLBACK,EXCEPTION,LANGUAGE_SANITY_CANONICAL_FALLBACK
magic_arm,magic・腕,RELAXED_KEEP_JA,EXCEPTION,LANGUAGE_SANITY_UNCHANGED
magic_bullet_(e.g.o),magic bullet (e.g.o),RELAXED_CANONICAL_FALLBACK,EXCEPTION,LANGUAGE_SANITY_CANONICAL_FALLBACK
magic_carpet,魔法の絨毯,RELAXED_KEEP_JA,LOW,LANGUAGE_SANITY_UNCHANGED
magic_circle_background,magic circleの背景,RELAXED_KEEP_JA,EXCEPTION,LANGUAGE_SANITY_UNCHANGED
magic_circle_floating_ahead_hand,magic・円形の浮遊する・ahead・手,RELAXED_KEEP_JA,EXCEPTION,LANGUAGE_SANITY_UNCHANGED
magic_pen_(twisted_wonderland),タグ「magic pen (twisted wonderland)」,RELAXED_KEEP_JA,EXCEPTION,LANGUAGE_SANITY_UNCHANGED
magic_school_uniform_(mahou_girls_precure!),魔法学校(プリキュア),RELAXED_KEEP_JA,HIGH,LANGUAGE_SANITY_UNCHANGED
magical_boy,魔法少年,RELAXED_KEEP_JA,LOW,LANGUAGE_SANITY_UNCHANGED
magical_musket_(madoka_magica),マジカルマスケット銃,RELAXED_KEEP_JA,HIGH,LANGUAGE_SANITY_UNCHANGED
magician's_wand,タグ「magician's wand」,RELAXED_KEEP_JA,EXCEPTION,LANGUAGE_SANITY_UNCHANGED
magicite,魔石(ファイナルファンタジーVI),RELAXED_KEEP_JA,LOW,LANGUAGE_SANITY_UNCHANGED
magik's_crown,タグ「magik's crown」,RELAXED_KEEP_JA,EXCEPTION,LANGUAGE_SANITY_UNCHANGED
maginot_military_uniform,maginot militaryの制服,RELAXED_KEEP_JA,EXCEPTION,LANGUAGE_SANITY_UNCHANGED
maginot_school_uniform,maginotの学校制服,RELAXED_KEEP_JA,EXCEPTION,LANGUAGE_SANITY_UNCHANGED
