slice_index,row_id,canonical_tag,category,post_count,review_result,review_note
1,I70-012988,yamanashi_haruka,Character,201,UNCERTAIN,Additional evidence search did not establish a safe identity match; kept UNCERTAIN.
2,I70-021864,simon_jackson,Character,101,IN_2D,Resolved in MANUAL_SCOPE_BATCH_062 after evidence-assisted residual review.
3,I70-030610,hob_&_nob,Character,62,IN_2D,Resolved in MANUAL_SCOPE_BATCH_062 after evidence-assisted residual review.
4,I70-031931,somei_sakura,Character,59,IN_2D,Resolved in MANUAL_SCOPE_BATCH_062 after evidence-assisted residual review.
5,I70-032939,ihara_saeko,Character,56,UNCERTAIN,Additional evidence search did not establish a safe identity match; kept UNCERTAIN.
6,I70-033602,shadow_giant,Character,55,IN_2D,Resolved in MANUAL_SCOPE_BATCH_062 after evidence-assisted residual review.
7,I70-035180,kisaki_kanann,Character,51,IN_2D,Resolved in MANUAL_SCOPE_BATCH_062 after evidence-assisted residual review.
8,I70-035181,kisaki_souhei,Character,51,IN_2D,Resolved in MANUAL_SCOPE_BATCH_062 after evidence-assisted residual review.
9,I70-035748,princess_juliette,Character,50,IN_2D,Resolved in MANUAL_SCOPE_BATCH_062 after evidence-assisted residual review.
