"row_id","canonical_tag","category","category_name","post_count","source_aliases","verified_aliases","existing_display_ja","existing_search_ja","existing_candidate_ja","existing_rejected_ja","related_copyright_candidates","display_ja","search_ja","translation_status","translation_note"
"I70-070501","uissu","1","Artist","96","qlhbwyv","qlhbwyv","","","","","","","","PENDING",""
"I70-070502","ukimesato","1","Artist","96","","","","","Ukimesato","","","","","PENDING",""
"I70-070503","umi_(umi02)","1","Artist","96","umi02,umi_(pixiv27068)","umi (pixiv27068) | umi02","","","umi（umi02）","","","","","PENDING",""
"I70-070504","usaba_(usabara_c)","1","Artist","96","","","","","ウサバ（ウサバラC）","","","","","PENDING",""
"I70-070505","vanko_(vank0a)","1","Artist","96","vank0a,vank0art","vank0a | vank0art","","","","","","","","PENDING",""
"I70-070506","vellark","1","Artist","96","","","","","Vellark","","","","","PENDING",""
"I70-070507","volcanoyyy","1","Artist","96","","","","","","","","","","PENDING",""
"I70-070508","w02_14","1","Artist","96","","","","","","","","","","PENDING",""
"I70-070509","wasemkn","1","Artist","96","wase3","wase3","","","","","","","","PENDING",""
"I70-070510","wasu","1","Artist","96","","","","","だつ","","","","","PENDING",""
"I70-070511","watanabe_wataru_(character_designer)","1","Artist","96","","","","","渡辺ワタル（キャラクターデザイナー）","","","","","PENDING",""
"I70-070512","whitelily_bread","1","Artist","96","","","","","ホワイトリーパン","","","","","PENDING",""
"I70-070513","whoopin","1","Artist","96","","","","","ウーピン","","","","","PENDING",""
"I70-070514","woborou","1","Artist","96","","","","","woborou","","","","","PENDING",""
"I70-070515","wodminec","1","Artist","96","erbrobruh","erbrobruh","","","","","","","","PENDING",""
"I70-070516","x_x_(batttsu_404)","1","Artist","96","a_wrx444444","a wrx444444","","","","","","","","PENDING",""
"I70-070517","xiaoxiao_de_kuangsan","1","Artist","96","","","","","Xiaoxiao de Kuangsan","","","","","PENDING",""
"I70-070518","yamasan_(hachiman)","1","Artist","96","yamako777","yamako777","","","ヤマサン（ハチマン）","","","","","PENDING",""
"I70-070519","yancao_(pixiv_103434280)","1","Artist","96","","","","","","","","","","PENDING",""
"I70-070520","yanmaami","1","Artist","96","aksangrave","aksangrave","","","ヤンマアミ","","","","","PENDING",""
"I70-070521","yijiufantexi","1","Artist","96","","","","","","","","","","PENDING",""
"I70-070522","yingdaoyicha","1","Artist","96","","","","","","","","","","PENDING",""
"I70-070523","yiyiyiyi670","1","Artist","96","","","","","","","","","","PENDING",""
"I70-070524","yoko_hata","1","Artist","96","","","","","","","","","","PENDING",""
"I70-070525","yomotobi","1","Artist","96","yomo_(isaribinoumi),yomotsu00","yomo (isaribinoumi) | yomotsu00","","","","","","","","PENDING",""
"I70-070526","yosua_0669","1","Artist","96","","","","","","","","","","PENDING",""
"I70-070527","ytk_(yutta-p)","1","Artist","96","","","","","ytk（yutta-p）","","","","","PENDING",""
"I70-070528","yuhito_(ablbex)","1","Artist","96","","","","","Yuhito（ablbex）","","","","","PENDING",""
"I70-070529","yuki_ahiru","1","Artist","96","","","","","ユキ・アヒル","","","","","PENDING",""
"I70-070530","yumo_(mimengfeixue)","1","Artist","96","mimengfeixue","mimengfeixue","","","Mimengfeixue","","","","","PENDING",""
"I70-070531","yutori_z71","1","Artist","96","","","","","","","","","","PENDING",""
"I70-070532","yztp_(sanmery)","1","Artist","96","","","","","yztp（サンメリー）","","","","","PENDING",""
"I70-070533","zc_furuya","1","Artist","96","","","","","","","","","","PENDING",""
"I70-070534","zkstxxx","1","Artist","96","","","","","zkstxxx","","","","","PENDING",""
"I70-070535","zuraa_(naunau_seijin)","1","Artist","96","","","","","","","","","","PENDING",""
"I70-070536","001machi","1","Artist","95","","","","","001MACHI","","","","","PENDING",""
"I70-070537","01pado_pado","1","Artist","95","0_0c0ff","0 0c0ff","","","","","","","","PENDING",""
"I70-070538","3e","1","Artist","95","","","","","3e","","","","","PENDING",""
"I70-070539","4711_(xx)","1","Artist","95","","","","","","","","","","PENDING",""
"I70-070540","9urodine","1","Artist","95","immakkn","immakkn","","","","","","","","PENDING",""
"I70-070541","acerbi","1","Artist","95","","","","","アセルビ","","","","","PENDING",""
"I70-070542","achikoako","1","Artist","95","achikoaco","achikoaco","","","アチココ","","","","","PENDING",""
"I70-070543","aco_(bearchannel)","1","Artist","95","ako_(antoraacoyu0214)","ako (antoraacoyu0214)","","","","","","","","PENDING",""
"I70-070544","aiu_eo","1","Artist","95","","","","","aiu eo","","","","","PENDING",""
"I70-070545","akagyogun","1","Artist","95","","","","","","","","","","PENDING",""
"I70-070546","akami_fumio","1","Artist","95","","","","","アカミフミオ","","","","","PENDING",""
"I70-070547","akino_sakura","1","Artist","95","","","","","","","","","","PENDING",""
"I70-070548","akira_yoru","1","Artist","95","","","","","","","","","","PENDING",""
"I70-070549","akiyama_nenehisa","1","Artist","95","","","","","秋山nenehisa","","","","","PENDING",""
"I70-070550","alfie_(tmdals7645)","1","Artist","95","","","","","","","","","","PENDING",""
"I70-070551","alumina_(kennmeidesu)","1","Artist","95","","","","","アルミナ（Kennmeidesu）","","","","","PENDING",""
"I70-070552","ankry","1","Artist","95","merak0901","merak0901","","","","","","","","PENDING",""
"I70-070553","anotsugini_kuruji","1","Artist","95","lolipaedq,kuruji","kuruji | lolipaedq","","","","","","","","PENDING",""
"I70-070554","aoitsuki","1","Artist","95","tsuki_02,blackdog_01,blackdog_1","blackdog 01 | blackdog 1 | tsuki 02","","","","","","","","PENDING",""
"I70-070555","aonagimay","1","Artist","95","aonagi07","aonagi07","","","","","","","","PENDING",""
"I70-070556","arakan","1","Artist","95","","","","","","","","","","PENDING",""
"I70-070557","areaaaron","1","Artist","95","","","","","エリアアロン","","","","","PENDING",""
"I70-070558","arigiep","1","Artist","95","","","","","Arigiep","","","","","PENDING",""
"I70-070559","asahi_(vjss4548)","1","Artist","95","","","","","アサヒ（VJSS4548）","","","","","PENDING",""
"I70-070560","asazuke25","1","Artist","95","","","","","asazuke25","","","","","PENDING",""
"I70-070561","ashitaba_tomorou","1","Artist","95","","","","","Ashitaba Tomorou","","","","","PENDING",""
"I70-070562","awan_raccoon","1","Artist","95","","","","","","","","","","PENDING",""
"I70-070563","bao_(pixiv_99415611)","1","Artist","95","","","","","","","","","","PENDING",""
"I70-070564","bassa","1","Artist","95","","","","","バッサ","","","","","PENDING",""
"I70-070565","blackcat_enjia","1","Artist","95","","","","","","","","","","PENDING",""
"I70-070566","bliss_(ferment_factory)","1","Artist","95","bliss_(artist)","bliss (artist)","","","Bliss（発酵工場）","","","","","PENDING",""
"I70-070567","bo_(bo)","1","Artist","95","","","","","","","","","","PENDING",""
"I70-070568","bokuhakiyoshi","1","Artist","95","","","","","","","","","","PENDING",""
"I70-070569","boxman","1","Artist","95","","","","","ボックスマン","","","","","PENDING",""
"I70-070570","brh","1","Artist","95","","","","","","","","","","PENDING",""
"I70-070571","butter_curry","1","Artist","95","","","","","バターカレー","","","","","PENDING",""
"I70-070572","c520gpss","1","Artist","95","","","","","","","","","","PENDING",""
"I70-070573","cacao_(chocolat)","1","Artist","95","","","","","カカオ（ショコラ）","","","","","PENDING",""
"I70-070574","cambocreation","1","Artist","95","","","","","","","","","","PENDING",""
"I70-070575","cbpea1","1","Artist","95","","","","","","","","","","PENDING",""
"I70-070576","chemaru_(a8l)","1","Artist","95","","","","","Chemaru（A8L）","","","","","PENDING",""
"I70-070577","chidori_nekoro","1","Artist","95","","","","","チドリ・ネコロ","","","","","PENDING",""
"I70-070578","chirpy","1","Artist","95","","","","","","","","","","PENDING",""
"I70-070579","chocotomamenoki","1","Artist","95","","","","","","","","","","PENDING",""
"I70-070580","chunafishy","1","Artist","95","","","","","","","","","","PENDING",""
"I70-070581","chung_cthemax","1","Artist","95","","","","","Chung Cthemax","","","","","PENDING",""
"I70-070582","chuu0105","1","Artist","95","jjuu0105","jjuu0105","","","","","","","","PENDING",""
"I70-070583","ciza_gomi","1","Artist","95","","","","","","","","","","PENDING",""
"I70-070584","cl-55","1","Artist","95","","","","","CL-55","","","","","PENDING",""
"I70-070585","comaya","1","Artist","95","coma_(light825)","coma (light825)","","","","","","","","PENDING",""
"I70-070586","cp2980606","1","Artist","95","","","","","CP2980606","","","","","PENDING",""
"I70-070587","cqingwei","1","Artist","95","","","","","cqingwei","","","","","PENDING",""
"I70-070588","criangle_k.","1","Artist","95","","","","","","","","","","PENDING",""
"I70-070589","cwdw","1","Artist","95","","","","","","","","","","PENDING",""
"I70-070590","cyprus_(circle)","1","Artist","95","","","","","","","","","","PENDING",""
"I70-070591","dameyoshi","1","Artist","95","","","","","Dameyoshi","","","","","PENDING",""
"I70-070592","danishi","1","Artist","95","","","","","ダニシ","","","","","PENDING",""
"I70-070593","didi_daisukedoi","1","Artist","95","","","","","","","","","","PENDING",""
"I70-070594","don3","1","Artist","95","","","","","don3","","","","","PENDING",""
"I70-070595","drenched-in-sunlight","1","Artist","95","","","","","sunlightにびしょぬれになっています","","","","","PENDING",""
"I70-070596","ebina_souichi","1","Artist","95","","","","","エビナ・ソイチ","","","","","PENDING",""
"I70-070597","els_(ljhlee12)","1","Artist","95","","","","","Els（ljhlee12）","","","","","PENDING",""
"I70-070598","ena_1510","1","Artist","95","","","","","","","","","","PENDING",""
"I70-070599","enozuderu","1","Artist","95","","","","","","","","","","PENDING",""
"I70-070600","erise","1","Artist","95","","","","","エリス","","","","","PENDING",""
"I70-070601","et.m","1","Artist","95","","","","","et.m","","","","","PENDING",""
"I70-070602","etoile","1","Artist","95","etot_qaq","etot qaq","","","etoile","","","","","PENDING",""
"I70-070603","feibai","1","Artist","95","zechengfeibai,36361825","36361825 | zechengfeibai","","","","","","","","PENDING",""
"I70-070604","fii_fii_(feefeeowo)","1","Artist","95","","","","","fii fii（feefeeowo）","","","","","PENDING",""
"I70-070605","florbetriz","1","Artist","95","","","","","Florbetriz","","","","","PENDING",""
"I70-070606","fourleafisland","1","Artist","95","magicact,catmask,fourleaf","catmask | fourleaf | magicact","","","","","","","","PENDING",""
"I70-070607","fujiwara_hiro_(kaede_ciao)","1","Artist","95","","","","","","","","","","PENDING",""
"I70-070608","furry_breeder_axia","1","Artist","95","","","","","","","","","","PENDING",""
"I70-070609","fushicho","1","Artist","95","hani_wahanihani","hani wahanihani","","","フシチョ","","","","","PENDING",""
"I70-070610","geru","1","Artist","95","","","","","ゲル","","","","","PENDING",""
"I70-070611","glider_(guraida)","1","Artist","95","","","","","","","","","","PENDING",""
"I70-070612","gomiri","1","Artist","95","","","","","","","","","","PENDING",""
"I70-070613","gratam","1","Artist","95","","","","","","","","","","PENDING",""
"I70-070614","haiwo","1","Artist","95","","","","","","","","","","PENDING",""
"I70-070615","ham3c","1","Artist","95","","","","","","","","","","PENDING",""
"I70-070616","hana_kon_(17aaammm)","1","Artist","95","hanai_(vvvv089)","hanai (vvvv089)","","","ハナコン（17AAAMMM）","","","","","PENDING",""
"I70-070617","hani_(udauda)","1","Artist","95","udaha283","udaha283","","","ハニ（ウダウダ）","","","","","PENDING",""
"I70-070618","haruto_yuki","1","Artist","95","shino_haruto","shino haruto","","","ハルト・ユキ","","","","","PENDING",""
"I70-070619","hawthorn","1","Artist","95","","","","","ホーソーン","","","","","PENDING",""
"I70-070620","hazuki_yuzuru","1","Artist","95","nuotaro0913,yudu_twt","nuotaro0913 | yudu twt","","","","","","","","PENDING",""
"I70-070621","herurun","1","Artist","95","","","","","Herurun","","","","","PENDING",""
"I70-070622","hinamikan","1","Artist","95","","","","","ヒナミカン","","","","","PENDING",""
"I70-070623","hinase_(jet_hearts)","1","Artist","95","","","","","ヒナーゼ（ジェットハート）","","","","","PENDING",""
"I70-070624","hiraga_daidai","1","Artist","95","","","","","ヒラガ・ダイダイ","","","","","PENDING",""
"I70-070625","hisaka_hazara","1","Artist","95","","","","","ヒサカ・ハザラ","","","","","PENDING",""
"I70-070626","homura_(hmr0222)","1","Artist","95","homura910210","homura910210","","","","","","","","PENDING",""
"I70-070627","hoshizaki_hikaru","1","Artist","95","","","","","hoshizaki hikaru","","","","","PENDING",""
"I70-070628","how_long","1","Artist","95","","","","","","","","","","PENDING",""
"I70-070629","hozumi_takashi","1","Artist","95","","","","","Hozumi Takashi","","","","","PENDING",""
"I70-070630","iccoco","1","Artist","95","","","","","iccoco","","","","","PENDING",""
"I70-070631","ifevilwhyuhot","1","Artist","95","","","","","","","","","","PENDING",""
"I70-070632","ignite_(artist)","1","Artist","95","","","","","Ignite（アーティスト）","","","","","PENDING",""
"I70-070633","illegalwaifus","1","Artist","95","","","","","","","","","","PENDING",""
"I70-070634","inuowour","1","Artist","95","","","","","","","","","","PENDING",""
"I70-070635","iruka_no_kasa_(dolphin_diary)","1","Artist","95","user_cudv3743,dolphin-diary","dolphin-diary | user cudv3743","","","","","","","","PENDING",""
"I70-070636","isabel_(chabeescalante)","1","Artist","95","isabelescask","isabelescask","","","","","","","","PENDING",""
"I70-070637","iseno_yajin","1","Artist","95","","","","","イセノヤジン","","","","","PENDING",""
"I70-070638","ito_yoki","1","Artist","95","","","","","","","","","","PENDING",""
"I70-070639","ivan_ramirez","1","Artist","95","","","","","","","","","","PENDING",""
"I70-070640","izayoi_cha","1","Artist","95","","","","","イザヨイチャ","","","","","PENDING",""
"I70-070641","jack_(darkshero)","1","Artist","95","","","","","ジャック（ダークシェロ）","","","","","PENDING",""
"I70-070642","jack_(jacknoeaka)","1","Artist","95","","","","","ジャック（ジャックノーカ）","","","","","PENDING",""
"I70-070643","jinbei_(jinbei0608)","1","Artist","95","","","","","","","","","","PENDING",""
"I70-070644","joannazelle","1","Artist","95","ja-punkster","ja-punkster","","","Ja-Punkster","","","","","PENDING",""
"I70-070645","jobin_chan","1","Artist","95","jobinchan,luisser93591107","jobinchan | luisser93591107","","","","","","","","PENDING",""
"I70-070646","jouji_(honjitsu_kesseki)","1","Artist","95","honketsu","honketsu","","","","","","","","PENDING",""
"I70-070647","jung_wonjo","1","Artist","95","","","","","ジョン・ウォンジョ","","","","","PENDING",""
"I70-070648","k2_(hibiki09)","1","Artist","95","","","","","K2（hibiki09）","","","","","PENDING",""
"I70-070649","kaen_miso","1","Artist","95","","","","","Kaen Miso","","","","","PENDING",""
"I70-070650","kaiend","1","Artist","95","","","","","Kaiend","","","","","PENDING",""
"I70-070651","kaisanbutsu","1","Artist","95","","","","","Kaisanbutsu","","","","","PENDING",""
"I70-070652","kakineko","1","Artist","95","","","","","","","","","","PENDING",""
"I70-070653","kamio_fukuchi","1","Artist","95","","","","","","","","","","PENDING",""
"I70-070654","kate_avery","1","Artist","95","","","","","","","","","","PENDING",""
"I70-070655","katosh","1","Artist","95","katoshseisou","katoshseisou","","","","","","","","PENDING",""
"I70-070656","katou_techu","1","Artist","95","","","","","katou techu","","","","","PENDING",""
"I70-070657","kayav","1","Artist","95","","","","","","","","","","PENDING",""
"I70-070658","kayu_(yukagoin)","1","Artist","95","","","","","","","","","","PENDING",""
"I70-070659","kirisaki_(gin16k)","1","Artist","95","","","","","","","","","","PENDING",""
"I70-070660","kmes_niku","1","Artist","95","meijishiron","meijishiron","","","","","","","","PENDING",""
"I70-070661","koishi_(kiwi0314)","1","Artist","95","kiwi0314","kiwi0314","","","","","","","","PENDING",""
"I70-070662","komiya_nigi","1","Artist","95","","","","","komiya nigi","","","","","PENDING",""
"I70-070663","komiya_shuu","1","Artist","95","kitsunemiyoru","kitsunemiyoru","","","","","","","","PENDING",""
"I70-070664","konnyaku_(yuukachan_51)","1","Artist","95","","","","","Konnyaku（ユウカチャン51）","","","","","PENDING",""
"I70-070665","kristallion","1","Artist","95","","","","","","","","","","PENDING",""
"I70-070666","kuca_(ku_ca18)","1","Artist","95","","","","","","","","","","PENDING",""
"I70-070667","kududama","1","Artist","95","","","","","","","","","","PENDING",""
"I70-070668","kui_ryouko","1","Artist","95","","","","","","","","","","PENDING",""
"I70-070669","kujira_pyon_ka","1","Artist","95","","","","","","","","","","PENDING",""
"I70-070670","kumanoko","1","Artist","95","","","","","クマノコ","","","","","PENDING",""
"I70-070671","kuromuru","1","Artist","95","","","","","","","","","","PENDING",""
"I70-070672","kyosuke_fujiwara","1","Artist","95","","","","","藤川京都","","","","","PENDING",""
"I70-070673","kyuraa_(kyura9een)","1","Artist","95","kyura_(kyura9een),kyura9een","kyura (kyura9een) | kyura9een","","","kyuraa（kyura9een）","","","","","PENDING",""
"I70-070674","le21day","1","Artist","95","","","","","","","","","","PENDING",""
"I70-070675","leebigtree","1","Artist","95","","","","","リービグツリー","","","","","PENDING",""
"I70-070676","leone_(kamina0205)","1","Artist","95","kamina0205","kamina0205","","","","","","","","PENDING",""
"I70-070677","lewd_chan","1","Artist","95","","","","","","","","","","PENDING",""
"I70-070678","ligton1225","1","Artist","95","","","","","Ligton1225","","","","","PENDING",""
"I70-070679","lims_(neko2lims)","1","Artist","95","","","","","lims（neko2lims）","","","","","PENDING",""
"I70-070680","livetarica","1","Artist","95","","","","","","","","","","PENDING",""
"I70-070681","loah_66","1","Artist","95","","","","","","","","","","PENDING",""
"I70-070682","ma2acworks","1","Artist","95","","","","","MA2ACWORKS","","","","","PENDING",""
"I70-070683","maguro_kan","1","Artist","95","maguro_(ma_guro),tuna_(artist)","maguro (ma guro) | tuna (artist)","","","","","","","","PENDING",""
"I70-070684","mahigu_re","1","Artist","95","","","","","","","","","","PENDING",""
"I70-070685","mantarou_(shiawase_no_aoi_tori)","1","Artist","95","","","","","Mantarou（shiawase no aoi tori）","","","","","PENDING",""
"I70-070686","maplestar","1","Artist","95","","","","","","","","","","PENDING",""
"I70-070687","markydaysaid","1","Artist","95","","","","","","","","","","PENDING",""
"I70-070688","maronie.","1","Artist","95","","","","","マロニー。","","","","","PENDING",""
"I70-070689","mashiro_shiki","1","Artist","95","si10ra,jiga_(sxljt2)","jiga (sxljt2) | si10ra","","","","","","","","PENDING",""
"I70-070690","matsuki_ringo","1","Artist","95","","","","","マツキ・リンゴ","","","","","PENDING",""
"I70-070691","may_salamanya","1","Artist","95","","","","","","","","","","PENDING",""
"I70-070692","m-eine","1","Artist","95","","","","","m-eine","","","","","PENDING",""
"I70-070693","miermere","1","Artist","95","","","","","","","","","","PENDING",""
"I70-070694","mikanniro","1","Artist","95","","","","","ミカンニロ","","","","","PENDING",""
"I70-070695","minazoi_kuina","1","Artist","95","","","","","ミナゾイ・クイナ","","","","","PENDING",""
"I70-070696","mingaru","1","Artist","95","","","","","ミンガル","","","","","PENDING",""
"I70-070697","misocha","1","Artist","95","","","","","Misocha","","","","","PENDING",""
"I70-070698","mitaka","1","Artist","95","","","","","ミタカ","","","","","PENDING",""
"I70-070699","mitche","1","Artist","95","","","","","ミッチェ","","","","","PENDING",""
"I70-070700","miyaulait","1","Artist","95","","","","","miyaulait","","","","","PENDING",""
"I70-070701","mochizuki_tagosaku","1","Artist","95","","","","","","","","","","PENDING",""
"I70-070702","mocomoco_party","1","Artist","95","","","","","モコモコパーティー","","","","","PENDING",""
"I70-070703","moquackja","1","Artist","95","moja_(rainpoow)","moja (rainpoow)","","","モジャ（雨po）","","","","","PENDING",""
"I70-070704","morichika_shuuto","1","Artist","95","","","","","モリチカ・シュート","","","","","PENDING",""
"I70-070705","muto_(n0sug4r)","1","Artist","95","kae610_oekaki","kae610 oekaki","","","","","","","","PENDING",""
"I70-070706","mutou_keiji","1","Artist","95","","","","","Mutou keiji","","","","","PENDING",""
"I70-070707","nagaburo_imoni","1","Artist","95","naga_furo_imoni","naga furo imoni","","","ナガブロ・イモニ","","","","","PENDING",""
"I70-070708","nakamura_naoto","1","Artist","95","","","","","中村直島","","","","","PENDING",""
"I70-070709","nanafuku","1","Artist","95","qi_fu","qi fu","","","","","","","","PENDING",""
"I70-070710","nanahachi_77889","1","Artist","95","","","","","","","","","","PENDING",""
"I70-070711","nanome_to","1","Artist","95","","","","","ナノムへ","","","","","PENDING",""
"I70-070712","nao_takami","1","Artist","95","","","","","","","","","","PENDING",""
"I70-070713","naoki_(xhju8282)","1","Artist","95","","","","","直島（xhju8282）","","","","","PENDING",""
"I70-070714","natari","1","Artist","95","","","","","","","","","","PENDING",""
"I70-070715","nekoranten","1","Artist","95","","","","","","","","","","PENDING",""
"I70-070716","nekoyama_iori","1","Artist","95","","","","","nekoyama iori","","","","","PENDING",""
"I70-070717","netapai1","1","Artist","95","","","","","netapai1","","","","","PENDING",""
"I70-070718","neyti_(neytirv)","1","Artist","95","neytirv","neytirv","","","","","","","","PENDING",""
"I70-070719","nnnnnova","1","Artist","95","","","","","","","","","","PENDING",""
"I70-070720","norinco","1","Artist","95","","","","","ノリンコ","","","","","PENDING",""
"I70-070721","nova_1810","1","Artist","95","","","","","","","","","","PENDING",""
"I70-070722","nyaring943","1","Artist","95","","","","","nyaring943","","","","","PENDING",""
"I70-070723","oden_(odenzzi)","1","Artist","95","","","","","","","","","","PENDING",""
"I70-070724","okbdko123","1","Artist","95","","","","","","","","","","PENDING",""
"I70-070725","omiiverse","1","Artist","95","","","","","omiiverse","","","","","PENDING",""
"I70-070726","oreazu","1","Artist","95","","","","","オレアズ","","","","","PENDING",""
"I70-070727","osakana_tomika","1","Artist","95","","","","","","","","","","PENDING",""
"I70-070728","otani_(kota12ro08)","1","Artist","95","","","","","Otani（Kota12ro08）","","","","","PENDING",""
"I70-070729","other5555","1","Artist","95","","","","","","","","","","PENDING",""
"I70-070730","otoshiro_kosame","1","Artist","95","","","","","otoshiro kosame","","","","","PENDING",""
"I70-070731","ozma_(yozakura)","1","Artist","95","","","","","","","","","","PENDING",""
"I70-070732","phantania","1","Artist","95","","","","","ファンタニア","","","","","PENDING",""
"I70-070733","pickieeeee","1","Artist","95","","","","","pickieeeee","","","","","PENDING",""
"I70-070734","piennamekuzi","1","Artist","95","","","","","ピエナメクジ","","","","","PENDING",""
"I70-070735","qiaose33912","1","Artist","95","","","","","","","","","","PENDING",""
"I70-070736","r.aka.","1","Artist","95","","","","","","","","","","PENDING",""
"I70-070737","raion_(t12k1ro3)","1","Artist","95","","","","","Raion（T12K1ro3）","","","","","PENDING",""
"I70-070738","reason_(ficafe)","1","Artist","95","","","","","理由（ficafe）","","","","","PENDING",""
"I70-070739","renzhi00334233","1","Artist","95","renzhi_renz","renzhi renz","","","","","","","","PENDING",""
"I70-070740","riku_yama","1","Artist","95","","","","","リクヤマ","","","","","PENDING",""
"I70-070741","ririsu082","1","Artist","95","","","","","","","","","","PENDING",""
"I70-070742","roku_(tsua-kihuyu)","1","Artist","95","","","","","roku（tsua-kihuyu）","","","","","PENDING",""
"I70-070743","ruei_(chicking)","1","Artist","95","","","","","ruei（チルキング）","","","","","PENDING",""
"I70-070744","rusty_soul","1","Artist","95","","","","","さびた魂","","","","","PENDING",""
"I70-070745","ruto830","1","Artist","95","","","","","","","","","","PENDING",""
"I70-070746","ryat","1","Artist","95","lyas","lyas","","","","","","","","PENDING",""
"I70-070747","sabamu","1","Artist","95","","","","","サバム","","","","","PENDING",""
"I70-070748","saban","1","Artist","95","","","","","サバン","","","","","PENDING",""
"I70-070749","sakuradamanga","1","Artist","95","","","","","","","","","","PENDING",""
"I70-070750","sannota272","1","Artist","95","","","","","","","","","","PENDING",""
"I70-070751","sbql_(niaunclefan)","1","Artist","95","","","","","","","","","","PENDING",""
"I70-070752","seedkeng","1","Artist","95","","","","","SeedKeng","","","","","PENDING",""
"I70-070753","sei_(karupiza1490208)","1","Artist","95","ks_(ddph3248)","ks (ddph3248)","","","","","","","","PENDING",""
"I70-070754","semham","1","Artist","95","","","","","","","","","","PENDING",""
"I70-070755","senaka_(kamemusikiller0723)","1","Artist","95","","","","","","","","","","PENDING",""
"I70-070756","serizawa_nae","1","Artist","95","","","","","serizawa nae","","","","","PENDING",""
"I70-070757","setsunano","1","Artist","95","","","","","セツナノ","","","","","PENDING",""
"I70-070758","sharpycharot","1","Artist","95","","","","","","","","","","PENDING",""
"I70-070759","shibanui","1","Artist","95","","","","","","","","","","PENDING",""
"I70-070760","shiina_takashi","1","Artist","95","","","","","高橋清","","","","","PENDING",""
"I70-070761","shima_(landsuzume)","1","Artist","95","","","","","島（landsuzume）","","","","","PENDING",""
"I70-070762","shimura_(hosshi)","1","Artist","95","hosshi_(nariagari)","hosshi (nariagari)","","","","","","","","PENDING",""
"I70-070763","shino_megumi","1","Artist","95","","","","","Shino Megumi","","","","","PENDING",""
"I70-070764","shinozaki_kyouko","1","Artist","95","","","","","","","","","","PENDING",""
"I70-070765","shirota_mizuki","1","Artist","95","","","","","shirota mizuki","","","","","PENDING",""
"I70-070766","shulliy_baudelair","1","Artist","95","peechpenku,peachmaiden,jinichu","jinichu | peachmaiden | peechpenku","","","Shulliy Baudelair","","","","","PENDING",""
"I70-070767","si_(wooupp)","1","Artist","95","","","","","","","","","","PENDING",""
"I70-070768","siroooo","1","Artist","95","shibaro_(k_siroooo)","shibaro (k siroooo)","","","シルーー","","","","","PENDING",""
"I70-070769","skidrow","1","Artist","95","","","","","スキドロー","","","","","PENDING",""
"I70-070770","skyloop19","1","Artist","95","","","","","Skyloop19","","","","","PENDING",""
"I70-070771","smcms-m","1","Artist","95","","","","","","","","","","PENDING",""
"I70-070772","soda_(sod4)","1","Artist","95","","","","","","","","","","PENDING",""
"I70-070773","soma_otakuu","1","Artist","95","soma_(user_paze2545)","soma (user paze2545)","","","","","","","","PENDING",""
"I70-070774","soramame_pikuto","1","Artist","95","","","","","Soramame Pikuto","","","","","PENDING",""
"I70-070775","soramaru_ell","1","Artist","95","","","","","","","","","","PENDING",""
"I70-070776","spadelake","1","Artist","95","","","","","Spadelake","","","","","PENDING",""
"I70-070777","sr_ld_fr","1","Artist","95","","","","","","","","","","PENDING",""
"I70-070778","star_(zhongyan88528)","1","Artist","95","star_(sr67305775)","star (sr67305775)","","","","","","","","PENDING",""
"I70-070779","sud_(sudea)","1","Artist","95","rocknroll","rocknroll","","","sud（sudea）","","","","","PENDING",""
"I70-070780","sukenoha","1","Artist","95","jkljkl157","jkljkl157","","","","","","","","PENDING",""
"I70-070781","sukeroku_(treeee)","1","Artist","95","","","","","sukeroku（treeee）","","","","","PENDING",""
"I70-070782","sunapua","1","Artist","95","","","","","スナプア","","","","","PENDING",""
"I70-070783","sunegg1112","1","Artist","95","tamago_(uhdr2338)","tamago (uhdr2338)","","","","","","","","PENDING",""
"I70-070784","sunohara_(encount)","1","Artist","95","","","","","","","","","","PENDING",""
"I70-070785","superfann","1","Artist","95","superfann3","superfann3","","","","","","","","PENDING",""
"I70-070786","tai01","1","Artist","95","","","","","","","","","","PENDING",""
"I70-070787","taisai","1","Artist","95","fosamaguna","fosamaguna","","","タイサイ","","","","","PENDING",""
"I70-070788","takahashi_akira","1","Artist","95","","","","","高橋紅","","","","","PENDING",""
"I70-070789","takano_saki","1","Artist","95","","","","","高野坂","","","","","PENDING",""
"I70-070790","takaya_riku","1","Artist","95","takaya_(nonpoo_0112)","takaya (nonpoo 0112)","","","","","","","","PENDING",""
"I70-070791","takmi","1","Artist","95","","","","","","","","","","PENDING",""
"I70-070792","tamaon","1","Artist","95","tamagoumauma,ta_ma_on","ta ma on | tamagoumauma","","","","","","","","PENDING",""
"I70-070793","tananuki","1","Artist","95","","","","","","","","","","PENDING",""
"I70-070794","tao_(tao15102)","1","Artist","95","","","","","タオ（TAO15102）","","","","","PENDING",""
"I70-070795","taro","1","Artist","95","","","","","サロ","","","","","PENDING",""
"I70-070796","tear_tear0320","1","Artist","95","","","","","涙涙0320","","","","","PENDING",""
"I70-070797","teo_(telo_ruka)","1","Artist","95","","","","","テオ（テロ・ルカ）","","","","","PENDING",""
"I70-070798","ticker_(kks2ksy)","1","Artist","95","","","","","","","","","","PENDING",""
"I70-070799","timitarcat","1","Artist","95","","","","","ティミターキャット","","","","","PENDING",""
"I70-070800","timmoo","1","Artist","95","","","","","","","","","","PENDING",""
"I70-070801","tirauraja","1","Artist","95","","","","","","","","","","PENDING",""
"I70-070802","tokomaya_keita","1","Artist","95","","","","","Tokomaya Keita","","","","","PENDING",""
"I70-070803","tori_no_ou","1","Artist","95","","","","","トーリいいえ","","","","","PENDING",""
"I70-070804","torottye","1","Artist","95","","","","","トロティー","","","","","PENDING",""
"I70-070805","totthii0081","1","Artist","95","","","","","TOTTHII0081","","","","","PENDING",""
"I70-070806","treeware","1","Artist","95","","","","","ツリーウェア","","","","","PENDING",""
"I70-070807","tsumu618","1","Artist","95","tsumu_(tyami_merkys)","tsumu (tyami merkys)","","","","","","","","PENDING",""
"I70-070808","tsumumi_(kandume103)","1","Artist","95","","","","","ツムミ（kandume103）","","","","","PENDING",""
"I70-070809","tsuta1218","1","Artist","95","","","","","","","","","","PENDING",""
"I70-070810","tuna_(111_tuna)","1","Artist","95","","","","","","","","","","PENDING",""
"I70-070811","tuxiaoning_not","1","Artist","95","","","","","","","","","","PENDING",""
"I70-070812","ueno_kishi","1","Artist","95","kishi_ueno,reisei_zero","kishi ueno | reisei zero","","","","","","","","PENDING",""
"I70-070813","uikaposting","1","Artist","95","akmizuk","akmizuk","","","","","","","","PENDING",""
"I70-070814","urumi_(urumi00)","1","Artist","95","","","","","urumi（urumi00）","","","","","PENDING",""
"I70-070815","uyuyuun","1","Artist","95","","","","","uyuyuun","","","","","PENDING",""
"I70-070816","wahootarou","1","Artist","95","ganbare_(hnct4244)","ganbare (hnct4244)","","","","","","","","PENDING",""
"I70-070817","waste_(arkaura)","1","Artist","95","","","","","廃棄物（アルカウラ）","","","","","PENDING",""
"I70-070818","watari_0208","1","Artist","95","hananderu_0208,neri_ane_(h_si11)","hananderu 0208 | neri ane (h si11)","","","","","","","","PENDING",""
"I70-070819","wawatiku","1","Artist","95","","","","","ワワティク","","","","","PENDING",""
"I70-070820","weyas_kayur","1","Artist","95","bikuwa,weyaskayur","bikuwa | weyaskayur","","","Weyas Kayur","","","","","PENDING",""
"I70-070821","white_(waterwhite)","1","Artist","95","","","","","","","","","","PENDING",""
"I70-070822","widisu","1","Artist","95","","","","","","","","","","PENDING",""
"I70-070823","xianyudian_laoban","1","Artist","95","","","","","","","","","","PENDING",""
"I70-070824","x-red_flower","1","Artist","95","xinjinjumin5180914","xinjinjumin5180914","","","","","","","","PENDING",""
"I70-070825","yakiniku-chan_(alice-sweets)","1","Artist","95","","","","","","","","","","PENDING",""
"I70-070826","yamabuki0211","1","Artist","95","","","","","","","","","","PENDING",""
"I70-070827","yaner_10","1","Artist","95","catandlight,yan_er10","catandlight | yan er10","","","","","","","","PENDING",""
"I70-070828","yarn_(yarn_03)","1","Artist","95","fogeun","fogeun","","","","","","","","PENDING",""
"I70-070829","yasu_urayaka","1","Artist","95","urayaka","urayaka","","","","","","","","PENDING",""
"I70-070830","yggsil","1","Artist","95","","","","","","","","","","PENDING",""
"I70-070831","yuenibushi","1","Artist","95","","","","","ユニブシ","","","","","PENDING",""
"I70-070832","yui_sora","1","Artist","95","","","","","ユイソラ","","","","","PENDING",""
"I70-070833","yuiyuimoe","1","Artist","95","seleb629","seleb629","","","Yuiyuimoe","","","","","PENDING",""
"I70-070834","yuki_hishaku","1","Artist","95","","","","","ユキ・ヒシャク","","","","","PENDING",""
"I70-070835","yuuki_nao_(pixiv10696483)","1","Artist","95","","","","","ユキナオ（pixiv10696483）","","","","","PENDING",""
"I70-070836","yuzuriha_(nx_e78)","1","Artist","95","","","","","","","","","","PENDING",""
"I70-070837","zaki_(narashigeo)","1","Artist","95","","","","","ザキ（ナラシゲオ）","","","","","PENDING",""
"I70-070838","zenokidon","1","Artist","95","kidon,zenokidon1","kidon | zenokidon1","","","","","","","","PENDING",""
"I70-070839","zimajiang","1","Artist","95","","","","","Zimajiang","","","","","PENDING",""
"I70-070840","ziteng_yue","1","Artist","95","","","","","Ziteng Yue","","","","","PENDING",""
"I70-070841","zolomon_(jarvis_lin)","1","Artist","95","jarvis_darc","jarvis darc","","","","","","","","PENDING",""
"I70-070842","zs_zealsummer","1","Artist","95","","","","","","","","","","PENDING",""
"I70-070843","zubatto_(makoto)","1","Artist","95","","","","","Zubatto（Makoto）","","","","","PENDING",""
"I70-070844","02charaice20","1","Artist","94","","","","","","","","","","PENDING",""
"I70-070845","33puruspa","1","Artist","94","sunyukun","sunyukun","","","Sunyukun","","","","","PENDING",""
"I70-070846","3ok","1","Artist","94","","","","","3ok","","","","","PENDING",""
"I70-070847","504_gateway","1","Artist","94","qibu_yuren_jiu","qibu yuren jiu","","","504ゲートウェイ","","","","","PENDING",""
"I70-070848","6noseenji","1","Artist","94","","","","","","","","","","PENDING",""
"I70-070849","700hash","1","Artist","94","","","","","","","","","","PENDING",""
"I70-070850","8ne_(nitika127)","1","Artist","94","","","","","8ne（nitika127）","","","","","PENDING",""
"I70-070851","ahr_tato","1","Artist","94","","","","","ahr tato","","","","","PENDING",""
"I70-070852","aimiya_(doushite)","1","Artist","94","doushite,doushite800","doushite | doushite800","","","doushite","","","","","PENDING",""
"I70-070853","aji_(sagi_45)","1","Artist","94","aji_(xgifcx)","aji (xgifcx)","","","","","","","","PENDING",""
"I70-070854","aji_11300913","1","Artist","94","","","","","","","","","","PENDING",""
"I70-070855","akadama","1","Artist","94","","","","","アカダマ","","","","","PENDING",""
"I70-070856","akatsu_botan","1","Artist","94","akatsubon","akatsubon","","","","","","","","PENDING",""
"I70-070857","akisu_k","1","Artist","94","","","","","","","","","","PENDING",""
"I70-070858","akitama2727","1","Artist","94","","","","","akitama2727","","","","","PENDING",""
"I70-070859","alphastroo","1","Artist","94","","","","","","","","","","PENDING",""
"I70-070860","anming","1","Artist","94","","","","","アナミング","","","","","PENDING",""
"I70-070861","anparu","1","Artist","94","","","","","アンパル","","","","","PENDING",""
"I70-070862","aojiru_oisiiiii","1","Artist","94","","","","","","","","","","PENDING",""
"I70-070863","arisakak_(valshun1225)","1","Artist","94","","","","","Arisakak（Valshun1225）","","","","","PENDING",""
"I70-070864","arisue_kanako","1","Artist","94","","","","","アリス・カナコ","","","","","PENDING",""
"I70-070865","artselmetti","1","Artist","94","","","","","","","","","","PENDING",""
"I70-070866","asada7101","1","Artist","94","","","","","","","","","","PENDING",""
"I70-070867","ayan_ip","1","Artist","94","","","","","","","","","","PENDING",""
"I70-070868","azuma_(sospower73)","1","Artist","94","","","","","azuma（sospower73）","","","","","PENDING",""
"I70-070869","beluo77","1","Artist","94","","","","","Beluo77","","","","","PENDING",""
"I70-070870","birdking_(king33)","1","Artist","94","nanqizizhou","nanqizizhou","","","","","","","","PENDING",""
"I70-070871","blue_w_moon","1","Artist","94","mizuno_12","mizuno 12","","","","","","","","PENDING",""
"I70-070872","boo_br","1","Artist","94","","","","","","","","","","PENDING",""
"I70-070873","bratja","1","Artist","94","","","","","ブラッジャ","","","","","PENDING",""
"I70-070874","burari","1","Artist","94","","","","","burari","","","","","PENDING",""
"I70-070875","byoushitsu_403","1","Artist","94","","","","","","","","","","PENDING",""
"I70-070876","chauke","1","Artist","94","","","","","チャーク","","","","","PENDING",""
"I70-070877","chawarabi","1","Artist","94","","","","","","","","","","PENDING",""
"I70-070878","chienon","1","Artist","94","","","","","チエノン","","","","","PENDING",""
"I70-070879","chigo","1","Artist","94","","","","","チゴ","","","","","PENDING",""
"I70-070880","chimyo","1","Artist","94","drawing_cmyo","drawing cmyo","","","","","","","","PENDING",""
"I70-070881","cloudy_rain4","1","Artist","94","","","","","","","","","","PENDING",""
"I70-070882","comimingming","1","Artist","94","","","","","","","","","","PENDING",""
"I70-070883","congming_lan","1","Artist","94","chun_lanlanlan","chun lanlanlan","","","Chun Lanlanlan","","","","","PENDING",""
"I70-070884","cutiemachina","1","Artist","94","","","","","","","","","","PENDING",""
"I70-070885","dammy","1","Artist","94","","","","","","","","","","PENDING",""
"I70-070886","dedemaru","1","Artist","94","","","","","","","","","","PENDING",""
"I70-070887","degarashi_(ponkotsu)","1","Artist","94","","","","","degarashi（ポンコツ）","","","","","PENDING",""
"I70-070888","deriolet","1","Artist","94","","","","","","","","","","PENDING",""
"I70-070889","dincat","1","Artist","94","","","","","dincat","","","","","PENDING",""
"I70-070890","doekis","1","Artist","94","","","","","","","","","","PENDING",""
"I70-070891","enushi_(toho193)","1","Artist","94","","","","","エンシ（toho193）","","","","","PENDING",""
"I70-070892","es-ther","1","Artist","94","","","","","es-ther","","","","","PENDING",""
"I70-070893","esuthio","1","Artist","94","","","","","Esuthio","","","","","PENDING",""
"I70-070894","faejunkie","1","Artist","94","","","","","フェイジャンキー","","","","","PENDING",""
"I70-070895","felox08","1","Artist","94","","","","","felox08","","","","","PENDING",""
"I70-070896","fengtu_ad","1","Artist","94","","","","","","","","","","PENDING",""
"I70-070897","fenkko","1","Artist","94","","","","","","","","","","PENDING",""
"I70-070898","forneus_0","1","Artist","94","","","","","forneus 0","","","","","PENDING",""
"I70-070899","freze","1","Artist","94","","","","","Freze","","","","","PENDING",""
"I70-070900","fujo0t4ku","1","Artist","94","","","","","","","","","","PENDING",""
"I70-070901","fuli_(narumiyafuri)","1","Artist","94","user_scdg8345","user scdg8345","","","","","","","","PENDING",""
"I70-070902","funa2001","1","Artist","94","","","","","","","","","","PENDING",""
"I70-070903","fuyu_no_usagi","1","Artist","94","","","","","","","","","","PENDING",""
"I70-070904","ggatip","1","Artist","94","","","","","ggatip","","","","","PENDING",""
"I70-070905","gmi_(jimmyovob)","1","Artist","94","img087","img087","","","","","","","","PENDING",""
"I70-070906","gomadare_(310329)","1","Artist","94","","","","","Gomadare（310329）","","","","","PENDING",""
"I70-070907","grapeanime","1","Artist","94","","","","","","","","","","PENDING",""
"I70-070908","gung","1","Artist","94","","","","","ガン","","","","","PENDING",""
"I70-070909","guntree","1","Artist","94","zeil","zeil","","","","","","","","PENDING",""
"I70-070910","gyulseu","1","Artist","94","","","","","","","","","","PENDING",""
"I70-070911","h_kawa","1","Artist","94","","","","","","","","","","PENDING",""
"I70-070912","hage","1","Artist","94","","","","","hage","","","","","PENDING",""
"I70-070913","haji_(hajimaji)","1","Artist","94","000deki,deki_(dekiebi),lingpa_(linpa)","000deki | deki (dekiebi) | lingpa (linpa)","","","","","","","","PENDING",""
"I70-070914","han_yijie","1","Artist","94","kklaji008","kklaji008","","","ハン・イジー","","","","","PENDING",""
"I70-070915","hasenyo","1","Artist","94","","","","","","","","","","PENDING",""
"I70-070916","hatoboshi","1","Artist","94","watoboshi","watoboshi","","","","","","","","PENDING",""
"I70-070917","hayarob","1","Artist","94","","","","","ハヤロブ","","","","","PENDING",""
"I70-070918","higebu","1","Artist","94","","","","","ヒゲブ","","","","","PENDING",""
"I70-070919","hiramatsu_tadashi","1","Artist","94","","","","","上田田石","","","","","PENDING",""
"I70-070920","hiroe_(cosmos_blue-02_421)","1","Artist","94","","","","","Hiroe（Cosmos Blue-02421）","","","","","PENDING",""
"I70-070921","hitempo","1","Artist","94","","","","","","","","","","PENDING",""
"I70-070922","hitode_(ziburi)","1","Artist","94","","","","","ヒトデ（Ziburi）","","","","","PENDING",""
"I70-070923","hozumi_sousei","1","Artist","94","hozumi_(ouchan)","hozumi (ouchan)","","","Hozumi Sousei","","","","","PENDING",""
"I70-070924","iberiko_(soinesitai)","1","Artist","94","","","","","iberiko（soinesitai）","","","","","PENDING",""
"I70-070925","ikelag","1","Artist","94","","","","","ikelag","","","","","PENDING",""
"I70-070926","inaho","1","Artist","94","","","","","イナホ","","","","","PENDING",""
"I70-070927","inaki_shinrou","1","Artist","94","","","","","イナキシンロウ","","","","","PENDING",""
"I70-070928","inemuri_(jdq5e)","1","Artist","94","","","","","","","","","","PENDING",""
"I70-070929","inu_to_milk","1","Artist","94","us_(ycas_sbr)","us (ycas sbr)","","","","","","","","PENDING",""
"I70-070930","iomor_snuuy","1","Artist","94","","","","","","","","","","PENDING",""
"I70-070931","iteza_(flapper_girl_25)","1","Artist","94","","","","","イテザ（フラッパーガール25）","","","","","PENDING",""
"I70-070932","itszenvy","1","Artist","94","","","","","","","","","","PENDING",""
"I70-070933","iwane_masaaki","1","Artist","94","","","","","岩子マサキ","","","","","PENDING",""
"I70-070934","jaduade","1","Artist","94","ss_o_mo","ss o mo","","","","","","","","PENDING",""
"I70-070935","jayj_824","1","Artist","94","","","","","","","","","","PENDING",""
"I70-070936","ji_heeeeeee","1","Artist","94","","","","","","","","","","PENDING",""
"I70-070937","jiangyou_dang","1","Artist","94","","","","","","","","","","PENDING",""
"I70-070938","k_hyeonee","1","Artist","94","","","","","","","","","","PENDING",""
"I70-070939","kaejunni","1","Artist","94","","","","","Kaejunni","","","","","PENDING",""
"I70-070940","kagana_helsuki","1","Artist","94","wellski","wellski","","","","","","","","PENDING",""
"I70-070941","kageng","1","Artist","94","","","","","カゲン","","","","","PENDING",""
"I70-070942","kaitan","1","Artist","94","","","","","カイタン","","","","","PENDING",""
"I70-070943","kamanbearu","1","Artist","94","","","","","","","","","","PENDING",""
"I70-070944","kamimori_kuuraku","1","Artist","94","","","","","Kamimori Kuuraku","","","","","PENDING",""
"I70-070945","kanimaru","1","Artist","94","","","","","カニマル","","","","","PENDING",""
"I70-070946","karamimame","1","Artist","94","","","","","Karamimame","","","","","PENDING",""
"I70-070947","kasuke_(li_tgknk)","1","Artist","94","","","","","","","","","","PENDING",""
"I70-070948","katase_bono","1","Artist","94","akebono_kt","akebono kt","","","","","","","","PENDING",""
"I70-070949","katorea","1","Artist","94","","","","","katorea","","","","","PENDING",""
"I70-070950","kemi_neko","1","Artist","94","","","","","ケミネコ","","","","","PENDING",""
"I70-070951","kijima_hyogo","1","Artist","94","cutiebell","cutiebell","","","","","","","","PENDING",""
"I70-070952","kika","1","Artist","94","","","","","キカ","","","","","PENDING",""
"I70-070953","kimleon","1","Artist","94","","","","","","","","","","PENDING",""
"I70-070954","kinakomochi_(testament05)","1","Artist","94","","","","","","","","","","PENDING",""
"I70-070955","kirakira_huuuki","1","Artist","94","","","","","","","","","","PENDING",""
"I70-070956","kisarush","1","Artist","94","","","","","","","","","","PENDING",""
"I70-070957","kkuni","1","Artist","94","","","","","","","","","","PENDING",""
"I70-070958","kloir","1","Artist","94","","","","","","","","","","PENDING",""
"I70-070959","kmnsaur","1","Artist","94","","","","","","","","","","PENDING",""
"I70-070960","knives_(knives777)","1","Artist","94","","","","","ナイフ（knives777）","","","","","PENDING",""
"I70-070961","kodama_(koda_mat)","1","Artist","94","","","","","コダマ（コダマット）","","","","","PENDING",""
"I70-070962","kona_sleipnir","1","Artist","94","","","","","Kona Seepnir","","","","","PENDING",""
"I70-070963","konoyan","1","Artist","94","","","","","","","","","","PENDING",""
"I70-070964","konparu_uran","1","Artist","94","","","","","Konparu Uran","","","","","PENDING",""
"I70-070965","koshimizu_you","1","Artist","94","melow_menow","melow menow","","","","","","","","PENDING",""
"I70-070966","kotokoto_(vibgyor)","1","Artist","94","","","","","コトコト（ヴィッジア）","","","","","PENDING",""
"I70-070967","kouya_(kyk428)","1","Artist","94","karuha_(kokuyouboys)","karuha (kokuyouboys)","","","","","","","","PENDING",""
"I70-070968","koyama_sao","1","Artist","94","","","","","小山sao","","","","","PENDING",""
"I70-070969","kudo_(user_dzch8572)","1","Artist","94","","","","","","","","","","PENDING",""
"I70-070970","kulfiq","1","Artist","94","","","","","","","","","","PENDING",""
"I70-070971","kumuo_(mirakurufusao)","1","Artist","94","","","","","クムオ（ミラクルフサオ）","","","","","PENDING",""
"I70-070972","kuri_youkan","1","Artist","94","","","","","Kuri Youkan","","","","","PENDING",""
"I70-070973","kuroba.k","1","Artist","94","clover_k","clover k","","","Kuroba.K","","","","","PENDING",""
"I70-070974","kurume_shou","1","Artist","94","","","","","クルーム・ショー","","","","","PENDING",""
"I70-070975","kusada","1","Artist","94","","","","","クサダ","","","","","PENDING",""
"I70-070976","kuto_tubuyaki","1","Artist","94","","","","","クトツブヤキ","","","","","PENDING",""
"I70-070977","kuzuhana","1","Artist","94","","","","","クズハナ","","","","","PENDING",""
"I70-070978","k-ya.","1","Artist","94","","","","","K-ya。","","","","","PENDING",""
"I70-070979","lamian_(pixiv415608)","1","Artist","94","","","","","ラミアン（PIXIV415608）","","","","","PENDING",""
"I70-070980","leo_(ghouleo)","1","Artist","94","65gh0st,ghouleo","65gh0st | ghouleo","","","","","","","","PENDING",""
"I70-070981","lesu","1","Artist","94","","","","","","","","","","PENDING",""
"I70-070982","lionet0806","1","Artist","94","","","","","lionet0806","","","","","PENDING",""
"I70-070983","loptoart","1","Artist","94","","","","","","","","","","PENDING",""
"I70-070984","lostunicorn","1","Artist","94","","","","","Lostunicorn","","","","","PENDING",""
"I70-070985","loyo","1","Artist","94","danyo_(chung0226)","danyo (chung0226)","","","","","","","","PENDING",""
"I70-070986","maira_gen","1","Artist","94","","","","","マイラジェン","","","","","PENDING",""
"I70-070987","makomako1061","1","Artist","94","","","","","","","","","","PENDING",""
"I70-070988","marble-v","1","Artist","94","","","","","大理石-V","","","","","PENDING",""
"I70-070989","meeko_illus","1","Artist","94","meakiec","meakiec","","","","","","","","PENDING",""
"I70-070990","meiyan_(boyimachao)","1","Artist","94","","","","","メイヤン（boyimachao）","","","","","PENDING",""
"I70-070991","mentos_pepsi","1","Artist","94","","","","","","","","","","PENDING",""
"I70-070992","meshiya","1","Artist","94","","","","","","","","","","PENDING",""
"I70-070993","meyshi","1","Artist","94","","","","","メイシ","","","","","PENDING",""
"I70-070994","michinoku_(michino934)","1","Artist","94","","","","","","","","","","PENDING",""
"I70-070995","milkuriem","1","Artist","94","","","","","Milkuriem","","","","","PENDING",""
"I70-070996","mirror_(xilu4)","1","Artist","94","","","","","ミラー（xilu4）","","","","","PENDING",""
"I70-070997","missile_(55missile)","1","Artist","94","","","","","","","","","","PENDING",""
"I70-070998","momi","1","Artist","94","","","","","モミ","","","","","PENDING",""
"I70-070999","monmo_mu","1","Artist","94","","","","","Monmo Mu","","","","","PENDING",""
"I70-071000","moonslanstudio","1","Artist","94","","","","","Moonslanstudio","","","","","PENDING",""
