canonical,display_ja,search_ja,candidate_display_ja,candidate_search_ja,final_state,route,reason,reason_codes,risk_class
!,,,！,！,FALLBACK_ENGLISH,FALLBACK,ENGLISH_CANONICAL_FALLBACK_AFTER_ROUTE_EXHAUSTION,ENGLISH_CANONICAL_FALLBACK_AFTER_ROUTE_EXHAUSTION|NONSENSE_OR_UNSAFE_SHAPE|SYMBOL_WORDING_REVIEW,LOW
1other,,,,,FALLBACK_ENGLISH,FALLBACK,ENGLISH_CANONICAL_FALLBACK_AFTER_ROUTE_EXHAUSTION,ENGLISH_CANONICAL_FALLBACK_AFTER_ROUTE_EXHAUSTION|NO_MACHINE_CANDIDATE|STRICT_ROUTE_REQUIRED,LOW
3boys,,,3人の男の子,3人の男の子,REVIEW,STRICT,STRICT_REVIEW_REQUIRED,STRICT_REVIEW_REQUIRED|STRICT_ROUTE_REQUIRED,LOW
3girls,,,3人の女の子,3人の女の子,REVIEW,STRICT,STRICT_REVIEW_REQUIRED,STRICT_REVIEW_REQUIRED|STRICT_ROUTE_REQUIRED,MEDIUM
5girls,,,5人の女の子,5人の女の子,REVIEW,STRICT,STRICT_REVIEW_REQUIRED,STRICT_REVIEW_REQUIRED|STRICT_ROUTE_REQUIRED,LOW
6+girls,,,6人以上の女の子,6人以上の女の子,REVIEW,STRICT,STRICT_REVIEW_REQUIRED,STRICT_REVIEW_REQUIRED|STRICT_ROUTE_REQUIRED,LOW
:d,,,,,FALLBACK_ENGLISH,FALLBACK,ENGLISH_CANONICAL_FALLBACK_AFTER_ROUTE_EXHAUSTION,ENGLISH_CANONICAL_FALLBACK_AFTER_ROUTE_EXHAUSTION|NO_MACHINE_CANDIDATE|SYMBOL_WORDING_REVIEW,LOW
:o,,,,,FALLBACK_ENGLISH,FALLBACK,ENGLISH_CANONICAL_FALLBACK_AFTER_ROUTE_EXHAUSTION,ENGLISH_CANONICAL_FALLBACK_AFTER_ROUTE_EXHAUSTION|NO_MACHINE_CANDIDATE|SYMBOL_WORDING_REVIEW,LOW
:p,,,,,FALLBACK_ENGLISH,FALLBACK,ENGLISH_CANONICAL_FALLBACK_AFTER_ROUTE_EXHAUSTION,ENGLISH_CANONICAL_FALLBACK_AFTER_ROUTE_EXHAUSTION|NO_MACHINE_CANDIDATE|SYMBOL_WORDING_REVIEW,LOW
;d,,,,,FALLBACK_ENGLISH,FALLBACK,ENGLISH_CANONICAL_FALLBACK_AFTER_ROUTE_EXHAUSTION,ENGLISH_CANONICAL_FALLBACK_AFTER_ROUTE_EXHAUSTION|NO_MACHINE_CANDIDATE|SYMBOL_WORDING_REVIEW,LOW
?,,,？,？,FALLBACK_ENGLISH,FALLBACK,ENGLISH_CANONICAL_FALLBACK_AFTER_ROUTE_EXHAUSTION,ENGLISH_CANONICAL_FALLBACK_AFTER_ROUTE_EXHAUSTION|NONSENSE_OR_UNSAFE_SHAPE|SYMBOL_WORDING_REVIEW,LOW
@_@,,,,,FALLBACK_ENGLISH,FALLBACK,ENGLISH_CANONICAL_FALLBACK_AFTER_ROUTE_EXHAUSTION,ENGLISH_CANONICAL_FALLBACK_AFTER_ROUTE_EXHAUSTION|NO_MACHINE_CANDIDATE|SYMBOL_WORDING_REVIEW,LOW
^^^,,,,,FALLBACK_ENGLISH,FALLBACK,ENGLISH_CANONICAL_FALLBACK_AFTER_ROUTE_EXHAUSTION,ENGLISH_CANONICAL_FALLBACK_AFTER_ROUTE_EXHAUSTION|NO_MACHINE_CANDIDATE|SYMBOL_WORDING_REVIEW,LOW
^_^,,,,,FALLBACK_ENGLISH,FALLBACK,ENGLISH_CANONICAL_FALLBACK_AFTER_ROUTE_EXHAUSTION,ENGLISH_CANONICAL_FALLBACK_AFTER_ROUTE_EXHAUSTION|NO_MACHINE_CANDIDATE|SYMBOL_WORDING_REVIEW,LOW
adapted_costume,,,,,FALLBACK_ENGLISH,FALLBACK,ENGLISH_CANONICAL_FALLBACK_AFTER_ROUTE_EXHAUSTION,ENGLISH_CANONICAL_FALLBACK_AFTER_ROUTE_EXHAUSTION|NO_MACHINE_CANDIDATE,LOW
ahoge,アホ毛,アホ毛,アホ毛,アホ毛,AUTO_ACCEPT,LIGHTWEIGHT,LIGHTWEIGHT_ACCEPT_TRANSPARENT_MACHINE_RENDERING,LIGHTWEIGHT_ACCEPT_TRANSPARENT_MACHINE_RENDERING,LOW
alternate_costume,別衣装,別衣装,別衣装,別衣装,AUTO_ACCEPT,LIGHTWEIGHT,LIGHTWEIGHT_ACCEPT_TRANSPARENT_MACHINE_RENDERING,LIGHTWEIGHT_ACCEPT_TRANSPARENT_MACHINE_RENDERING,LOW
alternate_hairstyle,別髪型,別髪型,別髪型,別髪型,AUTO_ACCEPT,LIGHTWEIGHT,LIGHTWEIGHT_ACCEPT_TRANSPARENT_MACHINE_RENDERING,LIGHTWEIGHT_ACCEPT_TRANSPARENT_MACHINE_RENDERING,LOW
androgynous,中性的,中性的,中性的,中性的,AUTO_ACCEPT,LIGHTWEIGHT,LIGHTWEIGHT_ACCEPT_TRANSPARENT_MACHINE_RENDERING,LIGHTWEIGHT_ACCEPT_TRANSPARENT_MACHINE_RENDERING,LOW
angel_wings,天使の翼,天使の翼,天使の翼,天使の翼,AUTO_ACCEPT,LIGHTWEIGHT,LIGHTWEIGHT_ACCEPT_TRANSPARENT_MACHINE_RENDERING,LIGHTWEIGHT_ACCEPT_TRANSPARENT_MACHINE_RENDERING,LOW
anger_vein,怒りマーク,怒りマーク,怒りマーク,怒りマーク,AUTO_ACCEPT,LIGHTWEIGHT,LIGHTWEIGHT_ACCEPT_TRANSPARENT_MACHINE_RENDERING,LIGHTWEIGHT_ACCEPT_TRANSPARENT_MACHINE_RENDERING,LOW
angry,怒り,怒り,怒り,怒り,AUTO_ACCEPT,LIGHTWEIGHT,LIGHTWEIGHT_ACCEPT_TRANSPARENT_MACHINE_RENDERING,LIGHTWEIGHT_ACCEPT_TRANSPARENT_MACHINE_RENDERING,LOW
animal,,,動物,動物,REVIEW,STRICT,STRICT_REVIEW_REQUIRED,STRICT_REVIEW_REQUIRED|STRICT_ROUTE_REQUIRED,LOW
animal_ear_fluff,,,動物耳の毛,動物耳の毛,REVIEW,STRICT,STRICT_REVIEW_REQUIRED,STRICT_REVIEW_REQUIRED|STRICT_ROUTE_REQUIRED,LOW
animal_print,アニマル柄,アニマル柄,アニマル柄,アニマル柄,AUTO_ACCEPT,LIGHTWEIGHT,LIGHTWEIGHT_ACCEPT_TRANSPARENT_MACHINE_RENDERING,LIGHTWEIGHT_ACCEPT_TRANSPARENT_MACHINE_RENDERING,LOW
anime_coloring,アニメ塗り,アニメ塗り,アニメ塗り,アニメ塗り,AUTO_ACCEPT,LIGHTWEIGHT,LIGHTWEIGHT_ACCEPT_TRANSPARENT_MACHINE_RENDERING,LIGHTWEIGHT_ACCEPT_TRANSPARENT_MACHINE_RENDERING,LOW
antenna_hair,アンテナ髪,アンテナ髪,アンテナ髪,アンテナ髪,AUTO_ACCEPT,LIGHTWEIGHT,LIGHTWEIGHT_ACCEPT_TRANSPARENT_MACHINE_RENDERING,LIGHTWEIGHT_ACCEPT_TRANSPARENT_MACHINE_RENDERING,LOW
apron,エプロン,エプロン,エプロン,エプロン,AUTO_ACCEPT,LIGHTWEIGHT,LIGHTWEIGHT_ACCEPT_TRANSPARENT_MACHINE_RENDERING,LIGHTWEIGHT_ACCEPT_TRANSPARENT_MACHINE_RENDERING,LOW
aqua_eyes,水色の目,水色の目,水色の目,水色の目,AUTO_ACCEPT,LIGHTWEIGHT,LIGHTWEIGHT_ACCEPT_TRANSPARENT_MACHINE_RENDERING,LIGHTWEIGHT_ACCEPT_TRANSPARENT_MACHINE_RENDERING,LOW
arm_at_side,,,,,FALLBACK_ENGLISH,FALLBACK,ENGLISH_CANONICAL_FALLBACK_AFTER_ROUTE_EXHAUSTION,ENGLISH_CANONICAL_FALLBACK_AFTER_ROUTE_EXHAUSTION|NO_MACHINE_CANDIDATE,LOW
arm_behind_back,,,,,FALLBACK_ENGLISH,FALLBACK,ENGLISH_CANONICAL_FALLBACK_AFTER_ROUTE_EXHAUSTION,ENGLISH_CANONICAL_FALLBACK_AFTER_ROUTE_EXHAUSTION|NO_MACHINE_CANDIDATE,LOW
arm_behind_head,,,,,FALLBACK_ENGLISH,FALLBACK,ENGLISH_CANONICAL_FALLBACK_AFTER_ROUTE_EXHAUSTION,ENGLISH_CANONICAL_FALLBACK_AFTER_ROUTE_EXHAUSTION|NO_MACHINE_CANDIDATE,LOW
armband,腕章,腕章,腕章,腕章,AUTO_ACCEPT,LIGHTWEIGHT,LIGHTWEIGHT_ACCEPT_TRANSPARENT_MACHINE_RENDERING,LIGHTWEIGHT_ACCEPT_TRANSPARENT_MACHINE_RENDERING,LOW
armlet,腕輪,腕輪,腕輪,腕輪,AUTO_ACCEPT,LIGHTWEIGHT,LIGHTWEIGHT_ACCEPT_TRANSPARENT_MACHINE_RENDERING,LIGHTWEIGHT_ACCEPT_TRANSPARENT_MACHINE_RENDERING,LOW
armpits,脇,脇,脇,脇,AUTO_ACCEPT,LIGHTWEIGHT,LIGHTWEIGHT_ACCEPT_TRANSPARENT_MACHINE_RENDERING,LIGHTWEIGHT_ACCEPT_TRANSPARENT_MACHINE_RENDERING,LOW
arms_behind_back,,,,,FALLBACK_ENGLISH,FALLBACK,ENGLISH_CANONICAL_FALLBACK_AFTER_ROUTE_EXHAUSTION,ENGLISH_CANONICAL_FALLBACK_AFTER_ROUTE_EXHAUSTION|NO_MACHINE_CANDIDATE,LOW
arms_up,,,,,FALLBACK_ENGLISH,FALLBACK,ENGLISH_CANONICAL_FALLBACK_AFTER_ROUTE_EXHAUSTION,ENGLISH_CANONICAL_FALLBACK_AFTER_ROUTE_EXHAUSTION|NO_MACHINE_CANDIDATE,LOW
artist_name,,,,,FALLBACK_ENGLISH,FALLBACK,ENGLISH_CANONICAL_FALLBACK_AFTER_ROUTE_EXHAUSTION,ENGLISH_CANONICAL_FALLBACK_AFTER_ROUTE_EXHAUSTION|NO_MACHINE_CANDIDATE|STRICT_ROUTE_REQUIRED,LOW
ascot,アスコットタイ,アスコットタイ,アスコットタイ,アスコットタイ,AUTO_ACCEPT,LIGHTWEIGHT,LIGHTWEIGHT_ACCEPT_TRANSPARENT_MACHINE_RENDERING,LIGHTWEIGHT_ACCEPT_TRANSPARENT_MACHINE_RENDERING,LOW
backpack,リュック,リュック,リュック,リュック,AUTO_ACCEPT,LIGHTWEIGHT,LIGHTWEIGHT_ACCEPT_TRANSPARENT_MACHINE_RENDERING,LIGHTWEIGHT_ACCEPT_TRANSPARENT_MACHINE_RENDERING,LOW
bag,バッグ,バッグ,バッグ,バッグ,AUTO_ACCEPT,LIGHTWEIGHT,LIGHTWEIGHT_ACCEPT_TRANSPARENT_MACHINE_RENDERING,LIGHTWEIGHT_ACCEPT_TRANSPARENT_MACHINE_RENDERING,LOW
ball,ボール,ボール,ボール,ボール,AUTO_ACCEPT,LIGHTWEIGHT,LIGHTWEIGHT_ACCEPT_TRANSPARENT_MACHINE_RENDERING,LIGHTWEIGHT_ACCEPT_TRANSPARENT_MACHINE_RENDERING,LOW
bandages,包帯,包帯,包帯,包帯,AUTO_ACCEPT,LIGHTWEIGHT,LIGHTWEIGHT_ACCEPT_TRANSPARENT_MACHINE_RENDERING,LIGHTWEIGHT_ACCEPT_TRANSPARENT_MACHINE_RENDERING,LOW
barefoot,裸足,裸足,裸足,裸足,AUTO_ACCEPT,LIGHTWEIGHT,LIGHTWEIGHT_ACCEPT_TRANSPARENT_MACHINE_RENDERING,LIGHTWEIGHT_ACCEPT_TRANSPARENT_MACHINE_RENDERING,LOW
baseball_cap,野球帽,野球帽,野球帽,野球帽,AUTO_ACCEPT,LIGHTWEIGHT,LIGHTWEIGHT_ACCEPT_TRANSPARENT_MACHINE_RENDERING,LIGHTWEIGHT_ACCEPT_TRANSPARENT_MACHINE_RENDERING,LOW
beach,ビーチ,ビーチ,ビーチ,ビーチ,AUTO_ACCEPT,LIGHTWEIGHT,LIGHTWEIGHT_ACCEPT_TRANSPARENT_MACHINE_RENDERING,LIGHTWEIGHT_ACCEPT_TRANSPARENT_MACHINE_RENDERING,LOW
bed,ベッド,ベッド,ベッド,ベッド,AUTO_ACCEPT,LIGHTWEIGHT,LIGHTWEIGHT_ACCEPT_TRANSPARENT_MACHINE_RENDERING,LIGHTWEIGHT_ACCEPT_TRANSPARENT_MACHINE_RENDERING,LOW
bed_sheet,シーツ,シーツ,シーツ,シーツ,AUTO_ACCEPT,LIGHTWEIGHT,LIGHTWEIGHT_ACCEPT_TRANSPARENT_MACHINE_RENDERING,LIGHTWEIGHT_ACCEPT_TRANSPARENT_MACHINE_RENDERING,LOW
bike_shorts,自転車用ショーツ,自転車用ショーツ,自転車用ショーツ,自転車用ショーツ,AUTO_ACCEPT,LIGHTWEIGHT,LIGHTWEIGHT_ACCEPT_TRANSPARENT_MACHINE_RENDERING,LIGHTWEIGHT_ACCEPT_TRANSPARENT_MACHINE_RENDERING,LOW
bikini,ビキニ,ビキニ,ビキニ,ビキニ,AUTO_ACCEPT,LIGHTWEIGHT,LIGHTWEIGHT_ACCEPT_TRANSPARENT_MACHINE_RENDERING,LIGHTWEIGHT_ACCEPT_TRANSPARENT_MACHINE_RENDERING,LOW
bird,鳥,鳥,鳥,鳥,AUTO_ACCEPT,LIGHTWEIGHT,LIGHTWEIGHT_ACCEPT_TRANSPARENT_MACHINE_RENDERING,LIGHTWEIGHT_ACCEPT_TRANSPARENT_MACHINE_RENDERING,LOW
black_background,黒い背景,黒い背景,黒い背景,黒い背景,AUTO_ACCEPT,LIGHTWEIGHT,LIGHTWEIGHT_ACCEPT_TRANSPARENT_MACHINE_RENDERING,LIGHTWEIGHT_ACCEPT_TRANSPARENT_MACHINE_RENDERING,MEDIUM
black_belt,,,,,FALLBACK_ENGLISH,FALLBACK,ENGLISH_CANONICAL_FALLBACK_AFTER_ROUTE_EXHAUSTION,ENGLISH_CANONICAL_FALLBACK_AFTER_ROUTE_EXHAUSTION|NO_MACHINE_CANDIDATE,MEDIUM
black_bodysuit,,,,,FALLBACK_ENGLISH,FALLBACK,ENGLISH_CANONICAL_FALLBACK_AFTER_ROUTE_EXHAUSTION,ENGLISH_CANONICAL_FALLBACK_AFTER_ROUTE_EXHAUSTION|NO_MACHINE_CANDIDATE,MEDIUM
black_boots,黒いブーツ,黒いブーツ,黒いブーツ,黒いブーツ,AUTO_ACCEPT,LIGHTWEIGHT,LIGHTWEIGHT_ACCEPT_TRANSPARENT_MACHINE_RENDERING,LIGHTWEIGHT_ACCEPT_TRANSPARENT_MACHINE_RENDERING,MEDIUM
black_bow,,,,,FALLBACK_ENGLISH,FALLBACK,ENGLISH_CANONICAL_FALLBACK_AFTER_ROUTE_EXHAUSTION,ENGLISH_CANONICAL_FALLBACK_AFTER_ROUTE_EXHAUSTION|NO_MACHINE_CANDIDATE,MEDIUM
black_bowtie,黒い蝶ネクタイ,黒い蝶ネクタイ,黒い蝶ネクタイ,黒い蝶ネクタイ,AUTO_ACCEPT,LIGHTWEIGHT,LIGHTWEIGHT_ACCEPT_TRANSPARENT_MACHINE_RENDERING,LIGHTWEIGHT_ACCEPT_TRANSPARENT_MACHINE_RENDERING,MEDIUM
black_eyes,,,,,FALLBACK_ENGLISH,FALLBACK,ENGLISH_CANONICAL_FALLBACK_AFTER_ROUTE_EXHAUSTION,ENGLISH_CANONICAL_FALLBACK_AFTER_ROUTE_EXHAUSTION|NO_MACHINE_CANDIDATE,MEDIUM
black_gloves,,,,,FALLBACK_ENGLISH,FALLBACK,ENGLISH_CANONICAL_FALLBACK_AFTER_ROUTE_EXHAUSTION,ENGLISH_CANONICAL_FALLBACK_AFTER_ROUTE_EXHAUSTION|NO_MACHINE_CANDIDATE,MEDIUM
black_hairband,黒いヘアバンド,黒いヘアバンド,黒いヘアバンド,黒いヘアバンド,AUTO_ACCEPT,LIGHTWEIGHT,LIGHTWEIGHT_ACCEPT_TRANSPARENT_MACHINE_RENDERING,LIGHTWEIGHT_ACCEPT_TRANSPARENT_MACHINE_RENDERING,MEDIUM
black_hat,,,,,FALLBACK_ENGLISH,FALLBACK,ENGLISH_CANONICAL_FALLBACK_AFTER_ROUTE_EXHAUSTION,ENGLISH_CANONICAL_FALLBACK_AFTER_ROUTE_EXHAUSTION|NO_MACHINE_CANDIDATE,MEDIUM
black_nails,,,,,FALLBACK_ENGLISH,FALLBACK,ENGLISH_CANONICAL_FALLBACK_AFTER_ROUTE_EXHAUSTION,ENGLISH_CANONICAL_FALLBACK_AFTER_ROUTE_EXHAUSTION|NO_MACHINE_CANDIDATE,MEDIUM
black_panties,,,,,FALLBACK_ENGLISH,FALLBACK,ENGLISH_CANONICAL_FALLBACK_AFTER_ROUTE_EXHAUSTION,ENGLISH_CANONICAL_FALLBACK_AFTER_ROUTE_EXHAUSTION|NO_MACHINE_CANDIDATE,MEDIUM
black_pantyhose,黒いパンスト,黒いパンスト,黒いパンスト,黒いパンスト,AUTO_ACCEPT,LIGHTWEIGHT,LIGHTWEIGHT_ACCEPT_TRANSPARENT_MACHINE_RENDERING,LIGHTWEIGHT_ACCEPT_TRANSPARENT_MACHINE_RENDERING,MEDIUM
black_shoes,,,,,FALLBACK_ENGLISH,FALLBACK,ENGLISH_CANONICAL_FALLBACK_AFTER_ROUTE_EXHAUSTION,ENGLISH_CANONICAL_FALLBACK_AFTER_ROUTE_EXHAUSTION|NO_MACHINE_CANDIDATE,MEDIUM
black_shorts,黒いショートパンツ,黒いショートパンツ,黒いショートパンツ,黒いショートパンツ,AUTO_ACCEPT,LIGHTWEIGHT,LIGHTWEIGHT_ACCEPT_TRANSPARENT_MACHINE_RENDERING,LIGHTWEIGHT_ACCEPT_TRANSPARENT_MACHINE_RENDERING,MEDIUM
black_thighhighs,,,,,FALLBACK_ENGLISH,FALLBACK,ENGLISH_CANONICAL_FALLBACK_AFTER_ROUTE_EXHAUSTION,ENGLISH_CANONICAL_FALLBACK_AFTER_ROUTE_EXHAUSTION|NO_MACHINE_CANDIDATE,MEDIUM
black_vest,黒いベスト,黒いベスト,黒いベスト,黒いベスト,AUTO_ACCEPT,LIGHTWEIGHT,LIGHTWEIGHT_ACCEPT_TRANSPARENT_MACHINE_RENDERING,LIGHTWEIGHT_ACCEPT_TRANSPARENT_MACHINE_RENDERING,MEDIUM
blazer,ブレザー,ブレザー,ブレザー,ブレザー,STRICT_ACCEPT,CARRY_FORWARD,PRIOR_CAMPAIGN_READY_CARRY_FORWARD,PRIOR_CAMPAIGN_READY_CARRY_FORWARD,LOW
blue_background,青い背景,青い背景,青い背景,青い背景,AUTO_ACCEPT,LIGHTWEIGHT,LIGHTWEIGHT_ACCEPT_TRANSPARENT_MACHINE_RENDERING,LIGHTWEIGHT_ACCEPT_TRANSPARENT_MACHINE_RENDERING,MEDIUM
blue_bow,,,,,FALLBACK_ENGLISH,FALLBACK,ENGLISH_CANONICAL_FALLBACK_AFTER_ROUTE_EXHAUSTION,ENGLISH_CANONICAL_FALLBACK_AFTER_ROUTE_EXHAUSTION|NO_MACHINE_CANDIDATE,MEDIUM
blue_bowtie,青い蝶ネクタイ,青い蝶ネクタイ,青い蝶ネクタイ,青い蝶ネクタイ,AUTO_ACCEPT,LIGHTWEIGHT,LIGHTWEIGHT_ACCEPT_TRANSPARENT_MACHINE_RENDERING,LIGHTWEIGHT_ACCEPT_TRANSPARENT_MACHINE_RENDERING,MEDIUM
blue_dress,青いドレス,青いドレス,青いドレス,青いドレス,AUTO_ACCEPT,LIGHTWEIGHT,LIGHTWEIGHT_ACCEPT_TRANSPARENT_MACHINE_RENDERING,LIGHTWEIGHT_ACCEPT_TRANSPARENT_MACHINE_RENDERING,MEDIUM
blue_halo,青い光輪,青い光輪,青い光輪,青い光輪,AUTO_ACCEPT,LIGHTWEIGHT,LIGHTWEIGHT_ACCEPT_TRANSPARENT_MACHINE_RENDERING,LIGHTWEIGHT_ACCEPT_TRANSPARENT_MACHINE_RENDERING,MEDIUM
blue_pants,青いズボン,青いズボン,青いズボン,青いズボン,AUTO_ACCEPT,LIGHTWEIGHT,LIGHTWEIGHT_ACCEPT_TRANSPARENT_MACHINE_RENDERING,LIGHTWEIGHT_ACCEPT_TRANSPARENT_MACHINE_RENDERING,MEDIUM
blue_ribbon,青いリボン,青いリボン,青いリボン,青いリボン,AUTO_ACCEPT,LIGHTWEIGHT,LIGHTWEIGHT_ACCEPT_TRANSPARENT_MACHINE_RENDERING,LIGHTWEIGHT_ACCEPT_TRANSPARENT_MACHINE_RENDERING,MEDIUM
blue_sailor_collar,,,,,FALLBACK_ENGLISH,FALLBACK,ENGLISH_CANONICAL_FALLBACK_AFTER_ROUTE_EXHAUSTION,ENGLISH_CANONICAL_FALLBACK_AFTER_ROUTE_EXHAUSTION|NO_MACHINE_CANDIDATE,MEDIUM
blue_shorts,青いショートパンツ,青いショートパンツ,青いショートパンツ,青いショートパンツ,AUTO_ACCEPT,LIGHTWEIGHT,LIGHTWEIGHT_ACCEPT_TRANSPARENT_MACHINE_RENDERING,LIGHTWEIGHT_ACCEPT_TRANSPARENT_MACHINE_RENDERING,MEDIUM
blunt_bangs,ぱっつん前髪,ぱっつん前髪,ぱっつん前髪,ぱっつん前髪,AUTO_ACCEPT,LIGHTWEIGHT,LIGHTWEIGHT_ACCEPT_TRANSPARENT_MACHINE_RENDERING,LIGHTWEIGHT_ACCEPT_TRANSPARENT_MACHINE_RENDERING,LOW
blunt_ends,切りそろえた毛先,切りそろえた毛先,切りそろえた毛先,切りそろえた毛先,AUTO_ACCEPT,LIGHTWEIGHT,LIGHTWEIGHT_ACCEPT_TRANSPARENT_MACHINE_RENDERING,LIGHTWEIGHT_ACCEPT_TRANSPARENT_MACHINE_RENDERING,LOW
blurry,ぼやけた,ぼやけた,ぼやけた,ぼやけた,AUTO_ACCEPT,LIGHTWEIGHT,LIGHTWEIGHT_ACCEPT_TRANSPARENT_MACHINE_RENDERING,LIGHTWEIGHT_ACCEPT_TRANSPARENT_MACHINE_RENDERING,LOW
blurry_background,ぼやけた背景,ぼやけた背景,ぼやけた背景,ぼやけた背景,AUTO_ACCEPT,LIGHTWEIGHT,LIGHTWEIGHT_ACCEPT_TRANSPARENT_MACHINE_RENDERING,LIGHTWEIGHT_ACCEPT_TRANSPARENT_MACHINE_RENDERING,LOW
blush_stickers,頬染めシール,頬染めシール,頬染めシール,頬染めシール,AUTO_ACCEPT,LIGHTWEIGHT,LIGHTWEIGHT_ACCEPT_TRANSPARENT_MACHINE_RENDERING,LIGHTWEIGHT_ACCEPT_TRANSPARENT_MACHINE_RENDERING,LOW
bob_cut,ボブカット,ボブカット,ボブカット,ボブカット,AUTO_ACCEPT,LIGHTWEIGHT,LIGHTWEIGHT_ACCEPT_TRANSPARENT_MACHINE_RENDERING,LIGHTWEIGHT_ACCEPT_TRANSPARENT_MACHINE_RENDERING,LOW
book,本,本,本,本,AUTO_ACCEPT,LIGHTWEIGHT,LIGHTWEIGHT_ACCEPT_TRANSPARENT_MACHINE_RENDERING,LIGHTWEIGHT_ACCEPT_TRANSPARENT_MACHINE_RENDERING,LOW
boots,ブーツ,ブーツ,ブーツ,ブーツ,AUTO_ACCEPT,LIGHTWEIGHT,LIGHTWEIGHT_ACCEPT_TRANSPARENT_MACHINE_RENDERING,LIGHTWEIGHT_ACCEPT_TRANSPARENT_MACHINE_RENDERING,LOW
border,縁取り,縁取り,縁取り,縁取り,AUTO_ACCEPT,LIGHTWEIGHT,LIGHTWEIGHT_ACCEPT_TRANSPARENT_MACHINE_RENDERING,LIGHTWEIGHT_ACCEPT_TRANSPARENT_MACHINE_RENDERING,LOW
bottle,ボトル,ボトル,ボトル,ボトル,AUTO_ACCEPT,LIGHTWEIGHT,LIGHTWEIGHT_ACCEPT_TRANSPARENT_MACHINE_RENDERING,LIGHTWEIGHT_ACCEPT_TRANSPARENT_MACHINE_RENDERING,LOW
bowtie,蝶ネクタイ,蝶ネクタイ,蝶ネクタイ,蝶ネクタイ,AUTO_ACCEPT,LIGHTWEIGHT,LIGHTWEIGHT_ACCEPT_TRANSPARENT_MACHINE_RENDERING,LIGHTWEIGHT_ACCEPT_TRANSPARENT_MACHINE_RENDERING,LOW
box,箱,箱,箱,箱,AUTO_ACCEPT,LIGHTWEIGHT,LIGHTWEIGHT_ACCEPT_TRANSPARENT_MACHINE_RENDERING,LIGHTWEIGHT_ACCEPT_TRANSPARENT_MACHINE_RENDERING,LOW
bracelet,ブレスレット,ブレスレット,ブレスレット,ブレスレット,AUTO_ACCEPT,LIGHTWEIGHT,LIGHTWEIGHT_ACCEPT_TRANSPARENT_MACHINE_RENDERING,LIGHTWEIGHT_ACCEPT_TRANSPARENT_MACHINE_RENDERING,LOW
braid,三つ編み,三つ編み,三つ編み,三つ編み,AUTO_ACCEPT,LIGHTWEIGHT,LIGHTWEIGHT_ACCEPT_TRANSPARENT_MACHINE_RENDERING,LIGHTWEIGHT_ACCEPT_TRANSPARENT_MACHINE_RENDERING,LOW
breath,息,息,息,息,AUTO_ACCEPT,LIGHTWEIGHT,LIGHTWEIGHT_ACCEPT_TRANSPARENT_MACHINE_RENDERING,LIGHTWEIGHT_ACCEPT_TRANSPARENT_MACHINE_RENDERING,LOW
bright_pupils,,,,,FALLBACK_ENGLISH,FALLBACK,ENGLISH_CANONICAL_FALLBACK_AFTER_ROUTE_EXHAUSTION,ENGLISH_CANONICAL_FALLBACK_AFTER_ROUTE_EXHAUSTION|NO_MACHINE_CANDIDATE,LOW
brooch,ブローチ,ブローチ,ブローチ,ブローチ,AUTO_ACCEPT,LIGHTWEIGHT,LIGHTWEIGHT_ACCEPT_TRANSPARENT_MACHINE_RENDERING,LIGHTWEIGHT_ACCEPT_TRANSPARENT_MACHINE_RENDERING,LOW
brown_background,,,,,FALLBACK_ENGLISH,FALLBACK,ENGLISH_CANONICAL_FALLBACK_AFTER_ROUTE_EXHAUSTION,ENGLISH_CANONICAL_FALLBACK_AFTER_ROUTE_EXHAUSTION|NO_MACHINE_CANDIDATE,MEDIUM
brown_boots,茶色のブーツ,茶色のブーツ,茶色のブーツ,茶色のブーツ,AUTO_ACCEPT,LIGHTWEIGHT,LIGHTWEIGHT_ACCEPT_TRANSPARENT_MACHINE_RENDERING,LIGHTWEIGHT_ACCEPT_TRANSPARENT_MACHINE_RENDERING,MEDIUM
brown_gloves,,,,,FALLBACK_ENGLISH,FALLBACK,ENGLISH_CANONICAL_FALLBACK_AFTER_ROUTE_EXHAUSTION,ENGLISH_CANONICAL_FALLBACK_AFTER_ROUTE_EXHAUSTION|NO_MACHINE_CANDIDATE,MEDIUM
brown_skirt,,,,,FALLBACK_ENGLISH,FALLBACK,ENGLISH_CANONICAL_FALLBACK_AFTER_ROUTE_EXHAUSTION,ENGLISH_CANONICAL_FALLBACK_AFTER_ROUTE_EXHAUSTION|NO_MACHINE_CANDIDATE,MEDIUM
bug,虫,虫,虫,虫,AUTO_ACCEPT,LIGHTWEIGHT,LIGHTWEIGHT_ACCEPT_TRANSPARENT_MACHINE_RENDERING,LIGHTWEIGHT_ACCEPT_TRANSPARENT_MACHINE_RENDERING,LOW
building,建物,建物,建物,建物,AUTO_ACCEPT,LIGHTWEIGHT,LIGHTWEIGHT_ACCEPT_TRANSPARENT_MACHINE_RENDERING,LIGHTWEIGHT_ACCEPT_TRANSPARENT_MACHINE_RENDERING,LOW
butterfly,,,,,FALLBACK_ENGLISH,FALLBACK,ENGLISH_CANONICAL_FALLBACK_AFTER_ROUTE_EXHAUSTION,ENGLISH_CANONICAL_FALLBACK_AFTER_ROUTE_EXHAUSTION|NO_MACHINE_CANDIDATE,LOW
buttons,ボタン,ボタン,ボタン,ボタン,AUTO_ACCEPT,LIGHTWEIGHT,LIGHTWEIGHT_ACCEPT_TRANSPARENT_MACHINE_RENDERING,LIGHTWEIGHT_ACCEPT_TRANSPARENT_MACHINE_RENDERING,LOW
cake,ケーキ,ケーキ,ケーキ,ケーキ,AUTO_ACCEPT,LIGHTWEIGHT,LIGHTWEIGHT_ACCEPT_TRANSPARENT_MACHINE_RENDERING,LIGHTWEIGHT_ACCEPT_TRANSPARENT_MACHINE_RENDERING,LOW
cape,マント,マント,マント,マント,AUTO_ACCEPT,LIGHTWEIGHT,LIGHTWEIGHT_ACCEPT_TRANSPARENT_MACHINE_RENDERING,LIGHTWEIGHT_ACCEPT_TRANSPARENT_MACHINE_RENDERING,LOW
cardigan,カーディガン,カーディガン,カーディガン,カーディガン,AUTO_ACCEPT,LIGHTWEIGHT,LIGHTWEIGHT_ACCEPT_TRANSPARENT_MACHINE_RENDERING,LIGHTWEIGHT_ACCEPT_TRANSPARENT_MACHINE_RENDERING,LOW
casual,カジュアル,カジュアル,カジュアル,カジュアル,AUTO_ACCEPT,LIGHTWEIGHT,LIGHTWEIGHT_ACCEPT_TRANSPARENT_MACHINE_RENDERING,LIGHTWEIGHT_ACCEPT_TRANSPARENT_MACHINE_RENDERING,LOW
cat_ears,猫耳,猫耳,猫耳,猫耳,AUTO_ACCEPT,LIGHTWEIGHT,LIGHTWEIGHT_ACCEPT_TRANSPARENT_MACHINE_RENDERING,LIGHTWEIGHT_ACCEPT_TRANSPARENT_MACHINE_RENDERING,LOW
cat_girl,猫娘,猫娘,猫娘,猫娘,AUTO_ACCEPT,LIGHTWEIGHT,LIGHTWEIGHT_ACCEPT_TRANSPARENT_MACHINE_RENDERING,LIGHTWEIGHT_ACCEPT_TRANSPARENT_MACHINE_RENDERING,LOW
cellphone,携帯電話,携帯電話,携帯電話,携帯電話,AUTO_ACCEPT,LIGHTWEIGHT,LIGHTWEIGHT_ACCEPT_TRANSPARENT_MACHINE_RENDERING,LIGHTWEIGHT_ACCEPT_TRANSPARENT_MACHINE_RENDERING,LOW
censored,修正あり,修正あり,修正あり,修正あり,AUTO_ACCEPT,LIGHTWEIGHT,LIGHTWEIGHT_ACCEPT_TRANSPARENT_MACHINE_RENDERING,LIGHTWEIGHT_ACCEPT_TRANSPARENT_MACHINE_RENDERING,LOW
chain,鎖,鎖,鎖,鎖,AUTO_ACCEPT,LIGHTWEIGHT,LIGHTWEIGHT_ACCEPT_TRANSPARENT_MACHINE_RENDERING,LIGHTWEIGHT_ACCEPT_TRANSPARENT_MACHINE_RENDERING,LOW
chair,椅子,椅子,椅子,椅子,AUTO_ACCEPT,LIGHTWEIGHT,LIGHTWEIGHT_ACCEPT_TRANSPARENT_MACHINE_RENDERING,LIGHTWEIGHT_ACCEPT_TRANSPARENT_MACHINE_RENDERING,LOW
character_name,,,,,FALLBACK_ENGLISH,FALLBACK,ENGLISH_CANONICAL_FALLBACK_AFTER_ROUTE_EXHAUSTION,ENGLISH_CANONICAL_FALLBACK_AFTER_ROUTE_EXHAUSTION|NO_MACHINE_CANDIDATE|STRICT_ROUTE_REQUIRED,LOW
cherry_blossoms,桜,桜,桜,桜,AUTO_ACCEPT,LIGHTWEIGHT,LIGHTWEIGHT_ACCEPT_TRANSPARENT_MACHINE_RENDERING,LIGHTWEIGHT_ACCEPT_TRANSPARENT_MACHINE_RENDERING,LOW
chibi,ちびキャラ,ちびキャラ,ちびキャラ,ちびキャラ,AUTO_ACCEPT,LIGHTWEIGHT,LIGHTWEIGHT_ACCEPT_TRANSPARENT_MACHINE_RENDERING,LIGHTWEIGHT_ACCEPT_TRANSPARENT_MACHINE_RENDERING,LOW
chibi_only,,,,,FALLBACK_ENGLISH,FALLBACK,ENGLISH_CANONICAL_FALLBACK_AFTER_ROUTE_EXHAUSTION,ENGLISH_CANONICAL_FALLBACK_AFTER_ROUTE_EXHAUSTION|NO_MACHINE_CANDIDATE,LOW
child,,,子ども,子ども,REVIEW,STRICT,STRICT_REVIEW_REQUIRED,STRICT_REVIEW_REQUIRED|STRICT_ROUTE_REQUIRED,LOW
choker,チョーカー,チョーカー,チョーカー,チョーカー,AUTO_ACCEPT,LIGHTWEIGHT,LIGHTWEIGHT_ACCEPT_TRANSPARENT_MACHINE_RENDERING,LIGHTWEIGHT_ACCEPT_TRANSPARENT_MACHINE_RENDERING,LOW
christmas,クリスマス,クリスマス,クリスマス,クリスマス,STRICT_ACCEPT,CARRY_FORWARD,PRIOR_CAMPAIGN_READY_CARRY_FORWARD,PRIOR_CAMPAIGN_READY_CARRY_FORWARD,LOW
clenched_hand,,,,,FALLBACK_ENGLISH,FALLBACK,ENGLISH_CANONICAL_FALLBACK_AFTER_ROUTE_EXHAUSTION,ENGLISH_CANONICAL_FALLBACK_AFTER_ROUTE_EXHAUSTION|NO_MACHINE_CANDIDATE,LOW
clenched_teeth,,,,,FALLBACK_ENGLISH,FALLBACK,ENGLISH_CANONICAL_FALLBACK_AFTER_ROUTE_EXHAUSTION,ENGLISH_CANONICAL_FALLBACK_AFTER_ROUTE_EXHAUSTION|NO_MACHINE_CANDIDATE,LOW
cloak,クローク,クローク,クローク,クローク,AUTO_ACCEPT,LIGHTWEIGHT,LIGHTWEIGHT_ACCEPT_TRANSPARENT_MACHINE_RENDERING,LIGHTWEIGHT_ACCEPT_TRANSPARENT_MACHINE_RENDERING,LOW
close-up,クローズアップ,クローズアップ,クローズアップ,クローズアップ,AUTO_ACCEPT,LIGHTWEIGHT,LIGHTWEIGHT_ACCEPT_TRANSPARENT_MACHINE_RENDERING,LIGHTWEIGHT_ACCEPT_TRANSPARENT_MACHINE_RENDERING,LOW
closed_eyes,閉じた目,閉じた目,閉じた目,閉じた目,AUTO_ACCEPT,LIGHTWEIGHT,LIGHTWEIGHT_ACCEPT_TRANSPARENT_MACHINE_RENDERING,LIGHTWEIGHT_ACCEPT_TRANSPARENT_MACHINE_RENDERING,MEDIUM
clothes_lift,たくし上げ,たくし上げ,たくし上げ,たくし上げ,STRICT_ACCEPT,CARRY_FORWARD,PRIOR_CAMPAIGN_READY_CARRY_FORWARD,PRIOR_CAMPAIGN_READY_CARRY_FORWARD,LOW
clothes_pull,服を引っ張る,服を引っ張る,服を引っ張る,服を引っ張る,AUTO_ACCEPT,LIGHTWEIGHT,LIGHTWEIGHT_ACCEPT_TRANSPARENT_MACHINE_RENDERING,LIGHTWEIGHT_ACCEPT_TRANSPARENT_MACHINE_RENDERING,LOW
clothes_writing,,,,,FALLBACK_ENGLISH,FALLBACK,ENGLISH_CANONICAL_FALLBACK_AFTER_ROUTE_EXHAUSTION,ENGLISH_CANONICAL_FALLBACK_AFTER_ROUTE_EXHAUSTION|NO_MACHINE_CANDIDATE,LOW
clothing_cutout,衣服の切り抜き,衣服の切り抜き,衣服の切り抜き,衣服の切り抜き,AUTO_ACCEPT,LIGHTWEIGHT,LIGHTWEIGHT_ACCEPT_TRANSPARENT_MACHINE_RENDERING,LIGHTWEIGHT_ACCEPT_TRANSPARENT_MACHINE_RENDERING,LOW
cloud,雲,雲,雲,雲,AUTO_ACCEPT,LIGHTWEIGHT,LIGHTWEIGHT_ACCEPT_TRANSPARENT_MACHINE_RENDERING,LIGHTWEIGHT_ACCEPT_TRANSPARENT_MACHINE_RENDERING,LOW
cloudy_sky,曇り空,曇り空,曇り空,曇り空,AUTO_ACCEPT,LIGHTWEIGHT,LIGHTWEIGHT_ACCEPT_TRANSPARENT_MACHINE_RENDERING,LIGHTWEIGHT_ACCEPT_TRANSPARENT_MACHINE_RENDERING,LOW
collared_dress,,,,,FALLBACK_ENGLISH,FALLBACK,ENGLISH_CANONICAL_FALLBACK_AFTER_ROUTE_EXHAUSTION,ENGLISH_CANONICAL_FALLBACK_AFTER_ROUTE_EXHAUSTION|NO_MACHINE_CANDIDATE,LOW
collared_shirt,,,,,FALLBACK_ENGLISH,FALLBACK,ENGLISH_CANONICAL_FALLBACK_AFTER_ROUTE_EXHAUSTION,ENGLISH_CANONICAL_FALLBACK_AFTER_ROUTE_EXHAUSTION|NO_MACHINE_CANDIDATE,LOW
colored_sclera,色付き白目,色付き白目,色付き白目,色付き白目,AUTO_ACCEPT,LIGHTWEIGHT,LIGHTWEIGHT_ACCEPT_TRANSPARENT_MACHINE_RENDERING,LIGHTWEIGHT_ACCEPT_TRANSPARENT_MACHINE_RENDERING,LOW
colored_skin,色付き肌,色付き肌,色付き肌,色付き肌,AUTO_ACCEPT,LIGHTWEIGHT,LIGHTWEIGHT_ACCEPT_TRANSPARENT_MACHINE_RENDERING,LIGHTWEIGHT_ACCEPT_TRANSPARENT_MACHINE_RENDERING,LOW
comic,漫画,漫画,漫画,漫画,AUTO_ACCEPT,LIGHTWEIGHT,LIGHTWEIGHT_ACCEPT_TRANSPARENT_MACHINE_RENDERING,LIGHTWEIGHT_ACCEPT_TRANSPARENT_MACHINE_RENDERING,LOW
copyright_name,,,,,FALLBACK_ENGLISH,FALLBACK,ENGLISH_CANONICAL_FALLBACK_AFTER_ROUTE_EXHAUSTION,ENGLISH_CANONICAL_FALLBACK_AFTER_ROUTE_EXHAUSTION|NO_MACHINE_CANDIDATE|RELATION_OR_PROVENANCE_AMBIGUITY|STRICT_ROUTE_REQUIRED,LOW
copyright_notice,,,,,FALLBACK_ENGLISH,FALLBACK,ENGLISH_CANONICAL_FALLBACK_AFTER_ROUTE_EXHAUSTION,ENGLISH_CANONICAL_FALLBACK_AFTER_ROUTE_EXHAUSTION|NO_MACHINE_CANDIDATE|RELATION_OR_PROVENANCE_AMBIGUITY|STRICT_ROUTE_REQUIRED,LOW
couple,,,,,FALLBACK_ENGLISH,FALLBACK,ENGLISH_CANONICAL_FALLBACK_AFTER_ROUTE_EXHAUSTION,ENGLISH_CANONICAL_FALLBACK_AFTER_ROUTE_EXHAUSTION|NO_MACHINE_CANDIDATE|STRICT_ROUTE_REQUIRED,LOW
cover,,,,,FALLBACK_ENGLISH,FALLBACK,ENGLISH_CANONICAL_FALLBACK_AFTER_ROUTE_EXHAUSTION,ENGLISH_CANONICAL_FALLBACK_AFTER_ROUTE_EXHAUSTION|NO_MACHINE_CANDIDATE|STRICT_ROUTE_REQUIRED,LOW
cover_page,,,,,FALLBACK_ENGLISH,FALLBACK,ENGLISH_CANONICAL_FALLBACK_AFTER_ROUTE_EXHAUSTION,ENGLISH_CANONICAL_FALLBACK_AFTER_ROUTE_EXHAUSTION|NO_MACHINE_CANDIDATE|STRICT_ROUTE_REQUIRED,LOW
covered_navel,へそが隠れている,へそが隠れている,へそが隠れている,へそが隠れている,AUTO_ACCEPT,LIGHTWEIGHT,LIGHTWEIGHT_ACCEPT_TRANSPARENT_MACHINE_RENDERING,LIGHTWEIGHT_ACCEPT_TRANSPARENT_MACHINE_RENDERING,LOW
cowboy_shot,カウボーイショット,カウボーイショット,カウボーイショット,カウボーイショット,AUTO_ACCEPT,LIGHTWEIGHT,LIGHTWEIGHT_ACCEPT_TRANSPARENT_MACHINE_RENDERING,LIGHTWEIGHT_ACCEPT_TRANSPARENT_MACHINE_RENDERING,LOW
crescent,みかづき,みかづき,みかづき,みかづき,STRICT_ACCEPT,CARRY_FORWARD,PRIOR_CAMPAIGN_READY_CARRY_FORWARD,PRIOR_CAMPAIGN_READY_CARRY_FORWARD,LOW
crop_top,クロップトップ,クロップトップ,クロップトップ,クロップトップ,AUTO_ACCEPT,LIGHTWEIGHT,LIGHTWEIGHT_ACCEPT_TRANSPARENT_MACHINE_RENDERING,LIGHTWEIGHT_ACCEPT_TRANSPARENT_MACHINE_RENDERING,LOW
cropped_jacket,クロップドジャケット,クロップドジャケット,クロップドジャケット,クロップドジャケット,AUTO_ACCEPT,LIGHTWEIGHT,LIGHTWEIGHT_ACCEPT_TRANSPARENT_MACHINE_RENDERING,LIGHTWEIGHT_ACCEPT_TRANSPARENT_MACHINE_RENDERING,LOW
cropped_legs,脚の途中まで,脚の途中まで,脚の途中まで,脚の途中まで,AUTO_ACCEPT,LIGHTWEIGHT,LIGHTWEIGHT_ACCEPT_TRANSPARENT_MACHINE_RENDERING,LIGHTWEIGHT_ACCEPT_TRANSPARENT_MACHINE_RENDERING,LOW
cropped_torso,胴体の途中まで,胴体の途中まで,胴体の途中まで,胴体の途中まで,AUTO_ACCEPT,LIGHTWEIGHT,LIGHTWEIGHT_ACCEPT_TRANSPARENT_MACHINE_RENDERING,LIGHTWEIGHT_ACCEPT_TRANSPARENT_MACHINE_RENDERING,LOW
crossdressing,,,女装・男装,女装・男装,REVIEW,STRICT,STRICT_REVIEW_REQUIRED,STRICT_REVIEW_REQUIRED|STRICT_ROUTE_REQUIRED,LOW
crossed_arms,腕組み,腕組み,腕組み,腕組み,AUTO_ACCEPT,LIGHTWEIGHT,LIGHTWEIGHT_ACCEPT_TRANSPARENT_MACHINE_RENDERING,LIGHTWEIGHT_ACCEPT_TRANSPARENT_MACHINE_RENDERING,LOW
crossed_bangs,交差した前髪,交差した前髪,交差した前髪,交差した前髪,AUTO_ACCEPT,LIGHTWEIGHT,LIGHTWEIGHT_ACCEPT_TRANSPARENT_MACHINE_RENDERING,LIGHTWEIGHT_ACCEPT_TRANSPARENT_MACHINE_RENDERING,LOW
crossed_legs,脚組み,脚組み,脚組み,脚組み,AUTO_ACCEPT,LIGHTWEIGHT,LIGHTWEIGHT_ACCEPT_TRANSPARENT_MACHINE_RENDERING,LIGHTWEIGHT_ACCEPT_TRANSPARENT_MACHINE_RENDERING,LOW
crossover,,,,,FALLBACK_ENGLISH,FALLBACK,ENGLISH_CANONICAL_FALLBACK_AFTER_ROUTE_EXHAUSTION,ENGLISH_CANONICAL_FALLBACK_AFTER_ROUTE_EXHAUSTION|NO_MACHINE_CANDIDATE|STRICT_ROUTE_REQUIRED,LOW
crown,王冠,王冠,王冠,王冠,AUTO_ACCEPT,LIGHTWEIGHT,LIGHTWEIGHT_ACCEPT_TRANSPARENT_MACHINE_RENDERING,LIGHTWEIGHT_ACCEPT_TRANSPARENT_MACHINE_RENDERING,LOW
crying,,,,,FALLBACK_ENGLISH,FALLBACK,ENGLISH_CANONICAL_FALLBACK_AFTER_ROUTE_EXHAUSTION,ENGLISH_CANONICAL_FALLBACK_AFTER_ROUTE_EXHAUSTION|NO_MACHINE_CANDIDATE,LOW
cup,カップ,カップ,カップ,カップ,AUTO_ACCEPT,LIGHTWEIGHT,LIGHTWEIGHT_ACCEPT_TRANSPARENT_MACHINE_RENDERING,LIGHTWEIGHT_ACCEPT_TRANSPARENT_MACHINE_RENDERING,LOW
curtains,カーテン,カーテン,カーテン,カーテン,AUTO_ACCEPT,LIGHTWEIGHT,LIGHTWEIGHT_ACCEPT_TRANSPARENT_MACHINE_RENDERING,LIGHTWEIGHT_ACCEPT_TRANSPARENT_MACHINE_RENDERING,LOW
dark-skinned_female,,,,,FALLBACK_ENGLISH,FALLBACK,ENGLISH_CANONICAL_FALLBACK_AFTER_ROUTE_EXHAUSTION,ENGLISH_CANONICAL_FALLBACK_AFTER_ROUTE_EXHAUSTION|NO_MACHINE_CANDIDATE|STRICT_ROUTE_REQUIRED,LOW
dated,,,,,FALLBACK_ENGLISH,FALLBACK,ENGLISH_CANONICAL_FALLBACK_AFTER_ROUTE_EXHAUSTION,ENGLISH_CANONICAL_FALLBACK_AFTER_ROUTE_EXHAUSTION|NO_MACHINE_CANDIDATE|STRICT_ROUTE_REQUIRED,LOW
demon_girl,悪魔娘,悪魔娘,悪魔娘,悪魔娘,AUTO_ACCEPT,LIGHTWEIGHT,LIGHTWEIGHT_ACCEPT_TRANSPARENT_MACHINE_RENDERING,LIGHTWEIGHT_ACCEPT_TRANSPARENT_MACHINE_RENDERING,LOW
demon_horns,悪魔の角,悪魔の角,悪魔の角,悪魔の角,AUTO_ACCEPT,LIGHTWEIGHT,LIGHTWEIGHT_ACCEPT_TRANSPARENT_MACHINE_RENDERING,LIGHTWEIGHT_ACCEPT_TRANSPARENT_MACHINE_RENDERING,LOW
demon_wings,悪魔の翼,悪魔の翼,悪魔の翼,悪魔の翼,AUTO_ACCEPT,LIGHTWEIGHT,LIGHTWEIGHT_ACCEPT_TRANSPARENT_MACHINE_RENDERING,LIGHTWEIGHT_ACCEPT_TRANSPARENT_MACHINE_RENDERING,LOW
depth_of_field,被写界深度,被写界深度,被写界深度,被写界深度,AUTO_ACCEPT,LIGHTWEIGHT,LIGHTWEIGHT_ACCEPT_TRANSPARENT_MACHINE_RENDERING,LIGHTWEIGHT_ACCEPT_TRANSPARENT_MACHINE_RENDERING,LOW
desk,机,机,机,机,AUTO_ACCEPT,LIGHTWEIGHT,LIGHTWEIGHT_ACCEPT_TRANSPARENT_MACHINE_RENDERING,LIGHTWEIGHT_ACCEPT_TRANSPARENT_MACHINE_RENDERING,LOW
dog_ears,犬耳,犬耳,犬耳,犬耳,AUTO_ACCEPT,LIGHTWEIGHT,LIGHTWEIGHT_ACCEPT_TRANSPARENT_MACHINE_RENDERING,LIGHTWEIGHT_ACCEPT_TRANSPARENT_MACHINE_RENDERING,LOW
double_bun,,,お団子ツインテール,お団子ツインテール,REVIEW,STRICT,STRICT_REVIEW_REQUIRED,STRICT_REVIEW_REQUIRED|STRICT_ROUTE_REQUIRED,CRITICAL
dragon_girl,竜娘,竜娘,竜娘,竜娘,AUTO_ACCEPT,LIGHTWEIGHT,LIGHTWEIGHT_ACCEPT_TRANSPARENT_MACHINE_RENDERING,LIGHTWEIGHT_ACCEPT_TRANSPARENT_MACHINE_RENDERING,LOW
dress_shirt,ドレスシャツ,ドレスシャツ,ドレスシャツ,ドレスシャツ,AUTO_ACCEPT,LIGHTWEIGHT,LIGHTWEIGHT_ACCEPT_TRANSPARENT_MACHINE_RENDERING,LIGHTWEIGHT_ACCEPT_TRANSPARENT_MACHINE_RENDERING,LOW
dual_persona,,,,,FALLBACK_ENGLISH,FALLBACK,ENGLISH_CANONICAL_FALLBACK_AFTER_ROUTE_EXHAUSTION,ENGLISH_CANONICAL_FALLBACK_AFTER_ROUTE_EXHAUSTION|NO_MACHINE_CANDIDATE|STRICT_ROUTE_REQUIRED,LOW
dutch_angle,ダッチアングル,ダッチアングル,ダッチアングル,ダッチアングル,AUTO_ACCEPT,LIGHTWEIGHT,LIGHTWEIGHT_ACCEPT_TRANSPARENT_MACHINE_RENDERING,LIGHTWEIGHT_ACCEPT_TRANSPARENT_MACHINE_RENDERING,LOW
ear_piercing,耳ピアス,耳ピアス,耳ピアス,耳ピアス,AUTO_ACCEPT,LIGHTWEIGHT,LIGHTWEIGHT_ACCEPT_TRANSPARENT_MACHINE_RENDERING,LIGHTWEIGHT_ACCEPT_TRANSPARENT_MACHINE_RENDERING,LOW
eating,食事,食事,食事,食事,AUTO_ACCEPT,LIGHTWEIGHT,LIGHTWEIGHT_ACCEPT_TRANSPARENT_MACHINE_RENDERING,LIGHTWEIGHT_ACCEPT_TRANSPARENT_MACHINE_RENDERING,LOW
embarrassed,照れ,照れ,照れ,照れ,AUTO_ACCEPT,LIGHTWEIGHT,LIGHTWEIGHT_ACCEPT_TRANSPARENT_MACHINE_RENDERING,LIGHTWEIGHT_ACCEPT_TRANSPARENT_MACHINE_RENDERING,LOW
expressionless,,,,,FALLBACK_ENGLISH,FALLBACK,ENGLISH_CANONICAL_FALLBACK_AFTER_ROUTE_EXHAUSTION,ENGLISH_CANONICAL_FALLBACK_AFTER_ROUTE_EXHAUSTION|NO_MACHINE_CANDIDATE,LOW
extra_ears,四つ耳,四つ耳,四つ耳,四つ耳,STRICT_ACCEPT,CARRY_FORWARD,PRIOR_CAMPAIGN_READY_CARRY_FORWARD,PRIOR_CAMPAIGN_READY_CARRY_FORWARD,LOW
eye_contact,目が合う,目が合う,目が合う,目が合う,AUTO_ACCEPT,LIGHTWEIGHT,LIGHTWEIGHT_ACCEPT_TRANSPARENT_MACHINE_RENDERING,LIGHTWEIGHT_ACCEPT_TRANSPARENT_MACHINE_RENDERING,LOW
eyepatch,眼帯,眼帯,眼帯,眼帯,AUTO_ACCEPT,LIGHTWEIGHT,LIGHTWEIGHT_ACCEPT_TRANSPARENT_MACHINE_RENDERING,LIGHTWEIGHT_ACCEPT_TRANSPARENT_MACHINE_RENDERING,LOW
eyes_visible_through_hair,,,髪越しに見える目,髪越しに見える目,REVIEW,STRICT,STRICT_REVIEW_REQUIRED,STRICT_REVIEW_REQUIRED|STRICT_ROUTE_REQUIRED,CRITICAL
eyeshadow,アイシャドウ,アイシャドウ,アイシャドウ,アイシャドウ,STRICT_ACCEPT,CARRY_FORWARD,PRIOR_CAMPAIGN_READY_CARRY_FORWARD,PRIOR_CAMPAIGN_READY_CARRY_FORWARD,LOW
eyewear_on_head,,,頭に乗せた眼鏡,頭に乗せた眼鏡,REVIEW,STRICT,STRICT_REVIEW_REQUIRED,RELATION_OR_PROVENANCE_AMBIGUITY|STRICT_REVIEW_REQUIRED|STRICT_ROUTE_REQUIRED,CRITICAL
faceless,顔なし,顔なし,顔なし,顔なし,AUTO_ACCEPT,LIGHTWEIGHT,LIGHTWEIGHT_ACCEPT_TRANSPARENT_MACHINE_RENDERING,LIGHTWEIGHT_ACCEPT_TRANSPARENT_MACHINE_RENDERING,LOW
facial_hair,顔の毛,顔の毛,顔の毛,顔の毛,AUTO_ACCEPT,LIGHTWEIGHT,LIGHTWEIGHT_ACCEPT_TRANSPARENT_MACHINE_RENDERING,LIGHTWEIGHT_ACCEPT_TRANSPARENT_MACHINE_RENDERING,LOW
fang,牙,牙,牙,牙,AUTO_ACCEPT,LIGHTWEIGHT,LIGHTWEIGHT_ACCEPT_TRANSPARENT_MACHINE_RENDERING,LIGHTWEIGHT_ACCEPT_TRANSPARENT_MACHINE_RENDERING,LOW
fangs,牙,牙,牙,牙,AUTO_ACCEPT,LIGHTWEIGHT,LIGHTWEIGHT_ACCEPT_TRANSPARENT_MACHINE_RENDERING,LIGHTWEIGHT_ACCEPT_TRANSPARENT_MACHINE_RENDERING,LOW
feathered_wings,羽毛の翼,羽毛の翼,羽毛の翼,羽毛の翼,AUTO_ACCEPT,LIGHTWEIGHT,LIGHTWEIGHT_ACCEPT_TRANSPARENT_MACHINE_RENDERING,LIGHTWEIGHT_ACCEPT_TRANSPARENT_MACHINE_RENDERING,LOW
feathers,羽毛,羽毛,羽毛,羽毛,AUTO_ACCEPT,LIGHTWEIGHT,LIGHTWEIGHT_ACCEPT_TRANSPARENT_MACHINE_RENDERING,LIGHTWEIGHT_ACCEPT_TRANSPARENT_MACHINE_RENDERING,LOW
finger_to_mouth,口に手,口に手,口に手,口に手,STRICT_ACCEPT,CARRY_FORWARD,PRIOR_CAMPAIGN_READY_CARRY_FORWARD,PRIOR_CAMPAIGN_READY_CARRY_FORWARD,LOW
fingerless_gloves,指ぬき手袋,指ぬき手袋,指ぬき手袋,指ぬき手袋,AUTO_ACCEPT,LIGHTWEIGHT,LIGHTWEIGHT_ACCEPT_TRANSPARENT_MACHINE_RENDERING,LIGHTWEIGHT_ACCEPT_TRANSPARENT_MACHINE_RENDERING,LOW
fingernails,爪,爪,爪,爪,AUTO_ACCEPT,LIGHTWEIGHT,LIGHTWEIGHT_ACCEPT_TRANSPARENT_MACHINE_RENDERING,LIGHTWEIGHT_ACCEPT_TRANSPARENT_MACHINE_RENDERING,LOW
flat_chest,平らな胸,平らな胸,平らな胸,平らな胸,AUTO_ACCEPT,LIGHTWEIGHT,LIGHTWEIGHT_ACCEPT_TRANSPARENT_MACHINE_RENDERING,LIGHTWEIGHT_ACCEPT_TRANSPARENT_MACHINE_RENDERING,LOW
floating,,,,,FALLBACK_ENGLISH,FALLBACK,ENGLISH_CANONICAL_FALLBACK_AFTER_ROUTE_EXHAUSTION,ENGLISH_CANONICAL_FALLBACK_AFTER_ROUTE_EXHAUSTION|NO_MACHINE_CANDIDATE,LOW
floating_hair,,,,,FALLBACK_ENGLISH,FALLBACK,ENGLISH_CANONICAL_FALLBACK_AFTER_ROUTE_EXHAUSTION,ENGLISH_CANONICAL_FALLBACK_AFTER_ROUTE_EXHAUSTION|NO_MACHINE_CANDIDATE,LOW
floral_print,,,,,FALLBACK_ENGLISH,FALLBACK,ENGLISH_CANONICAL_FALLBACK_AFTER_ROUTE_EXHAUSTION,ENGLISH_CANONICAL_FALLBACK_AFTER_ROUTE_EXHAUSTION|NO_MACHINE_CANDIDATE,LOW
flower,花,花,花,花,AUTO_ACCEPT,LIGHTWEIGHT,LIGHTWEIGHT_ACCEPT_TRANSPARENT_MACHINE_RENDERING,LIGHTWEIGHT_ACCEPT_TRANSPARENT_MACHINE_RENDERING,LOW
flying_sweatdrops,,,,,FALLBACK_ENGLISH,FALLBACK,ENGLISH_CANONICAL_FALLBACK_AFTER_ROUTE_EXHAUSTION,ENGLISH_CANONICAL_FALLBACK_AFTER_ROUTE_EXHAUSTION|NO_MACHINE_CANDIDATE,LOW
forehead,額,額,額,額,AUTO_ACCEPT,LIGHTWEIGHT,LIGHTWEIGHT_ACCEPT_TRANSPARENT_MACHINE_RENDERING,LIGHTWEIGHT_ACCEPT_TRANSPARENT_MACHINE_RENDERING,LOW
formal_clothes,正装,正装,正装,正装,AUTO_ACCEPT,LIGHTWEIGHT,LIGHTWEIGHT_ACCEPT_TRANSPARENT_MACHINE_RENDERING,LIGHTWEIGHT_ACCEPT_TRANSPARENT_MACHINE_RENDERING,LOW
fox_ears,狐耳,狐耳,狐耳,狐耳,AUTO_ACCEPT,LIGHTWEIGHT,LIGHTWEIGHT_ACCEPT_TRANSPARENT_MACHINE_RENDERING,LIGHTWEIGHT_ACCEPT_TRANSPARENT_MACHINE_RENDERING,LOW
fox_girl,狐娘,狐娘,狐娘,狐娘,AUTO_ACCEPT,LIGHTWEIGHT,LIGHTWEIGHT_ACCEPT_TRANSPARENT_MACHINE_RENDERING,LIGHTWEIGHT_ACCEPT_TRANSPARENT_MACHINE_RENDERING,LOW
freckles,そばかす,そばかす,そばかす,そばかす,AUTO_ACCEPT,LIGHTWEIGHT,LIGHTWEIGHT_ACCEPT_TRANSPARENT_MACHINE_RENDERING,LIGHTWEIGHT_ACCEPT_TRANSPARENT_MACHINE_RENDERING,LOW
frilled_apron,フリルエプロン,フリルエプロン,フリルエプロン,フリルエプロン,AUTO_ACCEPT,LIGHTWEIGHT,LIGHTWEIGHT_ACCEPT_TRANSPARENT_MACHINE_RENDERING,LIGHTWEIGHT_ACCEPT_TRANSPARENT_MACHINE_RENDERING,LOW
frilled_bikini,フリルビキニ,フリルビキニ,フリルビキニ,フリルビキニ,AUTO_ACCEPT,LIGHTWEIGHT,LIGHTWEIGHT_ACCEPT_TRANSPARENT_MACHINE_RENDERING,LIGHTWEIGHT_ACCEPT_TRANSPARENT_MACHINE_RENDERING,LOW
frilled_dress,フリルドレス,フリルドレス,フリルドレス,フリルドレス,AUTO_ACCEPT,LIGHTWEIGHT,LIGHTWEIGHT_ACCEPT_TRANSPARENT_MACHINE_RENDERING,LIGHTWEIGHT_ACCEPT_TRANSPARENT_MACHINE_RENDERING,LOW
frilled_shirt_collar,フリル襟,フリル襟,フリル襟,フリル襟,AUTO_ACCEPT,LIGHTWEIGHT,LIGHTWEIGHT_ACCEPT_TRANSPARENT_MACHINE_RENDERING,LIGHTWEIGHT_ACCEPT_TRANSPARENT_MACHINE_RENDERING,LOW
frilled_skirt,フリルスカート,フリルスカート,フリルスカート,フリルスカート,AUTO_ACCEPT,LIGHTWEIGHT,LIGHTWEIGHT_ACCEPT_TRANSPARENT_MACHINE_RENDERING,LIGHTWEIGHT_ACCEPT_TRANSPARENT_MACHINE_RENDERING,LOW
frills,フリル,フリル,フリル,フリル,AUTO_ACCEPT,LIGHTWEIGHT,LIGHTWEIGHT_ACCEPT_TRANSPARENT_MACHINE_RENDERING,LIGHTWEIGHT_ACCEPT_TRANSPARENT_MACHINE_RENDERING,LOW
from_below,,,,,FALLBACK_ENGLISH,FALLBACK,ENGLISH_CANONICAL_FALLBACK_AFTER_ROUTE_EXHAUSTION,ENGLISH_CANONICAL_FALLBACK_AFTER_ROUTE_EXHAUSTION|NO_MACHINE_CANDIDATE,LOW
front-tie_top,前結びトップス,前結びトップス,前結びトップス,前結びトップス,AUTO_ACCEPT,LIGHTWEIGHT,LIGHTWEIGHT_ACCEPT_TRANSPARENT_MACHINE_RENDERING,LIGHTWEIGHT_ACCEPT_TRANSPARENT_MACHINE_RENDERING,LOW
frown,,,,,FALLBACK_ENGLISH,FALLBACK,ENGLISH_CANONICAL_FALLBACK_AFTER_ROUTE_EXHAUSTION,ENGLISH_CANONICAL_FALLBACK_AFTER_ROUTE_EXHAUSTION|NO_MACHINE_CANDIDATE,LOW
fruit,果物,果物,果物,果物,AUTO_ACCEPT,LIGHTWEIGHT,LIGHTWEIGHT_ACCEPT_TRANSPARENT_MACHINE_RENDERING,LIGHTWEIGHT_ACCEPT_TRANSPARENT_MACHINE_RENDERING,LOW
full_moon,満月,満月,満月,満月,AUTO_ACCEPT,LIGHTWEIGHT,LIGHTWEIGHT_ACCEPT_TRANSPARENT_MACHINE_RENDERING,LIGHTWEIGHT_ACCEPT_TRANSPARENT_MACHINE_RENDERING,LOW
fur_trim,ファートリム,ファートリム,ファートリム,ファートリム,AUTO_ACCEPT,LIGHTWEIGHT,LIGHTWEIGHT_ACCEPT_TRANSPARENT_MACHINE_RENDERING,LIGHTWEIGHT_ACCEPT_TRANSPARENT_MACHINE_RENDERING,LOW
furrowed_brow,眉間にしわ,眉間にしわ,眉間にしわ,眉間にしわ,AUTO_ACCEPT,LIGHTWEIGHT,LIGHTWEIGHT_ACCEPT_TRANSPARENT_MACHINE_RENDERING,LIGHTWEIGHT_ACCEPT_TRANSPARENT_MACHINE_RENDERING,LOW
furry,,,獣人,獣人,REVIEW,STRICT,STRICT_REVIEW_REQUIRED,STRICT_REVIEW_REQUIRED|STRICT_ROUTE_REQUIRED,LOW
furry_female,,,女性獣人,女性獣人,REVIEW,STRICT,STRICT_REVIEW_REQUIRED,STRICT_REVIEW_REQUIRED|STRICT_ROUTE_REQUIRED,LOW
furry_male,,,男性獣人,男性獣人,REVIEW,STRICT,STRICT_REVIEW_REQUIRED,STRICT_REVIEW_REQUIRED|STRICT_ROUTE_REQUIRED,LOW
gem,宝石,宝石,宝石,宝石,AUTO_ACCEPT,LIGHTWEIGHT,LIGHTWEIGHT_ACCEPT_TRANSPARENT_MACHINE_RENDERING,LIGHTWEIGHT_ACCEPT_TRANSPARENT_MACHINE_RENDERING,LOW
genderswap,,,性別入れ替え,性別入れ替え,REVIEW,STRICT,STRICT_REVIEW_REQUIRED,STRICT_REVIEW_REQUIRED|STRICT_ROUTE_REQUIRED,LOW
glowing,発光,発光,発光,発光,AUTO_ACCEPT,LIGHTWEIGHT,LIGHTWEIGHT_ACCEPT_TRANSPARENT_MACHINE_RENDERING,LIGHTWEIGHT_ACCEPT_TRANSPARENT_MACHINE_RENDERING,LOW
glowing_eyes,光る目,光る目,光る目,光る目,AUTO_ACCEPT,LIGHTWEIGHT,LIGHTWEIGHT_ACCEPT_TRANSPARENT_MACHINE_RENDERING,LIGHTWEIGHT_ACCEPT_TRANSPARENT_MACHINE_RENDERING,LOW
gradient_hair,グラデーション髪,グラデーション髪,グラデーション髪,グラデーション髪,AUTO_ACCEPT,LIGHTWEIGHT,LIGHTWEIGHT_ACCEPT_TRANSPARENT_MACHINE_RENDERING,LIGHTWEIGHT_ACCEPT_TRANSPARENT_MACHINE_RENDERING,LOW
grass,草,草,草,草,AUTO_ACCEPT,LIGHTWEIGHT,LIGHTWEIGHT_ACCEPT_TRANSPARENT_MACHINE_RENDERING,LIGHTWEIGHT_ACCEPT_TRANSPARENT_MACHINE_RENDERING,LOW
green_background,緑の背景,緑の背景,緑の背景,緑の背景,AUTO_ACCEPT,LIGHTWEIGHT,LIGHTWEIGHT_ACCEPT_TRANSPARENT_MACHINE_RENDERING,LIGHTWEIGHT_ACCEPT_TRANSPARENT_MACHINE_RENDERING,MEDIUM
green_bow,,,,,FALLBACK_ENGLISH,FALLBACK,ENGLISH_CANONICAL_FALLBACK_AFTER_ROUTE_EXHAUSTION,ENGLISH_CANONICAL_FALLBACK_AFTER_ROUTE_EXHAUSTION|NO_MACHINE_CANDIDATE,MEDIUM
green_jacket,緑のジャケット,緑のジャケット,緑のジャケット,緑のジャケット,AUTO_ACCEPT,LIGHTWEIGHT,LIGHTWEIGHT_ACCEPT_TRANSPARENT_MACHINE_RENDERING,LIGHTWEIGHT_ACCEPT_TRANSPARENT_MACHINE_RENDERING,MEDIUM
green_shirt,緑のシャツ,緑のシャツ,緑のシャツ,緑のシャツ,AUTO_ACCEPT,LIGHTWEIGHT,LIGHTWEIGHT_ACCEPT_TRANSPARENT_MACHINE_RENDERING,LIGHTWEIGHT_ACCEPT_TRANSPARENT_MACHINE_RENDERING,MEDIUM
green_skirt,,,,,FALLBACK_ENGLISH,FALLBACK,ENGLISH_CANONICAL_FALLBACK_AFTER_ROUTE_EXHAUSTION,ENGLISH_CANONICAL_FALLBACK_AFTER_ROUTE_EXHAUSTION|NO_MACHINE_CANDIDATE,MEDIUM
grey_background,,,,,FALLBACK_ENGLISH,FALLBACK,ENGLISH_CANONICAL_FALLBACK_AFTER_ROUTE_EXHAUSTION,ENGLISH_CANONICAL_FALLBACK_AFTER_ROUTE_EXHAUSTION|NO_MACHINE_CANDIDATE,LOW
grey_hair,灰色の髪,灰色の髪,灰色の髪,灰色の髪,AUTO_ACCEPT,LIGHTWEIGHT,LIGHTWEIGHT_ACCEPT_TRANSPARENT_MACHINE_RENDERING,LIGHTWEIGHT_ACCEPT_TRANSPARENT_MACHINE_RENDERING,LOW
grey_jacket,灰色のジャケット,灰色のジャケット,灰色のジャケット,灰色のジャケット,AUTO_ACCEPT,LIGHTWEIGHT,LIGHTWEIGHT_ACCEPT_TRANSPARENT_MACHINE_RENDERING,LIGHTWEIGHT_ACCEPT_TRANSPARENT_MACHINE_RENDERING,LOW
grey_shirt,灰色のシャツ,灰色のシャツ,灰色のシャツ,灰色のシャツ,AUTO_ACCEPT,LIGHTWEIGHT,LIGHTWEIGHT_ACCEPT_TRANSPARENT_MACHINE_RENDERING,LIGHTWEIGHT_ACCEPT_TRANSPARENT_MACHINE_RENDERING,LOW
grey_skirt,,,,,FALLBACK_ENGLISH,FALLBACK,ENGLISH_CANONICAL_FALLBACK_AFTER_ROUTE_EXHAUSTION,ENGLISH_CANONICAL_FALLBACK_AFTER_ROUTE_EXHAUSTION|NO_MACHINE_CANDIDATE,LOW
grin,,,,,FALLBACK_ENGLISH,FALLBACK,ENGLISH_CANONICAL_FALLBACK_AFTER_ROUTE_EXHAUSTION,ENGLISH_CANONICAL_FALLBACK_AFTER_ROUTE_EXHAUSTION|NO_MACHINE_CANDIDATE,LOW
groin,股間,股間,股間,股間,AUTO_ACCEPT,LIGHTWEIGHT,LIGHTWEIGHT_ACCEPT_TRANSPARENT_MACHINE_RENDERING,LIGHTWEIGHT_ACCEPT_TRANSPARENT_MACHINE_RENDERING,LOW
gun,銃,銃,銃,銃,AUTO_ACCEPT,LIGHTWEIGHT,LIGHTWEIGHT_ACCEPT_TRANSPARENT_MACHINE_RENDERING,LIGHTWEIGHT_ACCEPT_TRANSPARENT_MACHINE_RENDERING,LOW
hair_bobbles,髪ゴム,髪ゴム,髪ゴム,髪ゴム,AUTO_ACCEPT,LIGHTWEIGHT,LIGHTWEIGHT_ACCEPT_TRANSPARENT_MACHINE_RENDERING,LIGHTWEIGHT_ACCEPT_TRANSPARENT_MACHINE_RENDERING,LOW
hair_bow,髪リボン,髪リボン,髪リボン,髪リボン,AUTO_ACCEPT,LIGHTWEIGHT,LIGHTWEIGHT_ACCEPT_TRANSPARENT_MACHINE_RENDERING,LIGHTWEIGHT_ACCEPT_TRANSPARENT_MACHINE_RENDERING,LOW
hair_flaps,なびく髪,なびく髪,なびく髪,なびく髪,AUTO_ACCEPT,LIGHTWEIGHT,LIGHTWEIGHT_ACCEPT_TRANSPARENT_MACHINE_RENDERING,LIGHTWEIGHT_ACCEPT_TRANSPARENT_MACHINE_RENDERING,LOW
hair_flower,髪飾りの花,髪飾りの花,髪飾りの花,髪飾りの花,AUTO_ACCEPT,LIGHTWEIGHT,LIGHTWEIGHT_ACCEPT_TRANSPARENT_MACHINE_RENDERING,LIGHTWEIGHT_ACCEPT_TRANSPARENT_MACHINE_RENDERING,LOW
hair_intakes,吸い込み髪,吸い込み髪,吸い込み髪,吸い込み髪,AUTO_ACCEPT,LIGHTWEIGHT,LIGHTWEIGHT_ACCEPT_TRANSPARENT_MACHINE_RENDERING,LIGHTWEIGHT_ACCEPT_TRANSPARENT_MACHINE_RENDERING,LOW
hair_over_one_eye,,,片目隠れ,片目隠れ,REVIEW,STRICT,STRICT_REVIEW_REQUIRED,STRICT_REVIEW_REQUIRED|STRICT_ROUTE_REQUIRED,CRITICAL
hair_over_shoulder,肩かけ髪,肩かけ髪,肩かけ髪,肩かけ髪,AUTO_ACCEPT,LIGHTWEIGHT,LIGHTWEIGHT_ACCEPT_TRANSPARENT_MACHINE_RENDERING,LIGHTWEIGHT_ACCEPT_TRANSPARENT_MACHINE_RENDERING,LOW
hair_ribbon,髪リボン,髪リボン,髪リボン,髪リボン,AUTO_ACCEPT,LIGHTWEIGHT,LIGHTWEIGHT_ACCEPT_TRANSPARENT_MACHINE_RENDERING,LIGHTWEIGHT_ACCEPT_TRANSPARENT_MACHINE_RENDERING,LOW
hair_rings,髪輪,髪輪,髪輪,髪輪,AUTO_ACCEPT,LIGHTWEIGHT,LIGHTWEIGHT_ACCEPT_TRANSPARENT_MACHINE_RENDERING,LIGHTWEIGHT_ACCEPT_TRANSPARENT_MACHINE_RENDERING,LOW
hair_tubes,,,,,FALLBACK_ENGLISH,FALLBACK,ENGLISH_CANONICAL_FALLBACK_AFTER_ROUTE_EXHAUSTION,ENGLISH_CANONICAL_FALLBACK_AFTER_ROUTE_EXHAUSTION|NO_MACHINE_CANDIDATE,LOW
hairband,ヘアバンド,ヘアバンド,ヘアバンド,ヘアバンド,AUTO_ACCEPT,LIGHTWEIGHT,LIGHTWEIGHT_ACCEPT_TRANSPARENT_MACHINE_RENDERING,LIGHTWEIGHT_ACCEPT_TRANSPARENT_MACHINE_RENDERING,LOW
hairclip,ヘアピン,ヘアピン,ヘアピン,ヘアピン,AUTO_ACCEPT,LIGHTWEIGHT,LIGHTWEIGHT_ACCEPT_TRANSPARENT_MACHINE_RENDERING,LIGHTWEIGHT_ACCEPT_TRANSPARENT_MACHINE_RENDERING,LOW
hakama,袴,袴,袴,袴,AUTO_ACCEPT,LIGHTWEIGHT,LIGHTWEIGHT_ACCEPT_TRANSPARENT_MACHINE_RENDERING,LIGHTWEIGHT_ACCEPT_TRANSPARENT_MACHINE_RENDERING,LOW
half_updo,,,,,FALLBACK_ENGLISH,FALLBACK,ENGLISH_CANONICAL_FALLBACK_AFTER_ROUTE_EXHAUSTION,ENGLISH_CANONICAL_FALLBACK_AFTER_ROUTE_EXHAUSTION|NO_MACHINE_CANDIDATE,LOW
halo,光輪,光輪,光輪,光輪,AUTO_ACCEPT,LIGHTWEIGHT,LIGHTWEIGHT_ACCEPT_TRANSPARENT_MACHINE_RENDERING,LIGHTWEIGHT_ACCEPT_TRANSPARENT_MACHINE_RENDERING,LOW
hand_in_pocket,ポケットに手,ポケットに手,ポケットに手,ポケットに手,AUTO_ACCEPT,LIGHTWEIGHT,LIGHTWEIGHT_ACCEPT_TRANSPARENT_MACHINE_RENDERING,LIGHTWEIGHT_ACCEPT_TRANSPARENT_MACHINE_RENDERING,LOW
hand_on_another's_head,,,,,FALLBACK_ENGLISH,FALLBACK,ENGLISH_CANONICAL_FALLBACK_AFTER_ROUTE_EXHAUSTION,ENGLISH_CANONICAL_FALLBACK_AFTER_ROUTE_EXHAUSTION|NO_MACHINE_CANDIDATE|RELATION_OR_PROVENANCE_AMBIGUITY|STRICT_ROUTE_REQUIRED,CRITICAL
hand_up,手を上げる,手を上げる,手を上げる,手を上げる,AUTO_ACCEPT,LIGHTWEIGHT,LIGHTWEIGHT_ACCEPT_TRANSPARENT_MACHINE_RENDERING,LIGHTWEIGHT_ACCEPT_TRANSPARENT_MACHINE_RENDERING,LOW
handgun,拳銃,拳銃,拳銃,拳銃,AUTO_ACCEPT,LIGHTWEIGHT,LIGHTWEIGHT_ACCEPT_TRANSPARENT_MACHINE_RENDERING,LIGHTWEIGHT_ACCEPT_TRANSPARENT_MACHINE_RENDERING,LOW
hands_up,両手を上げる,両手を上げる,両手を上げる,両手を上げる,AUTO_ACCEPT,LIGHTWEIGHT,LIGHTWEIGHT_ACCEPT_TRANSPARENT_MACHINE_RENDERING,LIGHTWEIGHT_ACCEPT_TRANSPARENT_MACHINE_RENDERING,LOW
happy,,,,,FALLBACK_ENGLISH,FALLBACK,ENGLISH_CANONICAL_FALLBACK_AFTER_ROUTE_EXHAUSTION,ENGLISH_CANONICAL_FALLBACK_AFTER_ROUTE_EXHAUSTION|NO_MACHINE_CANDIDATE,LOW
hat_bow,,,,,FALLBACK_ENGLISH,FALLBACK,ENGLISH_CANONICAL_FALLBACK_AFTER_ROUTE_EXHAUSTION,ENGLISH_CANONICAL_FALLBACK_AFTER_ROUTE_EXHAUSTION|NO_MACHINE_CANDIDATE,LOW
head_wings,,,,,FALLBACK_ENGLISH,FALLBACK,ENGLISH_CANONICAL_FALLBACK_AFTER_ROUTE_EXHAUSTION,ENGLISH_CANONICAL_FALLBACK_AFTER_ROUTE_EXHAUSTION|NO_MACHINE_CANDIDATE,LOW
headband,ヘッドバンド,ヘッドバンド,ヘッドバンド,ヘッドバンド,AUTO_ACCEPT,LIGHTWEIGHT,LIGHTWEIGHT_ACCEPT_TRANSPARENT_MACHINE_RENDERING,LIGHTWEIGHT_ACCEPT_TRANSPARENT_MACHINE_RENDERING,LOW
heart,ハート,ハート,ハート,ハート,AUTO_ACCEPT,LIGHTWEIGHT,LIGHTWEIGHT_ACCEPT_TRANSPARENT_MACHINE_RENDERING,LIGHTWEIGHT_ACCEPT_TRANSPARENT_MACHINE_RENDERING,LOW
heart-shaped_pupils,ハート形の瞳孔,ハート形の瞳孔,ハート形の瞳孔,ハート形の瞳孔,AUTO_ACCEPT,LIGHTWEIGHT,LIGHTWEIGHT_ACCEPT_TRANSPARENT_MACHINE_RENDERING,LIGHTWEIGHT_ACCEPT_TRANSPARENT_MACHINE_RENDERING,LOW
helmet,ヘルメット,ヘルメット,ヘルメット,ヘルメット,AUTO_ACCEPT,LIGHTWEIGHT,LIGHTWEIGHT_ACCEPT_TRANSPARENT_MACHINE_RENDERING,LIGHTWEIGHT_ACCEPT_TRANSPARENT_MACHINE_RENDERING,LOW
heterochromia,,,,,FALLBACK_ENGLISH,FALLBACK,ENGLISH_CANONICAL_FALLBACK_AFTER_ROUTE_EXHAUSTION,ENGLISH_CANONICAL_FALLBACK_AFTER_ROUTE_EXHAUSTION|NO_MACHINE_CANDIDATE,LOW
high-waist_skirt,ハイウエストスカート,ハイウエストスカート,ハイウエストスカート,ハイウエストスカート,AUTO_ACCEPT,LIGHTWEIGHT,LIGHTWEIGHT_ACCEPT_TRANSPARENT_MACHINE_RENDERING,LIGHTWEIGHT_ACCEPT_TRANSPARENT_MACHINE_RENDERING,LOW
high_collar,ハイカラー,ハイカラー,ハイカラー,ハイカラー,AUTO_ACCEPT,LIGHTWEIGHT,LIGHTWEIGHT_ACCEPT_TRANSPARENT_MACHINE_RENDERING,LIGHTWEIGHT_ACCEPT_TRANSPARENT_MACHINE_RENDERING,LOW
high_heel_boots,ハイヒールブーツ,ハイヒールブーツ,ハイヒールブーツ,ハイヒールブーツ,AUTO_ACCEPT,LIGHTWEIGHT,LIGHTWEIGHT_ACCEPT_TRANSPARENT_MACHINE_RENDERING,LIGHTWEIGHT_ACCEPT_TRANSPARENT_MACHINE_RENDERING,LOW
high_ponytail,ハイポニーテール,ハイポニーテール,ハイポニーテール,ハイポニーテール,STRICT_ACCEPT,CARRY_FORWARD,PRIOR_CAMPAIGN_READY_CARRY_FORWARD,PRIOR_CAMPAIGN_READY_CARRY_FORWARD,LOW
holding_cup,,,カップを持つ,カップを持つ,REVIEW,STRICT,STRICT_REVIEW_REQUIRED,STRICT_REVIEW_REQUIRED|STRICT_ROUTE_REQUIRED,CRITICAL
holding_staff,,,杖を持つ,杖を持つ,REVIEW,STRICT,STRICT_REVIEW_REQUIRED,STRICT_REVIEW_REQUIRED|STRICT_ROUTE_REQUIRED,CRITICAL
hood,フード,フード,フード,フード,AUTO_ACCEPT,LIGHTWEIGHT,LIGHTWEIGHT_ACCEPT_TRANSPARENT_MACHINE_RENDERING,LIGHTWEIGHT_ACCEPT_TRANSPARENT_MACHINE_RENDERING,LOW
hood_up,フードをかぶる,フードをかぶる,フードをかぶる,フードをかぶる,AUTO_ACCEPT,LIGHTWEIGHT,LIGHTWEIGHT_ACCEPT_TRANSPARENT_MACHINE_RENDERING,LIGHTWEIGHT_ACCEPT_TRANSPARENT_MACHINE_RENDERING,LOW
hoodie,パーカー,パーカー,パーカー,パーカー,AUTO_ACCEPT,LIGHTWEIGHT,LIGHTWEIGHT_ACCEPT_TRANSPARENT_MACHINE_RENDERING,LIGHTWEIGHT_ACCEPT_TRANSPARENT_MACHINE_RENDERING,LOW
horns,角,角,角,角,AUTO_ACCEPT,LIGHTWEIGHT,LIGHTWEIGHT_ACCEPT_TRANSPARENT_MACHINE_RENDERING,LIGHTWEIGHT_ACCEPT_TRANSPARENT_MACHINE_RENDERING,LOW
horse_ears,馬耳,馬耳,馬耳,馬耳,AUTO_ACCEPT,LIGHTWEIGHT,LIGHTWEIGHT_ACCEPT_TRANSPARENT_MACHINE_RENDERING,LIGHTWEIGHT_ACCEPT_TRANSPARENT_MACHINE_RENDERING,LOW
horse_girl,馬娘,馬娘,馬娘,馬娘,AUTO_ACCEPT,LIGHTWEIGHT,LIGHTWEIGHT_ACCEPT_TRANSPARENT_MACHINE_RENDERING,LIGHTWEIGHT_ACCEPT_TRANSPARENT_MACHINE_RENDERING,LOW
hug,抱擁,抱擁,抱擁,抱擁,AUTO_ACCEPT,LIGHTWEIGHT,LIGHTWEIGHT_ACCEPT_TRANSPARENT_MACHINE_RENDERING,LIGHTWEIGHT_ACCEPT_TRANSPARENT_MACHINE_RENDERING,LOW
index_finger_raised,人差し指を立てる,人差し指を立てる,人差し指を立てる,人差し指を立てる,AUTO_ACCEPT,LIGHTWEIGHT,LIGHTWEIGHT_ACCEPT_TRANSPARENT_MACHINE_RENDERING,LIGHTWEIGHT_ACCEPT_TRANSPARENT_MACHINE_RENDERING,LOW
indoors,屋内,屋内,屋内,屋内,AUTO_ACCEPT,LIGHTWEIGHT,LIGHTWEIGHT_ACCEPT_TRANSPARENT_MACHINE_RENDERING,LIGHTWEIGHT_ACCEPT_TRANSPARENT_MACHINE_RENDERING,LOW
interlocked_fingers,指を組む,指を組む,指を組む,指を組む,AUTO_ACCEPT,LIGHTWEIGHT,LIGHTWEIGHT_ACCEPT_TRANSPARENT_MACHINE_RENDERING,LIGHTWEIGHT_ACCEPT_TRANSPARENT_MACHINE_RENDERING,LOW
japanese_clothes,和服,和服,和服,和服,AUTO_ACCEPT,LIGHTWEIGHT,LIGHTWEIGHT_ACCEPT_TRANSPARENT_MACHINE_RENDERING,LIGHTWEIGHT_ACCEPT_TRANSPARENT_MACHINE_RENDERING,LOW
jingle_bell,鈴,鈴,鈴,鈴,AUTO_ACCEPT,LIGHTWEIGHT,LIGHTWEIGHT_ACCEPT_TRANSPARENT_MACHINE_RENDERING,LIGHTWEIGHT_ACCEPT_TRANSPARENT_MACHINE_RENDERING,LOW
juliet_sleeves,ジュリエットスリーブ,ジュリエットスリーブ,ジュリエットスリーブ,ジュリエットスリーブ,STRICT_ACCEPT,CARRY_FORWARD,PRIOR_CAMPAIGN_READY_CARRY_FORWARD,PRIOR_CAMPAIGN_READY_CARRY_FORWARD,LOW
kemonomimi_mode,,,,,FALLBACK_ENGLISH,FALLBACK,ENGLISH_CANONICAL_FALLBACK_AFTER_ROUTE_EXHAUSTION,ENGLISH_CANONICAL_FALLBACK_AFTER_ROUTE_EXHAUSTION|NO_MACHINE_CANDIDATE,LOW
kimono,着物,着物,着物,着物,AUTO_ACCEPT,LIGHTWEIGHT,LIGHTWEIGHT_ACCEPT_TRANSPARENT_MACHINE_RENDERING,LIGHTWEIGHT_ACCEPT_TRANSPARENT_MACHINE_RENDERING,LOW
knee_up,片膝を上げる,片膝を上げる,片膝を上げる,片膝を上げる,AUTO_ACCEPT,LIGHTWEIGHT,LIGHTWEIGHT_ACCEPT_TRANSPARENT_MACHINE_RENDERING,LIGHTWEIGHT_ACCEPT_TRANSPARENT_MACHINE_RENDERING,LOW
kneehighs,,,,,FALLBACK_ENGLISH,FALLBACK,ENGLISH_CANONICAL_FALLBACK_AFTER_ROUTE_EXHAUSTION,ENGLISH_CANONICAL_FALLBACK_AFTER_ROUTE_EXHAUSTION|NO_MACHINE_CANDIDATE,LOW
knees_up,両膝を上げる,両膝を上げる,両膝を上げる,両膝を上げる,AUTO_ACCEPT,LIGHTWEIGHT,LIGHTWEIGHT_ACCEPT_TRANSPARENT_MACHINE_RENDERING,LIGHTWEIGHT_ACCEPT_TRANSPARENT_MACHINE_RENDERING,LOW
knife,ナイフ,ナイフ,ナイフ,ナイフ,AUTO_ACCEPT,LIGHTWEIGHT,LIGHTWEIGHT_ACCEPT_TRANSPARENT_MACHINE_RENDERING,LIGHTWEIGHT_ACCEPT_TRANSPARENT_MACHINE_RENDERING,LOW
lace_trim,レース飾り,レース飾り,レース飾り,レース飾り,AUTO_ACCEPT,LIGHTWEIGHT,LIGHTWEIGHT_ACCEPT_TRANSPARENT_MACHINE_RENDERING,LIGHTWEIGHT_ACCEPT_TRANSPARENT_MACHINE_RENDERING,LOW
large_pectorals,,,,,FALLBACK_ENGLISH,FALLBACK,ENGLISH_CANONICAL_FALLBACK_AFTER_ROUTE_EXHAUSTION,ENGLISH_CANONICAL_FALLBACK_AFTER_ROUTE_EXHAUSTION|NO_MACHINE_CANDIDATE,MEDIUM
leaf,葉,葉,葉,葉,AUTO_ACCEPT,LIGHTWEIGHT,LIGHTWEIGHT_ACCEPT_TRANSPARENT_MACHINE_RENDERING,LIGHTWEIGHT_ACCEPT_TRANSPARENT_MACHINE_RENDERING,LOW
leg_up,,,,,FALLBACK_ENGLISH,FALLBACK,ENGLISH_CANONICAL_FALLBACK_AFTER_ROUTE_EXHAUSTION,ENGLISH_CANONICAL_FALLBACK_AFTER_ROUTE_EXHAUSTION|NO_MACHINE_CANDIDATE,LOW
lens_flare,レンズフレア,レンズフレア,レンズフレア,レンズフレア,AUTO_ACCEPT,LIGHTWEIGHT,LIGHTWEIGHT_ACCEPT_TRANSPARENT_MACHINE_RENDERING,LIGHTWEIGHT_ACCEPT_TRANSPARENT_MACHINE_RENDERING,LOW
licking,,,,,FALLBACK_ENGLISH,FALLBACK,ENGLISH_CANONICAL_FALLBACK_AFTER_ROUTE_EXHAUSTION,ENGLISH_CANONICAL_FALLBACK_AFTER_ROUTE_EXHAUSTION|NO_MACHINE_CANDIDATE,LOW
lifting_own_clothes,,,,,FALLBACK_ENGLISH,FALLBACK,ENGLISH_CANONICAL_FALLBACK_AFTER_ROUTE_EXHAUSTION,ENGLISH_CANONICAL_FALLBACK_AFTER_ROUTE_EXHAUSTION|NO_MACHINE_CANDIDATE,LOW
light_blush,薄い赤面,薄い赤面,薄い赤面,薄い赤面,AUTO_ACCEPT,LIGHTWEIGHT,LIGHTWEIGHT_ACCEPT_TRANSPARENT_MACHINE_RENDERING,LIGHTWEIGHT_ACCEPT_TRANSPARENT_MACHINE_RENDERING,LOW
light_particles,光の粒,光の粒,光の粒,光の粒,AUTO_ACCEPT,LIGHTWEIGHT,LIGHTWEIGHT_ACCEPT_TRANSPARENT_MACHINE_RENDERING,LIGHTWEIGHT_ACCEPT_TRANSPARENT_MACHINE_RENDERING,LOW
light_smile,かすかな笑顔,かすかな笑顔,かすかな笑顔,かすかな笑顔,AUTO_ACCEPT,LIGHTWEIGHT,LIGHTWEIGHT_ACCEPT_TRANSPARENT_MACHINE_RENDERING,LIGHTWEIGHT_ACCEPT_TRANSPARENT_MACHINE_RENDERING,LOW
lips,唇,唇,唇,唇,AUTO_ACCEPT,LIGHTWEIGHT,LIGHTWEIGHT_ACCEPT_TRANSPARENT_MACHINE_RENDERING,LIGHTWEIGHT_ACCEPT_TRANSPARENT_MACHINE_RENDERING,LOW
lipstick,口紅,口紅,口紅,口紅,AUTO_ACCEPT,LIGHTWEIGHT,LIGHTWEIGHT_ACCEPT_TRANSPARENT_MACHINE_RENDERING,LIGHTWEIGHT_ACCEPT_TRANSPARENT_MACHINE_RENDERING,LOW
loafers,ローファー,ローファー,ローファー,ローファー,AUTO_ACCEPT,LIGHTWEIGHT,LIGHTWEIGHT_ACCEPT_TRANSPARENT_MACHINE_RENDERING,LIGHTWEIGHT_ACCEPT_TRANSPARENT_MACHINE_RENDERING,LOW
long_dress,ロングドレス,ロングドレス,ロングドレス,ロングドレス,AUTO_ACCEPT,LIGHTWEIGHT,LIGHTWEIGHT_ACCEPT_TRANSPARENT_MACHINE_RENDERING,LIGHTWEIGHT_ACCEPT_TRANSPARENT_MACHINE_RENDERING,MEDIUM
long_fingernails,長い爪,長い爪,長い爪,長い爪,AUTO_ACCEPT,LIGHTWEIGHT,LIGHTWEIGHT_ACCEPT_TRANSPARENT_MACHINE_RENDERING,LIGHTWEIGHT_ACCEPT_TRANSPARENT_MACHINE_RENDERING,MEDIUM
looking_up,,,,,FALLBACK_ENGLISH,FALLBACK,ENGLISH_CANONICAL_FALLBACK_AFTER_ROUTE_EXHAUSTION,ENGLISH_CANONICAL_FALLBACK_AFTER_ROUTE_EXHAUSTION|NO_MACHINE_CANDIDATE,LOW
low_ponytail,低いポニーテール,低いポニーテール,低いポニーテール,低いポニーテール,AUTO_ACCEPT,LIGHTWEIGHT,LIGHTWEIGHT_ACCEPT_TRANSPARENT_MACHINE_RENDERING,LIGHTWEIGHT_ACCEPT_TRANSPARENT_MACHINE_RENDERING,LOW
low_twintails,低いツインテール,低いツインテール,低いツインテール,低いツインテール,AUTO_ACCEPT,LIGHTWEIGHT,LIGHTWEIGHT_ACCEPT_TRANSPARENT_MACHINE_RENDERING,LIGHTWEIGHT_ACCEPT_TRANSPARENT_MACHINE_RENDERING,LOW
magical_girl,魔法少女,魔法少女,魔法少女,魔法少女,AUTO_ACCEPT,LIGHTWEIGHT,LIGHTWEIGHT_ACCEPT_TRANSPARENT_MACHINE_RENDERING,LIGHTWEIGHT_ACCEPT_TRANSPARENT_MACHINE_RENDERING,LOW
maid,,,,,FALLBACK_ENGLISH,FALLBACK,ENGLISH_CANONICAL_FALLBACK_AFTER_ROUTE_EXHAUSTION,ENGLISH_CANONICAL_FALLBACK_AFTER_ROUTE_EXHAUSTION|NO_MACHINE_CANDIDATE,LOW
maid_apron,メイドエプロン,メイドエプロン,メイドエプロン,メイドエプロン,AUTO_ACCEPT,LIGHTWEIGHT,LIGHTWEIGHT_ACCEPT_TRANSPARENT_MACHINE_RENDERING,LIGHTWEIGHT_ACCEPT_TRANSPARENT_MACHINE_RENDERING,LOW
maid_headdress,ホワイトブリム,ホワイトブリム,ホワイトブリム,ホワイトブリム,STRICT_ACCEPT,CARRY_FORWARD,PRIOR_CAMPAIGN_READY_CARRY_FORWARD,PRIOR_CAMPAIGN_READY_CARRY_FORWARD,LOW
makeup,化粧,化粧,化粧,化粧,AUTO_ACCEPT,LIGHTWEIGHT,LIGHTWEIGHT_ACCEPT_TRANSPARENT_MACHINE_RENDERING,LIGHTWEIGHT_ACCEPT_TRANSPARENT_MACHINE_RENDERING,LOW
mask,マスク,マスク,マスク,マスク,AUTO_ACCEPT,LIGHTWEIGHT,LIGHTWEIGHT_ACCEPT_TRANSPARENT_MACHINE_RENDERING,LIGHTWEIGHT_ACCEPT_TRANSPARENT_MACHINE_RENDERING,LOW
meme,,,ミーム,ミーム,REVIEW,STRICT,STRICT_REVIEW_REQUIRED,STRICT_REVIEW_REQUIRED|STRICT_ROUTE_REQUIRED,LOW
messy_hair,乱れ髪,乱れ髪,乱れ髪,乱れ髪,AUTO_ACCEPT,LIGHTWEIGHT,LIGHTWEIGHT_ACCEPT_TRANSPARENT_MACHINE_RENDERING,LIGHTWEIGHT_ACCEPT_TRANSPARENT_MACHINE_RENDERING,LOW
micro_bikini,マイクロビキニ,マイクロビキニ,マイクロビキニ,マイクロビキニ,AUTO_ACCEPT,LIGHTWEIGHT,LIGHTWEIGHT_ACCEPT_TRANSPARENT_MACHINE_RENDERING,LIGHTWEIGHT_ACCEPT_TRANSPARENT_MACHINE_RENDERING,LOW
military,軍装,軍装,軍装,軍装,AUTO_ACCEPT,LIGHTWEIGHT,LIGHTWEIGHT_ACCEPT_TRANSPARENT_MACHINE_RENDERING,LIGHTWEIGHT_ACCEPT_TRANSPARENT_MACHINE_RENDERING,LOW
military_uniform,軍服,軍服,軍服,軍服,AUTO_ACCEPT,LIGHTWEIGHT,LIGHTWEIGHT_ACCEPT_TRANSPARENT_MACHINE_RENDERING,LIGHTWEIGHT_ACCEPT_TRANSPARENT_MACHINE_RENDERING,LOW
miniskirt,ミニスカート,ミニスカート,ミニスカート,ミニスカート,AUTO_ACCEPT,LIGHTWEIGHT,LIGHTWEIGHT_ACCEPT_TRANSPARENT_MACHINE_RENDERING,LIGHTWEIGHT_ACCEPT_TRANSPARENT_MACHINE_RENDERING,LOW
mob_cap,,,,,FALLBACK_ENGLISH,FALLBACK,ENGLISH_CANONICAL_FALLBACK_AFTER_ROUTE_EXHAUSTION,ENGLISH_CANONICAL_FALLBACK_AFTER_ROUTE_EXHAUSTION|NO_MACHINE_CANDIDATE,LOW
mole,ほくろ,ほくろ,ほくろ,ほくろ,AUTO_ACCEPT,LIGHTWEIGHT,LIGHTWEIGHT_ACCEPT_TRANSPARENT_MACHINE_RENDERING,LIGHTWEIGHT_ACCEPT_TRANSPARENT_MACHINE_RENDERING,LOW
monochrome,モノクロ,モノクロ,モノクロ,モノクロ,AUTO_ACCEPT,LIGHTWEIGHT,LIGHTWEIGHT_ACCEPT_TRANSPARENT_MACHINE_RENDERING,LIGHTWEIGHT_ACCEPT_TRANSPARENT_MACHINE_RENDERING,LOW
monster_girl,,,,,FALLBACK_ENGLISH,FALLBACK,ENGLISH_CANONICAL_FALLBACK_AFTER_ROUTE_EXHAUSTION,ENGLISH_CANONICAL_FALLBACK_AFTER_ROUTE_EXHAUSTION|NO_MACHINE_CANDIDATE,LOW
moon,月,月,月,月,AUTO_ACCEPT,LIGHTWEIGHT,LIGHTWEIGHT_ACCEPT_TRANSPARENT_MACHINE_RENDERING,LIGHTWEIGHT_ACCEPT_TRANSPARENT_MACHINE_RENDERING,LOW
mosaic_censoring,モザイク修正,モザイク修正,モザイク修正,モザイク修正,AUTO_ACCEPT,LIGHTWEIGHT,LIGHTWEIGHT_ACCEPT_TRANSPARENT_MACHINE_RENDERING,LIGHTWEIGHT_ACCEPT_TRANSPARENT_MACHINE_RENDERING,LOW
motion_lines,動線,動線,動線,動線,AUTO_ACCEPT,LIGHTWEIGHT,LIGHTWEIGHT_ACCEPT_TRANSPARENT_MACHINE_RENDERING,LIGHTWEIGHT_ACCEPT_TRANSPARENT_MACHINE_RENDERING,LOW
motor_vehicle,自動車,自動車,自動車,自動車,AUTO_ACCEPT,LIGHTWEIGHT,LIGHTWEIGHT_ACCEPT_TRANSPARENT_MACHINE_RENDERING,LIGHTWEIGHT_ACCEPT_TRANSPARENT_MACHINE_RENDERING,LOW
mouth_hold,,,,,FALLBACK_ENGLISH,FALLBACK,ENGLISH_CANONICAL_FALLBACK_AFTER_ROUTE_EXHAUSTION,ENGLISH_CANONICAL_FALLBACK_AFTER_ROUTE_EXHAUSTION|NO_MACHINE_CANDIDATE,LOW
multicolored_eyes,多色の目,多色の目,多色の目,多色の目,AUTO_ACCEPT,LIGHTWEIGHT,LIGHTWEIGHT_ACCEPT_TRANSPARENT_MACHINE_RENDERING,LIGHTWEIGHT_ACCEPT_TRANSPARENT_MACHINE_RENDERING,MEDIUM
multiple_tails,,,複数の尾,複数の尾,REVIEW,STRICT,STRICT_REVIEW_REQUIRED,STRICT_REVIEW_REQUIRED|STRICT_ROUTE_REQUIRED,CRITICAL
muscular,筋肉質,筋肉質,筋肉質,筋肉質,AUTO_ACCEPT,LIGHTWEIGHT,LIGHTWEIGHT_ACCEPT_TRANSPARENT_MACHINE_RENDERING,LIGHTWEIGHT_ACCEPT_TRANSPARENT_MACHINE_RENDERING,LOW
muscular_male,筋肉質の男性,筋肉質の男性,筋肉質の男性,筋肉質の男性,AUTO_ACCEPT,LIGHTWEIGHT,LIGHTWEIGHT_ACCEPT_TRANSPARENT_MACHINE_RENDERING,LIGHTWEIGHT_ACCEPT_TRANSPARENT_MACHINE_RENDERING,LOW
musical_note,音符,音符,音符,音符,AUTO_ACCEPT,LIGHTWEIGHT,LIGHTWEIGHT_ACCEPT_TRANSPARENT_MACHINE_RENDERING,LIGHTWEIGHT_ACCEPT_TRANSPARENT_MACHINE_RENDERING,LOW
neck_ribbon,首リボン,首リボン,首リボン,首リボン,AUTO_ACCEPT,LIGHTWEIGHT,LIGHTWEIGHT_ACCEPT_TRANSPARENT_MACHINE_RENDERING,LIGHTWEIGHT_ACCEPT_TRANSPARENT_MACHINE_RENDERING,LOW
neckerchief,スカーフ,スカーフ,スカーフ,スカーフ,AUTO_ACCEPT,LIGHTWEIGHT,LIGHTWEIGHT_ACCEPT_TRANSPARENT_MACHINE_RENDERING,LIGHTWEIGHT_ACCEPT_TRANSPARENT_MACHINE_RENDERING,LOW
necktie,ネクタイ,ネクタイ,ネクタイ,ネクタイ,STRICT_ACCEPT,CARRY_FORWARD,PRIOR_CAMPAIGN_READY_CARRY_FORWARD,PRIOR_CAMPAIGN_READY_CARRY_FORWARD,LOW
night,よる,よる,よる,よる,STRICT_ACCEPT,CARRY_FORWARD,PRIOR_CAMPAIGN_READY_CARRY_FORWARD,PRIOR_CAMPAIGN_READY_CARRY_FORWARD,LOW
no_bra,ノーブラ,ノーブラ,ノーブラ,ノーブラ,AUTO_ACCEPT,LIGHTWEIGHT,LIGHTWEIGHT_ACCEPT_TRANSPARENT_MACHINE_RENDERING,LIGHTWEIGHT_ACCEPT_TRANSPARENT_MACHINE_RENDERING,LOW
no_humans,,,人間なし,人間なし,REVIEW,STRICT,STRICT_REVIEW_REQUIRED,STRICT_REVIEW_REQUIRED|STRICT_ROUTE_REQUIRED,LOW
no_pants,ズボンなし,ズボンなし,ズボンなし,ズボンなし,AUTO_ACCEPT,LIGHTWEIGHT,LIGHTWEIGHT_ACCEPT_TRANSPARENT_MACHINE_RENDERING,LIGHTWEIGHT_ACCEPT_TRANSPARENT_MACHINE_RENDERING,LOW
no_shoes,靴なし,靴なし,靴なし,靴なし,AUTO_ACCEPT,LIGHTWEIGHT,LIGHTWEIGHT_ACCEPT_TRANSPARENT_MACHINE_RENDERING,LIGHTWEIGHT_ACCEPT_TRANSPARENT_MACHINE_RENDERING,LOW
nose_blush,鼻赤面,鼻赤面,鼻赤面,鼻赤面,AUTO_ACCEPT,LIGHTWEIGHT,LIGHTWEIGHT_ACCEPT_TRANSPARENT_MACHINE_RENDERING,LIGHTWEIGHT_ACCEPT_TRANSPARENT_MACHINE_RENDERING,LOW
notice_lines,,,,,FALLBACK_ENGLISH,FALLBACK,ENGLISH_CANONICAL_FALLBACK_AFTER_ROUTE_EXHAUSTION,ENGLISH_CANONICAL_FALLBACK_AFTER_ROUTE_EXHAUSTION|NO_MACHINE_CANDIDATE,LOW
ocean,海,海,海,海,AUTO_ACCEPT,LIGHTWEIGHT,LIGHTWEIGHT_ACCEPT_TRANSPARENT_MACHINE_RENDERING,LIGHTWEIGHT_ACCEPT_TRANSPARENT_MACHINE_RENDERING,LOW
official_alternate_costume,,,,,FALLBACK_ENGLISH,FALLBACK,ENGLISH_CANONICAL_FALLBACK_AFTER_ROUTE_EXHAUSTION,ENGLISH_CANONICAL_FALLBACK_AFTER_ROUTE_EXHAUSTION|NO_MACHINE_CANDIDATE|RELATION_OR_PROVENANCE_AMBIGUITY|STRICT_ROUTE_REQUIRED,LOW
official_alternate_hairstyle,,,,,FALLBACK_ENGLISH,FALLBACK,ENGLISH_CANONICAL_FALLBACK_AFTER_ROUTE_EXHAUSTION,ENGLISH_CANONICAL_FALLBACK_AFTER_ROUTE_EXHAUSTION|NO_MACHINE_CANDIDATE|RELATION_OR_PROVENANCE_AMBIGUITY|STRICT_ROUTE_REQUIRED,LOW
on_bed,,,,,FALLBACK_ENGLISH,FALLBACK,ENGLISH_CANONICAL_FALLBACK_AFTER_ROUTE_EXHAUSTION,ENGLISH_CANONICAL_FALLBACK_AFTER_ROUTE_EXHAUSTION|NO_MACHINE_CANDIDATE,LOW
one-piece_swimsuit,ワンピース水着,ワンピース水着,ワンピース水着,ワンピース水着,AUTO_ACCEPT,LIGHTWEIGHT,LIGHTWEIGHT_ACCEPT_TRANSPARENT_MACHINE_RENDERING,LIGHTWEIGHT_ACCEPT_TRANSPARENT_MACHINE_RENDERING,LOW
one_eye_closed,片目閉じ,片目閉じ,片目閉じ,片目閉じ,AUTO_ACCEPT,LIGHTWEIGHT,LIGHTWEIGHT_ACCEPT_TRANSPARENT_MACHINE_RENDERING,LIGHTWEIGHT_ACCEPT_TRANSPARENT_MACHINE_RENDERING,MEDIUM
one_side_up,片側アップ,片側アップ,片側アップ,片側アップ,AUTO_ACCEPT,LIGHTWEIGHT,LIGHTWEIGHT_ACCEPT_TRANSPARENT_MACHINE_RENDERING,LIGHTWEIGHT_ACCEPT_TRANSPARENT_MACHINE_RENDERING,LOW
open_coat,開いたコート,開いたコート,開いたコート,開いたコート,AUTO_ACCEPT,LIGHTWEIGHT,LIGHTWEIGHT_ACCEPT_TRANSPARENT_MACHINE_RENDERING,LIGHTWEIGHT_ACCEPT_TRANSPARENT_MACHINE_RENDERING,LOW
open_shirt,開いたシャツ,開いたシャツ,開いたシャツ,開いたシャツ,AUTO_ACCEPT,LIGHTWEIGHT,LIGHTWEIGHT_ACCEPT_TRANSPARENT_MACHINE_RENDERING,LIGHTWEIGHT_ACCEPT_TRANSPARENT_MACHINE_RENDERING,LOW
outline,輪郭線,輪郭線,輪郭線,輪郭線,AUTO_ACCEPT,LIGHTWEIGHT,LIGHTWEIGHT_ACCEPT_TRANSPARENT_MACHINE_RENDERING,LIGHTWEIGHT_ACCEPT_TRANSPARENT_MACHINE_RENDERING,LOW
outside_border,,,,,FALLBACK_ENGLISH,FALLBACK,ENGLISH_CANONICAL_FALLBACK_AFTER_ROUTE_EXHAUSTION,ENGLISH_CANONICAL_FALLBACK_AFTER_ROUTE_EXHAUSTION|NO_MACHINE_CANDIDATE,LOW
outstretched_arm,伸ばした腕,伸ばした腕,伸ばした腕,伸ばした腕,AUTO_ACCEPT,LIGHTWEIGHT,LIGHTWEIGHT_ACCEPT_TRANSPARENT_MACHINE_RENDERING,LIGHTWEIGHT_ACCEPT_TRANSPARENT_MACHINE_RENDERING,LOW
outstretched_arms,伸ばした両腕,伸ばした両腕,伸ばした両腕,伸ばした両腕,AUTO_ACCEPT,LIGHTWEIGHT,LIGHTWEIGHT_ACCEPT_TRANSPARENT_MACHINE_RENDERING,LIGHTWEIGHT_ACCEPT_TRANSPARENT_MACHINE_RENDERING,LOW
own_hands_together,自分の手を合わせる,自分の手を合わせる,自分の手を合わせる,自分の手を合わせる,AUTO_ACCEPT,LIGHTWEIGHT,LIGHTWEIGHT_ACCEPT_TRANSPARENT_MACHINE_RENDERING,LIGHTWEIGHT_ACCEPT_TRANSPARENT_MACHINE_RENDERING,LOW
pale_skin,色白の肌,色白の肌,色白の肌,色白の肌,AUTO_ACCEPT,LIGHTWEIGHT,LIGHTWEIGHT_ACCEPT_TRANSPARENT_MACHINE_RENDERING,LIGHTWEIGHT_ACCEPT_TRANSPARENT_MACHINE_RENDERING,LOW
pants,ズボン,ズボン,ズボン,ズボン,AUTO_ACCEPT,LIGHTWEIGHT,LIGHTWEIGHT_ACCEPT_TRANSPARENT_MACHINE_RENDERING,LIGHTWEIGHT_ACCEPT_TRANSPARENT_MACHINE_RENDERING,LOW
pantyhose,パンスト,パンスト,パンスト,パンスト,AUTO_ACCEPT,LIGHTWEIGHT,LIGHTWEIGHT_ACCEPT_TRANSPARENT_MACHINE_RENDERING,LIGHTWEIGHT_ACCEPT_TRANSPARENT_MACHINE_RENDERING,LOW
parody,パロディ,パロディ,パロディ,パロディ,AUTO_ACCEPT,LIGHTWEIGHT,LIGHTWEIGHT_ACCEPT_TRANSPARENT_MACHINE_RENDERING,LIGHTWEIGHT_ACCEPT_TRANSPARENT_MACHINE_RENDERING,LOW
parted_bangs,分けた前髪,分けた前髪,分けた前髪,分けた前髪,AUTO_ACCEPT,LIGHTWEIGHT,LIGHTWEIGHT_ACCEPT_TRANSPARENT_MACHINE_RENDERING,LIGHTWEIGHT_ACCEPT_TRANSPARENT_MACHINE_RENDERING,LOW
parted_lips,開いた唇,開いた唇,開いた唇,開いた唇,AUTO_ACCEPT,LIGHTWEIGHT,LIGHTWEIGHT_ACCEPT_TRANSPARENT_MACHINE_RENDERING,LIGHTWEIGHT_ACCEPT_TRANSPARENT_MACHINE_RENDERING,LOW
pauldrons,,,,,FALLBACK_ENGLISH,FALLBACK,ENGLISH_CANONICAL_FALLBACK_AFTER_ROUTE_EXHAUSTION,ENGLISH_CANONICAL_FALLBACK_AFTER_ROUTE_EXHAUSTION|NO_MACHINE_CANDIDATE,LOW
peaked_cap,,,,,FALLBACK_ENGLISH,FALLBACK,ENGLISH_CANONICAL_FALLBACK_AFTER_ROUTE_EXHAUSTION,ENGLISH_CANONICAL_FALLBACK_AFTER_ROUTE_EXHAUSTION|NO_MACHINE_CANDIDATE,LOW
pectorals,,,,,FALLBACK_ENGLISH,FALLBACK,ENGLISH_CANONICAL_FALLBACK_AFTER_ROUTE_EXHAUSTION,ENGLISH_CANONICAL_FALLBACK_AFTER_ROUTE_EXHAUSTION|NO_MACHINE_CANDIDATE,LOW
pelvic_curtain,骨盤カーテン,骨盤カーテン,骨盤カーテン,骨盤カーテン,AUTO_ACCEPT,LIGHTWEIGHT,LIGHTWEIGHT_ACCEPT_TRANSPARENT_MACHINE_RENDERING,LIGHTWEIGHT_ACCEPT_TRANSPARENT_MACHINE_RENDERING,LOW
pencil_skirt,,,,,FALLBACK_ENGLISH,FALLBACK,ENGLISH_CANONICAL_FALLBACK_AFTER_ROUTE_EXHAUSTION,ENGLISH_CANONICAL_FALLBACK_AFTER_ROUTE_EXHAUSTION|NO_MACHINE_CANDIDATE,LOW
petals,,,,,FALLBACK_ENGLISH,FALLBACK,ENGLISH_CANONICAL_FALLBACK_AFTER_ROUTE_EXHAUSTION,ENGLISH_CANONICAL_FALLBACK_AFTER_ROUTE_EXHAUSTION|NO_MACHINE_CANDIDATE,LOW
phone,電話,電話,電話,電話,AUTO_ACCEPT,LIGHTWEIGHT,LIGHTWEIGHT_ACCEPT_TRANSPARENT_MACHINE_RENDERING,LIGHTWEIGHT_ACCEPT_TRANSPARENT_MACHINE_RENDERING,LOW
pillow,枕,枕,枕,枕,AUTO_ACCEPT,LIGHTWEIGHT,LIGHTWEIGHT_ACCEPT_TRANSPARENT_MACHINE_RENDERING,LIGHTWEIGHT_ACCEPT_TRANSPARENT_MACHINE_RENDERING,LOW
pink_eyes,ピンクの目,ピンクの目,ピンクの目,ピンクの目,AUTO_ACCEPT,LIGHTWEIGHT,LIGHTWEIGHT_ACCEPT_TRANSPARENT_MACHINE_RENDERING,LIGHTWEIGHT_ACCEPT_TRANSPARENT_MACHINE_RENDERING,LOW
pink_flower,ピンクの花,ピンクの花,ピンクの花,ピンクの花,AUTO_ACCEPT,LIGHTWEIGHT,LIGHTWEIGHT_ACCEPT_TRANSPARENT_MACHINE_RENDERING,LIGHTWEIGHT_ACCEPT_TRANSPARENT_MACHINE_RENDERING,LOW
pink_hair,ピンク髪,ピンク髪,ピンク髪,ピンク髪,AUTO_ACCEPT,LIGHTWEIGHT,LIGHTWEIGHT_ACCEPT_TRANSPARENT_MACHINE_RENDERING,LIGHTWEIGHT_ACCEPT_TRANSPARENT_MACHINE_RENDERING,LOW
pink_nails,ピンクの爪,ピンクの爪,ピンクの爪,ピンクの爪,AUTO_ACCEPT,LIGHTWEIGHT,LIGHTWEIGHT_ACCEPT_TRANSPARENT_MACHINE_RENDERING,LIGHTWEIGHT_ACCEPT_TRANSPARENT_MACHINE_RENDERING,LOW
pink_panties,ピンクのパンツ,ピンクのパンツ,ピンクのパンツ,ピンクのパンツ,AUTO_ACCEPT,LIGHTWEIGHT,LIGHTWEIGHT_ACCEPT_TRANSPARENT_MACHINE_RENDERING,LIGHTWEIGHT_ACCEPT_TRANSPARENT_MACHINE_RENDERING,LOW
pink_ribbon,ピンクのリボン,ピンクのリボン,ピンクのリボン,ピンクのリボン,AUTO_ACCEPT,LIGHTWEIGHT,LIGHTWEIGHT_ACCEPT_TRANSPARENT_MACHINE_RENDERING,LIGHTWEIGHT_ACCEPT_TRANSPARENT_MACHINE_RENDERING,LOW
pink_skirt,ピンクのスカート,ピンクのスカート,ピンクのスカート,ピンクのスカート,AUTO_ACCEPT,LIGHTWEIGHT,LIGHTWEIGHT_ACCEPT_TRANSPARENT_MACHINE_RENDERING,LIGHTWEIGHT_ACCEPT_TRANSPARENT_MACHINE_RENDERING,LOW
plaid_clothes,チェック柄の服,チェック柄の服,チェック柄の服,チェック柄の服,AUTO_ACCEPT,LIGHTWEIGHT,LIGHTWEIGHT_ACCEPT_TRANSPARENT_MACHINE_RENDERING,LIGHTWEIGHT_ACCEPT_TRANSPARENT_MACHINE_RENDERING,LOW
plaid_skirt,チェック柄のスカート,チェック柄のスカート,チェック柄のスカート,チェック柄のスカート,AUTO_ACCEPT,LIGHTWEIGHT,LIGHTWEIGHT_ACCEPT_TRANSPARENT_MACHINE_RENDERING,LIGHTWEIGHT_ACCEPT_TRANSPARENT_MACHINE_RENDERING,LOW
plate,皿,皿,皿,皿,AUTO_ACCEPT,LIGHTWEIGHT,LIGHTWEIGHT_ACCEPT_TRANSPARENT_MACHINE_RENDERING,LIGHTWEIGHT_ACCEPT_TRANSPARENT_MACHINE_RENDERING,LOW
playboy_bunny,,,,,FALLBACK_ENGLISH,FALLBACK,ENGLISH_CANONICAL_FALLBACK_AFTER_ROUTE_EXHAUSTION,ENGLISH_CANONICAL_FALLBACK_AFTER_ROUTE_EXHAUSTION|NO_MACHINE_CANDIDATE,LOW
pleated_skirt,,,,,FALLBACK_ENGLISH,FALLBACK,ENGLISH_CANONICAL_FALLBACK_AFTER_ROUTE_EXHAUSTION,ENGLISH_CANONICAL_FALLBACK_AFTER_ROUTE_EXHAUSTION|NO_MACHINE_CANDIDATE,LOW
pocket,ポケット,ポケット,ポケット,ポケット,AUTO_ACCEPT,LIGHTWEIGHT,LIGHTWEIGHT_ACCEPT_TRANSPARENT_MACHINE_RENDERING,LIGHTWEIGHT_ACCEPT_TRANSPARENT_MACHINE_RENDERING,LOW
pointing,,,,,FALLBACK_ENGLISH,FALLBACK,ENGLISH_CANONICAL_FALLBACK_AFTER_ROUTE_EXHAUSTION,ENGLISH_CANONICAL_FALLBACK_AFTER_ROUTE_EXHAUSTION|NO_MACHINE_CANDIDATE,LOW
pointy_ears,尖った耳,尖った耳,尖った耳,尖った耳,AUTO_ACCEPT,LIGHTWEIGHT,LIGHTWEIGHT_ACCEPT_TRANSPARENT_MACHINE_RENDERING,LIGHTWEIGHT_ACCEPT_TRANSPARENT_MACHINE_RENDERING,LOW
pokemon_(creature),,,,,FALLBACK_ENGLISH,FALLBACK,ENGLISH_CANONICAL_FALLBACK_AFTER_ROUTE_EXHAUSTION,ENGLISH_CANONICAL_FALLBACK_AFTER_ROUTE_EXHAUSTION|NO_MACHINE_CANDIDATE|STRICT_ROUTE_REQUIRED,LOW
polka_dot,水玉模様,水玉模様,水玉模様,水玉模様,AUTO_ACCEPT,LIGHTWEIGHT,LIGHTWEIGHT_ACCEPT_TRANSPARENT_MACHINE_RENDERING,LIGHTWEIGHT_ACCEPT_TRANSPARENT_MACHINE_RENDERING,LOW
pom_pom_(clothes),,,,,FALLBACK_ENGLISH,FALLBACK,ENGLISH_CANONICAL_FALLBACK_AFTER_ROUTE_EXHAUSTION,ENGLISH_CANONICAL_FALLBACK_AFTER_ROUTE_EXHAUSTION|NO_MACHINE_CANDIDATE,LOW
ponytail,ポニーテール,ポニーテール,ポニーテール,ポニーテール,AUTO_ACCEPT,LIGHTWEIGHT,LIGHTWEIGHT_ACCEPT_TRANSPARENT_MACHINE_RENDERING,LIGHTWEIGHT_ACCEPT_TRANSPARENT_MACHINE_RENDERING,LOW
portrait,肖像,肖像,肖像,肖像,AUTO_ACCEPT,LIGHTWEIGHT,LIGHTWEIGHT_ACCEPT_TRANSPARENT_MACHINE_RENDERING,LIGHTWEIGHT_ACCEPT_TRANSPARENT_MACHINE_RENDERING,LOW
pouch,ポーチ,ポーチ,ポーチ,ポーチ,AUTO_ACCEPT,LIGHTWEIGHT,LIGHTWEIGHT_ACCEPT_TRANSPARENT_MACHINE_RENDERING,LIGHTWEIGHT_ACCEPT_TRANSPARENT_MACHINE_RENDERING,LOW
pov,主観視点,主観視点,主観視点,主観視点,AUTO_ACCEPT,LIGHTWEIGHT,LIGHTWEIGHT_ACCEPT_TRANSPARENT_MACHINE_RENDERING,LIGHTWEIGHT_ACCEPT_TRANSPARENT_MACHINE_RENDERING,LOW
pubic_hair,,,,,FALLBACK_ENGLISH,FALLBACK,ENGLISH_CANONICAL_FALLBACK_AFTER_ROUTE_EXHAUSTION,ENGLISH_CANONICAL_FALLBACK_AFTER_ROUTE_EXHAUSTION|NO_MACHINE_CANDIDATE,LOW
puffy_short_sleeves,,,,,FALLBACK_ENGLISH,FALLBACK,ENGLISH_CANONICAL_FALLBACK_AFTER_ROUTE_EXHAUSTION,ENGLISH_CANONICAL_FALLBACK_AFTER_ROUTE_EXHAUSTION|NO_MACHINE_CANDIDATE,MEDIUM
puffy_sleeves,パフスリーブ,パフスリーブ,パフスリーブ,パフスリーブ,AUTO_ACCEPT,LIGHTWEIGHT,LIGHTWEIGHT_ACCEPT_TRANSPARENT_MACHINE_RENDERING,LIGHTWEIGHT_ACCEPT_TRANSPARENT_MACHINE_RENDERING,LOW
purple_bow,紫のリボン,紫のリボン,紫のリボン,紫のリボン,AUTO_ACCEPT,LIGHTWEIGHT,LIGHTWEIGHT_ACCEPT_TRANSPARENT_MACHINE_RENDERING,LIGHTWEIGHT_ACCEPT_TRANSPARENT_MACHINE_RENDERING,MEDIUM
purple_dress,紫のドレス,紫のドレス,紫のドレス,紫のドレス,AUTO_ACCEPT,LIGHTWEIGHT,LIGHTWEIGHT_ACCEPT_TRANSPARENT_MACHINE_RENDERING,LIGHTWEIGHT_ACCEPT_TRANSPARENT_MACHINE_RENDERING,MEDIUM
purple_flower,紫の花,紫の花,紫の花,紫の花,AUTO_ACCEPT,LIGHTWEIGHT,LIGHTWEIGHT_ACCEPT_TRANSPARENT_MACHINE_RENDERING,LIGHTWEIGHT_ACCEPT_TRANSPARENT_MACHINE_RENDERING,MEDIUM
purple_hair,紫髪,紫髪,紫髪,紫髪,AUTO_ACCEPT,LIGHTWEIGHT,LIGHTWEIGHT_ACCEPT_TRANSPARENT_MACHINE_RENDERING,LIGHTWEIGHT_ACCEPT_TRANSPARENT_MACHINE_RENDERING,MEDIUM
purple_shirt,紫のシャツ,紫のシャツ,紫のシャツ,紫のシャツ,AUTO_ACCEPT,LIGHTWEIGHT,LIGHTWEIGHT_ACCEPT_TRANSPARENT_MACHINE_RENDERING,LIGHTWEIGHT_ACCEPT_TRANSPARENT_MACHINE_RENDERING,MEDIUM
purple_skirt,紫のスカート,紫のスカート,紫のスカート,紫のスカート,AUTO_ACCEPT,LIGHTWEIGHT,LIGHTWEIGHT_ACCEPT_TRANSPARENT_MACHINE_RENDERING,LIGHTWEIGHT_ACCEPT_TRANSPARENT_MACHINE_RENDERING,MEDIUM
rabbit_ears,ウサギ耳,ウサギ耳,ウサギ耳,ウサギ耳,AUTO_ACCEPT,LIGHTWEIGHT,LIGHTWEIGHT_ACCEPT_TRANSPARENT_MACHINE_RENDERING,LIGHTWEIGHT_ACCEPT_TRANSPARENT_MACHINE_RENDERING,LOW
red_bow,赤いリボン,赤いリボン,赤いリボン,赤いリボン,AUTO_ACCEPT,LIGHTWEIGHT,LIGHTWEIGHT_ACCEPT_TRANSPARENT_MACHINE_RENDERING,LIGHTWEIGHT_ACCEPT_TRANSPARENT_MACHINE_RENDERING,MEDIUM
red_bowtie,赤い蝶ネクタイ,赤い蝶ネクタイ,赤い蝶ネクタイ,赤い蝶ネクタイ,AUTO_ACCEPT,LIGHTWEIGHT,LIGHTWEIGHT_ACCEPT_TRANSPARENT_MACHINE_RENDERING,LIGHTWEIGHT_ACCEPT_TRANSPARENT_MACHINE_RENDERING,MEDIUM
red_dress,赤いドレス,赤いドレス,赤いドレス,赤いドレス,AUTO_ACCEPT,LIGHTWEIGHT,LIGHTWEIGHT_ACCEPT_TRANSPARENT_MACHINE_RENDERING,LIGHTWEIGHT_ACCEPT_TRANSPARENT_MACHINE_RENDERING,MEDIUM
red_flower,赤い花,赤い花,赤い花,赤い花,AUTO_ACCEPT,LIGHTWEIGHT,LIGHTWEIGHT_ACCEPT_TRANSPARENT_MACHINE_RENDERING,LIGHTWEIGHT_ACCEPT_TRANSPARENT_MACHINE_RENDERING,MEDIUM
red_gloves,赤い手袋,赤い手袋,赤い手袋,赤い手袋,AUTO_ACCEPT,LIGHTWEIGHT,LIGHTWEIGHT_ACCEPT_TRANSPARENT_MACHINE_RENDERING,LIGHTWEIGHT_ACCEPT_TRANSPARENT_MACHINE_RENDERING,MEDIUM
red_hair,赤髪,赤髪,赤髪,赤髪,AUTO_ACCEPT,LIGHTWEIGHT,LIGHTWEIGHT_ACCEPT_TRANSPARENT_MACHINE_RENDERING,LIGHTWEIGHT_ACCEPT_TRANSPARENT_MACHINE_RENDERING,MEDIUM
red_nails,赤い爪,赤い爪,赤い爪,赤い爪,AUTO_ACCEPT,LIGHTWEIGHT,LIGHTWEIGHT_ACCEPT_TRANSPARENT_MACHINE_RENDERING,LIGHTWEIGHT_ACCEPT_TRANSPARENT_MACHINE_RENDERING,MEDIUM
red_neckerchief,赤いスカーフ,赤いスカーフ,赤いスカーフ,赤いスカーフ,AUTO_ACCEPT,LIGHTWEIGHT,LIGHTWEIGHT_ACCEPT_TRANSPARENT_MACHINE_RENDERING,LIGHTWEIGHT_ACCEPT_TRANSPARENT_MACHINE_RENDERING,MEDIUM
red_necktie,赤いネクタイ,赤いネクタイ,赤いネクタイ,赤いネクタイ,AUTO_ACCEPT,LIGHTWEIGHT,LIGHTWEIGHT_ACCEPT_TRANSPARENT_MACHINE_RENDERING,LIGHTWEIGHT_ACCEPT_TRANSPARENT_MACHINE_RENDERING,MEDIUM
red_ribbon,赤いリボン,赤いリボン,赤いリボン,赤いリボン,AUTO_ACCEPT,LIGHTWEIGHT,LIGHTWEIGHT_ACCEPT_TRANSPARENT_MACHINE_RENDERING,LIGHTWEIGHT_ACCEPT_TRANSPARENT_MACHINE_RENDERING,MEDIUM
red_shirt,赤いシャツ,赤いシャツ,赤いシャツ,赤いシャツ,AUTO_ACCEPT,LIGHTWEIGHT,LIGHTWEIGHT_ACCEPT_TRANSPARENT_MACHINE_RENDERING,LIGHTWEIGHT_ACCEPT_TRANSPARENT_MACHINE_RENDERING,MEDIUM
red_shoes,赤い靴,赤い靴,赤い靴,赤い靴,AUTO_ACCEPT,LIGHTWEIGHT,LIGHTWEIGHT_ACCEPT_TRANSPARENT_MACHINE_RENDERING,LIGHTWEIGHT_ACCEPT_TRANSPARENT_MACHINE_RENDERING,MEDIUM
reflection,反射,反射,反射,反射,AUTO_ACCEPT,LIGHTWEIGHT,LIGHTWEIGHT_ACCEPT_TRANSPARENT_MACHINE_RENDERING,LIGHTWEIGHT_ACCEPT_TRANSPARENT_MACHINE_RENDERING,LOW
ribbon_trim,リボン飾り,リボン飾り,リボン飾り,リボン飾り,AUTO_ACCEPT,LIGHTWEIGHT,LIGHTWEIGHT_ACCEPT_TRANSPARENT_MACHINE_RENDERING,LIGHTWEIGHT_ACCEPT_TRANSPARENT_MACHINE_RENDERING,LOW
rifle,ライフル,ライフル,ライフル,ライフル,AUTO_ACCEPT,LIGHTWEIGHT,LIGHTWEIGHT_ACCEPT_TRANSPARENT_MACHINE_RENDERING,LIGHTWEIGHT_ACCEPT_TRANSPARENT_MACHINE_RENDERING,LOW
robe,ローブ,ローブ,ローブ,ローブ,AUTO_ACCEPT,LIGHTWEIGHT,LIGHTWEIGHT_ACCEPT_TRANSPARENT_MACHINE_RENDERING,LIGHTWEIGHT_ACCEPT_TRANSPARENT_MACHINE_RENDERING,LOW
rope,ロープ,ロープ,ロープ,ロープ,AUTO_ACCEPT,LIGHTWEIGHT,LIGHTWEIGHT_ACCEPT_TRANSPARENT_MACHINE_RENDERING,LIGHTWEIGHT_ACCEPT_TRANSPARENT_MACHINE_RENDERING,LOW
rose,バラ,バラ,バラ,バラ,AUTO_ACCEPT,LIGHTWEIGHT,LIGHTWEIGHT_ACCEPT_TRANSPARENT_MACHINE_RENDERING,LIGHTWEIGHT_ACCEPT_TRANSPARENT_MACHINE_RENDERING,LOW
sandals,サンダル,サンダル,サンダル,サンダル,AUTO_ACCEPT,LIGHTWEIGHT,LIGHTWEIGHT_ACCEPT_TRANSPARENT_MACHINE_RENDERING,LIGHTWEIGHT_ACCEPT_TRANSPARENT_MACHINE_RENDERING,LOW
scar,傷跡,傷跡,傷跡,傷跡,AUTO_ACCEPT,LIGHTWEIGHT,LIGHTWEIGHT_ACCEPT_TRANSPARENT_MACHINE_RENDERING,LIGHTWEIGHT_ACCEPT_TRANSPARENT_MACHINE_RENDERING,LOW
scar_on_face,,,顔の傷跡,顔の傷跡,REVIEW,STRICT,STRICT_REVIEW_REQUIRED,RELATION_OR_PROVENANCE_AMBIGUITY|STRICT_REVIEW_REQUIRED|STRICT_ROUTE_REQUIRED,CRITICAL
scarf,マフラー,マフラー,マフラー,マフラー,STRICT_ACCEPT,CARRY_FORWARD,PRIOR_CAMPAIGN_READY_CARRY_FORWARD,PRIOR_CAMPAIGN_READY_CARRY_FORWARD,LOW
scenery,風景,風景,風景,風景,AUTO_ACCEPT,LIGHTWEIGHT,LIGHTWEIGHT_ACCEPT_TRANSPARENT_MACHINE_RENDERING,LIGHTWEIGHT_ACCEPT_TRANSPARENT_MACHINE_RENDERING,LOW
school_uniform,制服,制服,制服,制服,AUTO_ACCEPT,LIGHTWEIGHT,LIGHTWEIGHT_ACCEPT_TRANSPARENT_MACHINE_RENDERING,LIGHTWEIGHT_ACCEPT_TRANSPARENT_MACHINE_RENDERING,LOW
scrunchie,シュシュ,シュシュ,シュシュ,シュシュ,AUTO_ACCEPT,LIGHTWEIGHT,LIGHTWEIGHT_ACCEPT_TRANSPARENT_MACHINE_RENDERING,LIGHTWEIGHT_ACCEPT_TRANSPARENT_MACHINE_RENDERING,LOW
serafuku,,,,,FALLBACK_ENGLISH,FALLBACK,ENGLISH_CANONICAL_FALLBACK_AFTER_ROUTE_EXHAUSTION,ENGLISH_CANONICAL_FALLBACK_AFTER_ROUTE_EXHAUSTION|NO_MACHINE_CANDIDATE,LOW
shaded_face,影のある顔,影のある顔,影のある顔,影のある顔,AUTO_ACCEPT,LIGHTWEIGHT,LIGHTWEIGHT_ACCEPT_TRANSPARENT_MACHINE_RENDERING,LIGHTWEIGHT_ACCEPT_TRANSPARENT_MACHINE_RENDERING,LOW
shadow,影,影,影,影,AUTO_ACCEPT,LIGHTWEIGHT,LIGHTWEIGHT_ACCEPT_TRANSPARENT_MACHINE_RENDERING,LIGHTWEIGHT_ACCEPT_TRANSPARENT_MACHINE_RENDERING,LOW
sharp_teeth,尖った歯,尖った歯,尖った歯,尖った歯,AUTO_ACCEPT,LIGHTWEIGHT,LIGHTWEIGHT_ACCEPT_TRANSPARENT_MACHINE_RENDERING,LIGHTWEIGHT_ACCEPT_TRANSPARENT_MACHINE_RENDERING,LOW
sheath,鞘,鞘,鞘,鞘,AUTO_ACCEPT,LIGHTWEIGHT,LIGHTWEIGHT_ACCEPT_TRANSPARENT_MACHINE_RENDERING,LIGHTWEIGHT_ACCEPT_TRANSPARENT_MACHINE_RENDERING,LOW
shirt_tucked_in,シャツを入れている,シャツを入れている,シャツを入れている,シャツを入れている,AUTO_ACCEPT,LIGHTWEIGHT,LIGHTWEIGHT_ACCEPT_TRANSPARENT_MACHINE_RENDERING,LIGHTWEIGHT_ACCEPT_TRANSPARENT_MACHINE_RENDERING,LOW
short_dress,ショートドレス,ショートドレス,ショートドレス,ショートドレス,AUTO_ACCEPT,LIGHTWEIGHT,LIGHTWEIGHT_ACCEPT_TRANSPARENT_MACHINE_RENDERING,LIGHTWEIGHT_ACCEPT_TRANSPARENT_MACHINE_RENDERING,MEDIUM
short_shorts,ショートパンツ,ショートパンツ,ショートパンツ,ショートパンツ,AUTO_ACCEPT,LIGHTWEIGHT,LIGHTWEIGHT_ACCEPT_TRANSPARENT_MACHINE_RENDERING,LIGHTWEIGHT_ACCEPT_TRANSPARENT_MACHINE_RENDERING,MEDIUM
short_sleeves,半袖,半袖,半袖,半袖,AUTO_ACCEPT,LIGHTWEIGHT,LIGHTWEIGHT_ACCEPT_TRANSPARENT_MACHINE_RENDERING,LIGHTWEIGHT_ACCEPT_TRANSPARENT_MACHINE_RENDERING,MEDIUM
short_twintails,短いツインテール,短いツインテール,短いツインテール,短いツインテール,AUTO_ACCEPT,LIGHTWEIGHT,LIGHTWEIGHT_ACCEPT_TRANSPARENT_MACHINE_RENDERING,LIGHTWEIGHT_ACCEPT_TRANSPARENT_MACHINE_RENDERING,MEDIUM
shorts,ショートパンツ,ショートパンツ,ショートパンツ,ショートパンツ,AUTO_ACCEPT,LIGHTWEIGHT,LIGHTWEIGHT_ACCEPT_TRANSPARENT_MACHINE_RENDERING,LIGHTWEIGHT_ACCEPT_TRANSPARENT_MACHINE_RENDERING,LOW
siblings,,,,,FALLBACK_ENGLISH,FALLBACK,ENGLISH_CANONICAL_FALLBACK_AFTER_ROUTE_EXHAUSTION,ENGLISH_CANONICAL_FALLBACK_AFTER_ROUTE_EXHAUSTION|NO_MACHINE_CANDIDATE|STRICT_ROUTE_REQUIRED,LOW
side-tie_bikini_bottom,,,,,FALLBACK_ENGLISH,FALLBACK,ENGLISH_CANONICAL_FALLBACK_AFTER_ROUTE_EXHAUSTION,ENGLISH_CANONICAL_FALLBACK_AFTER_ROUTE_EXHAUSTION|NO_MACHINE_CANDIDATE,LOW
side_braid,サイド三つ編み,サイド三つ編み,サイド三つ編み,サイド三つ編み,AUTO_ACCEPT,LIGHTWEIGHT,LIGHTWEIGHT_ACCEPT_TRANSPARENT_MACHINE_RENDERING,LIGHTWEIGHT_ACCEPT_TRANSPARENT_MACHINE_RENDERING,LOW
sidelocks,触角,触角,触角,触角,AUTO_ACCEPT,LIGHTWEIGHT,LIGHTWEIGHT_ACCEPT_TRANSPARENT_MACHINE_RENDERING,LIGHTWEIGHT_ACCEPT_TRANSPARENT_MACHINE_RENDERING,LOW
signature,,,,,FALLBACK_ENGLISH,FALLBACK,ENGLISH_CANONICAL_FALLBACK_AFTER_ROUTE_EXHAUSTION,ENGLISH_CANONICAL_FALLBACK_AFTER_ROUTE_EXHAUSTION|NO_MACHINE_CANDIDATE|STRICT_ROUTE_REQUIRED,LOW
single_braid,一本三つ編み,一本三つ編み,一本三つ編み,一本三つ編み,AUTO_ACCEPT,LIGHTWEIGHT,LIGHTWEIGHT_ACCEPT_TRANSPARENT_MACHINE_RENDERING,LIGHTWEIGHT_ACCEPT_TRANSPARENT_MACHINE_RENDERING,LOW
single_earring,片耳ピアス,片耳ピアス,片耳ピアス,片耳ピアス,AUTO_ACCEPT,LIGHTWEIGHT,LIGHTWEIGHT_ACCEPT_TRANSPARENT_MACHINE_RENDERING,LIGHTWEIGHT_ACCEPT_TRANSPARENT_MACHINE_RENDERING,LOW
single_glove,片手手袋,片手手袋,片手手袋,片手手袋,AUTO_ACCEPT,LIGHTWEIGHT,LIGHTWEIGHT_ACCEPT_TRANSPARENT_MACHINE_RENDERING,LIGHTWEIGHT_ACCEPT_TRANSPARENT_MACHINE_RENDERING,LOW
single_hair_bun,一本お団子,一本お団子,一本お団子,一本お団子,AUTO_ACCEPT,LIGHTWEIGHT,LIGHTWEIGHT_ACCEPT_TRANSPARENT_MACHINE_RENDERING,LIGHTWEIGHT_ACCEPT_TRANSPARENT_MACHINE_RENDERING,LOW
sisters,,,,,FALLBACK_ENGLISH,FALLBACK,ENGLISH_CANONICAL_FALLBACK_AFTER_ROUTE_EXHAUSTION,ENGLISH_CANONICAL_FALLBACK_AFTER_ROUTE_EXHAUSTION|NO_MACHINE_CANDIDATE|STRICT_ROUTE_REQUIRED,LOW
skin_fang,,,,,FALLBACK_ENGLISH,FALLBACK,ENGLISH_CANONICAL_FALLBACK_AFTER_ROUTE_EXHAUSTION,ENGLISH_CANONICAL_FALLBACK_AFTER_ROUTE_EXHAUSTION|NO_MACHINE_CANDIDATE,LOW
skindentation,,,,,FALLBACK_ENGLISH,FALLBACK,ENGLISH_CANONICAL_FALLBACK_AFTER_ROUTE_EXHAUSTION,ENGLISH_CANONICAL_FALLBACK_AFTER_ROUTE_EXHAUSTION|NO_MACHINE_CANDIDATE,LOW
skirt_set,,,,,FALLBACK_ENGLISH,FALLBACK,ENGLISH_CANONICAL_FALLBACK_AFTER_ROUTE_EXHAUSTION,ENGLISH_CANONICAL_FALLBACK_AFTER_ROUTE_EXHAUSTION|NO_MACHINE_CANDIDATE,LOW
sky,空,空,空,空,AUTO_ACCEPT,LIGHTWEIGHT,LIGHTWEIGHT_ACCEPT_TRANSPARENT_MACHINE_RENDERING,LIGHTWEIGHT_ACCEPT_TRANSPARENT_MACHINE_RENDERING,LOW
sleeping,,,,,FALLBACK_ENGLISH,FALLBACK,ENGLISH_CANONICAL_FALLBACK_AFTER_ROUTE_EXHAUSTION,ENGLISH_CANONICAL_FALLBACK_AFTER_ROUTE_EXHAUSTION|NO_MACHINE_CANDIDATE,LOW
sleeveless,ノースリーブ,ノースリーブ,ノースリーブ,ノースリーブ,AUTO_ACCEPT,LIGHTWEIGHT,LIGHTWEIGHT_ACCEPT_TRANSPARENT_MACHINE_RENDERING,LIGHTWEIGHT_ACCEPT_TRANSPARENT_MACHINE_RENDERING,LOW
sleeveless_dress,ノースリーブドレス,ノースリーブドレス,ノースリーブドレス,ノースリーブドレス,AUTO_ACCEPT,LIGHTWEIGHT,LIGHTWEIGHT_ACCEPT_TRANSPARENT_MACHINE_RENDERING,LIGHTWEIGHT_ACCEPT_TRANSPARENT_MACHINE_RENDERING,LOW
sleeveless_shirt,ノースリーブシャツ,ノースリーブシャツ,ノースリーブシャツ,ノースリーブシャツ,AUTO_ACCEPT,LIGHTWEIGHT,LIGHTWEIGHT_ACCEPT_TRANSPARENT_MACHINE_RENDERING,LIGHTWEIGHT_ACCEPT_TRANSPARENT_MACHINE_RENDERING,LOW
sleeves_past_wrists,手首を越える袖,手首を越える袖,手首を越える袖,手首を越える袖,AUTO_ACCEPT,LIGHTWEIGHT,LIGHTWEIGHT_ACCEPT_TRANSPARENT_MACHINE_RENDERING,LIGHTWEIGHT_ACCEPT_TRANSPARENT_MACHINE_RENDERING,LOW
smartphone,スマートフォン,スマートフォン,スマートフォン,スマートフォン,AUTO_ACCEPT,LIGHTWEIGHT,LIGHTWEIGHT_ACCEPT_TRANSPARENT_MACHINE_RENDERING,LIGHTWEIGHT_ACCEPT_TRANSPARENT_MACHINE_RENDERING,LOW
smoke,煙,煙,煙,煙,AUTO_ACCEPT,LIGHTWEIGHT,LIGHTWEIGHT_ACCEPT_TRANSPARENT_MACHINE_RENDERING,LIGHTWEIGHT_ACCEPT_TRANSPARENT_MACHINE_RENDERING,LOW
snow,雪,雪,雪,雪,AUTO_ACCEPT,LIGHTWEIGHT,LIGHTWEIGHT_ACCEPT_TRANSPARENT_MACHINE_RENDERING,LIGHTWEIGHT_ACCEPT_TRANSPARENT_MACHINE_RENDERING,LOW
spiked_hair,ツンツン髪,ツンツン髪,ツンツン髪,ツンツン髪,AUTO_ACCEPT,LIGHTWEIGHT,LIGHTWEIGHT_ACCEPT_TRANSPARENT_MACHINE_RENDERING,LIGHTWEIGHT_ACCEPT_TRANSPARENT_MACHINE_RENDERING,LOW
spikes,トゲ,トゲ,トゲ,トゲ,AUTO_ACCEPT,LIGHTWEIGHT,LIGHTWEIGHT_ACCEPT_TRANSPARENT_MACHINE_RENDERING,LIGHTWEIGHT_ACCEPT_TRANSPARENT_MACHINE_RENDERING,LOW
spoken_heart,吹き出しハート,吹き出しハート,吹き出しハート,吹き出しハート,AUTO_ACCEPT,LIGHTWEIGHT,LIGHTWEIGHT_ACCEPT_TRANSPARENT_MACHINE_RENDERING,LIGHTWEIGHT_ACCEPT_TRANSPARENT_MACHINE_RENDERING,LOW
spot_color,差し色,差し色,差し色,差し色,AUTO_ACCEPT,LIGHTWEIGHT,LIGHTWEIGHT_ACCEPT_TRANSPARENT_MACHINE_RENDERING,LIGHTWEIGHT_ACCEPT_TRANSPARENT_MACHINE_RENDERING,LOW
staff,,,,,FALLBACK_ENGLISH,FALLBACK,ENGLISH_CANONICAL_FALLBACK_AFTER_ROUTE_EXHAUSTION,ENGLISH_CANONICAL_FALLBACK_AFTER_ROUTE_EXHAUSTION|NO_MACHINE_CANDIDATE,LOW
star_(sky),,,,,FALLBACK_ENGLISH,FALLBACK,ENGLISH_CANONICAL_FALLBACK_AFTER_ROUTE_EXHAUSTION,ENGLISH_CANONICAL_FALLBACK_AFTER_ROUTE_EXHAUSTION|NO_MACHINE_CANDIDATE,LOW
star_(symbol),,,,,FALLBACK_ENGLISH,FALLBACK,ENGLISH_CANONICAL_FALLBACK_AFTER_ROUTE_EXHAUSTION,ENGLISH_CANONICAL_FALLBACK_AFTER_ROUTE_EXHAUSTION|NO_MACHINE_CANDIDATE,LOW
star_hair_ornament,星の髪飾り,星の髪飾り,星の髪飾り,星の髪飾り,AUTO_ACCEPT,LIGHTWEIGHT,LIGHTWEIGHT_ACCEPT_TRANSPARENT_MACHINE_RENDERING,LIGHTWEIGHT_ACCEPT_TRANSPARENT_MACHINE_RENDERING,LOW
starry_sky,星空,星空,星空,星空,AUTO_ACCEPT,LIGHTWEIGHT,LIGHTWEIGHT_ACCEPT_TRANSPARENT_MACHINE_RENDERING,LIGHTWEIGHT_ACCEPT_TRANSPARENT_MACHINE_RENDERING,LOW
steam,,,,,FALLBACK_ENGLISH,FALLBACK,ENGLISH_CANONICAL_FALLBACK_AFTER_ROUTE_EXHAUSTION,ENGLISH_CANONICAL_FALLBACK_AFTER_ROUTE_EXHAUSTION|NO_MACHINE_CANDIDATE,LOW
stomach,,,,,FALLBACK_ENGLISH,FALLBACK,ENGLISH_CANONICAL_FALLBACK_AFTER_ROUTE_EXHAUSTION,ENGLISH_CANONICAL_FALLBACK_AFTER_ROUTE_EXHAUSTION|NO_MACHINE_CANDIDATE,LOW
straight-on,,,,,FALLBACK_ENGLISH,FALLBACK,ENGLISH_CANONICAL_FALLBACK_AFTER_ROUTE_EXHAUSTION,ENGLISH_CANONICAL_FALLBACK_AFTER_ROUTE_EXHAUSTION|NO_MACHINE_CANDIDATE,LOW
strapless,,,,,FALLBACK_ENGLISH,FALLBACK,ENGLISH_CANONICAL_FALLBACK_AFTER_ROUTE_EXHAUSTION,ENGLISH_CANONICAL_FALLBACK_AFTER_ROUTE_EXHAUSTION|NO_MACHINE_CANDIDATE,LOW
strapless_dress,肩紐なしドレス,肩紐なしドレス,肩紐なしドレス,肩紐なしドレス,AUTO_ACCEPT,LIGHTWEIGHT,LIGHTWEIGHT_ACCEPT_TRANSPARENT_MACHINE_RENDERING,LIGHTWEIGHT_ACCEPT_TRANSPARENT_MACHINE_RENDERING,LOW
strapless_leotard,肩紐なしレオタード,肩紐なしレオタード,肩紐なしレオタード,肩紐なしレオタード,AUTO_ACCEPT,LIGHTWEIGHT,LIGHTWEIGHT_ACCEPT_TRANSPARENT_MACHINE_RENDERING,LIGHTWEIGHT_ACCEPT_TRANSPARENT_MACHINE_RENDERING,LOW
string_bikini,紐ビキニ,紐ビキニ,紐ビキニ,紐ビキニ,AUTO_ACCEPT,LIGHTWEIGHT,LIGHTWEIGHT_ACCEPT_TRANSPARENT_MACHINE_RENDERING,LIGHTWEIGHT_ACCEPT_TRANSPARENT_MACHINE_RENDERING,LOW
striped_clothes,縞模様の服,縞模様の服,縞模様の服,縞模様の服,AUTO_ACCEPT,LIGHTWEIGHT,LIGHTWEIGHT_ACCEPT_TRANSPARENT_MACHINE_RENDERING,LIGHTWEIGHT_ACCEPT_TRANSPARENT_MACHINE_RENDERING,LOW
striped_shirt,ボーダーシャツ,ボーダーシャツ,ボーダーシャツ,ボーダーシャツ,AUTO_ACCEPT,LIGHTWEIGHT,LIGHTWEIGHT_ACCEPT_TRANSPARENT_MACHINE_RENDERING,LIGHTWEIGHT_ACCEPT_TRANSPARENT_MACHINE_RENDERING,LOW
stuffed_animal,ぬいぐるみ,ぬいぐるみ,ぬいぐるみ,ぬいぐるみ,AUTO_ACCEPT,LIGHTWEIGHT,LIGHTWEIGHT_ACCEPT_TRANSPARENT_MACHINE_RENDERING,LIGHTWEIGHT_ACCEPT_TRANSPARENT_MACHINE_RENDERING,LOW
stuffed_toy,ぬいぐるみ,ぬいぐるみ,ぬいぐるみ,ぬいぐるみ,AUTO_ACCEPT,LIGHTWEIGHT,LIGHTWEIGHT_ACCEPT_TRANSPARENT_MACHINE_RENDERING,LIGHTWEIGHT_ACCEPT_TRANSPARENT_MACHINE_RENDERING,LOW
suit,スーツ,スーツ,スーツ,スーツ,AUTO_ACCEPT,LIGHTWEIGHT,LIGHTWEIGHT_ACCEPT_TRANSPARENT_MACHINE_RENDERING,LIGHTWEIGHT_ACCEPT_TRANSPARENT_MACHINE_RENDERING,LOW
sunglasses,サングラス,サングラス,サングラス,サングラス,STRICT_ACCEPT,CARRY_FORWARD,PRIOR_CAMPAIGN_READY_CARRY_FORWARD,PRIOR_CAMPAIGN_READY_CARRY_FORWARD,LOW
sunlight,日光,日光,日光,日光,AUTO_ACCEPT,LIGHTWEIGHT,LIGHTWEIGHT_ACCEPT_TRANSPARENT_MACHINE_RENDERING,LIGHTWEIGHT_ACCEPT_TRANSPARENT_MACHINE_RENDERING,LOW
surprised,,,,,FALLBACK_ENGLISH,FALLBACK,ENGLISH_CANONICAL_FALLBACK_AFTER_ROUTE_EXHAUSTION,ENGLISH_CANONICAL_FALLBACK_AFTER_ROUTE_EXHAUSTION|NO_MACHINE_CANDIDATE,LOW
sweater,セーター,セーター,セーター,セーター,AUTO_ACCEPT,LIGHTWEIGHT,LIGHTWEIGHT_ACCEPT_TRANSPARENT_MACHINE_RENDERING,LIGHTWEIGHT_ACCEPT_TRANSPARENT_MACHINE_RENDERING,LOW
swept_bangs,流し前髪,流し前髪,流し前髪,流し前髪,AUTO_ACCEPT,LIGHTWEIGHT,LIGHTWEIGHT_ACCEPT_TRANSPARENT_MACHINE_RENDERING,LIGHTWEIGHT_ACCEPT_TRANSPARENT_MACHINE_RENDERING,LOW
swimsuit,水着,水着,水着,水着,AUTO_ACCEPT,LIGHTWEIGHT,LIGHTWEIGHT_ACCEPT_TRANSPARENT_MACHINE_RENDERING,LIGHTWEIGHT_ACCEPT_TRANSPARENT_MACHINE_RENDERING,LOW
sword,剣,剣,剣,剣,AUTO_ACCEPT,LIGHTWEIGHT,LIGHTWEIGHT_ACCEPT_TRANSPARENT_MACHINE_RENDERING,LIGHTWEIGHT_ACCEPT_TRANSPARENT_MACHINE_RENDERING,LOW
symbol-shaped_pupils,記号形の瞳孔,記号形の瞳孔,記号形の瞳孔,記号形の瞳孔,AUTO_ACCEPT,LIGHTWEIGHT,LIGHTWEIGHT_ACCEPT_TRANSPARENT_MACHINE_RENDERING,LIGHTWEIGHT_ACCEPT_TRANSPARENT_MACHINE_RENDERING,LOW
t-shirt,Tシャツ,Tシャツ,Tシャツ,Tシャツ,AUTO_ACCEPT,LIGHTWEIGHT,LIGHTWEIGHT_ACCEPT_TRANSPARENT_MACHINE_RENDERING,LIGHTWEIGHT_ACCEPT_TRANSPARENT_MACHINE_RENDERING,LOW
tachi-e,,,,,FALLBACK_ENGLISH,FALLBACK,ENGLISH_CANONICAL_FALLBACK_AFTER_ROUTE_EXHAUSTION,ENGLISH_CANONICAL_FALLBACK_AFTER_ROUTE_EXHAUSTION|NO_MACHINE_CANDIDATE|STRICT_ROUTE_REQUIRED,LOW
tan,,,,,FALLBACK_ENGLISH,FALLBACK,ENGLISH_CANONICAL_FALLBACK_AFTER_ROUTE_EXHAUSTION,ENGLISH_CANONICAL_FALLBACK_AFTER_ROUTE_EXHAUSTION|NO_MACHINE_CANDIDATE,LOW
tank_top,,,,,FALLBACK_ENGLISH,FALLBACK,ENGLISH_CANONICAL_FALLBACK_AFTER_ROUTE_EXHAUSTION,ENGLISH_CANONICAL_FALLBACK_AFTER_ROUTE_EXHAUSTION|NO_MACHINE_CANDIDATE,LOW
tareme,垂れ目,垂れ目,垂れ目,垂れ目,AUTO_ACCEPT,LIGHTWEIGHT,LIGHTWEIGHT_ACCEPT_TRANSPARENT_MACHINE_RENDERING,LIGHTWEIGHT_ACCEPT_TRANSPARENT_MACHINE_RENDERING,LOW
tassel,,,,,FALLBACK_ENGLISH,FALLBACK,ENGLISH_CANONICAL_FALLBACK_AFTER_ROUTE_EXHAUSTION,ENGLISH_CANONICAL_FALLBACK_AFTER_ROUTE_EXHAUSTION|NO_MACHINE_CANDIDATE,LOW
tearing_up,涙ぐむ,涙ぐむ,涙ぐむ,涙ぐむ,AUTO_ACCEPT,LIGHTWEIGHT,LIGHTWEIGHT_ACCEPT_TRANSPARENT_MACHINE_RENDERING,LIGHTWEIGHT_ACCEPT_TRANSPARENT_MACHINE_RENDERING,LOW
tears,涙,涙,涙,涙,AUTO_ACCEPT,LIGHTWEIGHT,LIGHTWEIGHT_ACCEPT_TRANSPARENT_MACHINE_RENDERING,LIGHTWEIGHT_ACCEPT_TRANSPARENT_MACHINE_RENDERING,LOW
thick_eyebrows,太い眉,太い眉,太い眉,太い眉,AUTO_ACCEPT,LIGHTWEIGHT,LIGHTWEIGHT_ACCEPT_TRANSPARENT_MACHINE_RENDERING,LIGHTWEIGHT_ACCEPT_TRANSPARENT_MACHINE_RENDERING,LOW
thick_thighs,太い太もも,太い太もも,太い太もも,太い太もも,AUTO_ACCEPT,LIGHTWEIGHT,LIGHTWEIGHT_ACCEPT_TRANSPARENT_MACHINE_RENDERING,LIGHTWEIGHT_ACCEPT_TRANSPARENT_MACHINE_RENDERING,LOW
thigh_boots,サイハイブーツ,サイハイブーツ,サイハイブーツ,サイハイブーツ,AUTO_ACCEPT,LIGHTWEIGHT,LIGHTWEIGHT_ACCEPT_TRANSPARENT_MACHINE_RENDERING,LIGHTWEIGHT_ACCEPT_TRANSPARENT_MACHINE_RENDERING,LOW
thigh_strap,太ももストラップ,太ももストラップ,太ももストラップ,太ももストラップ,AUTO_ACCEPT,LIGHTWEIGHT,LIGHTWEIGHT_ACCEPT_TRANSPARENT_MACHINE_RENDERING,LIGHTWEIGHT_ACCEPT_TRANSPARENT_MACHINE_RENDERING,LOW
thighs,,,,,FALLBACK_ENGLISH,FALLBACK,ENGLISH_CANONICAL_FALLBACK_AFTER_ROUTE_EXHAUSTION,ENGLISH_CANONICAL_FALLBACK_AFTER_ROUTE_EXHAUSTION|NO_MACHINE_CANDIDATE,LOW
thought_bubble,思考吹き出し,思考吹き出し,思考吹き出し,思考吹き出し,AUTO_ACCEPT,LIGHTWEIGHT,LIGHTWEIGHT_ACCEPT_TRANSPARENT_MACHINE_RENDERING,LIGHTWEIGHT_ACCEPT_TRANSPARENT_MACHINE_RENDERING,LOW
toes,,,,,FALLBACK_ENGLISH,FALLBACK,ENGLISH_CANONICAL_FALLBACK_AFTER_ROUTE_EXHAUSTION,ENGLISH_CANONICAL_FALLBACK_AFTER_ROUTE_EXHAUSTION|NO_MACHINE_CANDIDATE,LOW
tongue,,,,,FALLBACK_ENGLISH,FALLBACK,ENGLISH_CANONICAL_FALLBACK_AFTER_ROUTE_EXHAUSTION,ENGLISH_CANONICAL_FALLBACK_AFTER_ROUTE_EXHAUSTION|NO_MACHINE_CANDIDATE,LOW
torn_clothes,,,破れた服,破れた服,REVIEW,STRICT,STRICT_REVIEW_REQUIRED,STRICT_REVIEW_REQUIRED|STRICT_ROUTE_REQUIRED,LOW
towel,タオル,タオル,タオル,タオル,AUTO_ACCEPT,LIGHTWEIGHT,LIGHTWEIGHT_ACCEPT_TRANSPARENT_MACHINE_RENDERING,LIGHTWEIGHT_ACCEPT_TRANSPARENT_MACHINE_RENDERING,LOW
track_jacket,トラックジャケット,トラックジャケット,トラックジャケット,トラックジャケット,AUTO_ACCEPT,LIGHTWEIGHT,LIGHTWEIGHT_ACCEPT_TRANSPARENT_MACHINE_RENDERING,LIGHTWEIGHT_ACCEPT_TRANSPARENT_MACHINE_RENDERING,LOW
tree,木,木,木,木,AUTO_ACCEPT,LIGHTWEIGHT,LIGHTWEIGHT_ACCEPT_TRANSPARENT_MACHINE_RENDERING,LIGHTWEIGHT_ACCEPT_TRANSPARENT_MACHINE_RENDERING,LOW
tsurime,,,,,FALLBACK_ENGLISH,FALLBACK,ENGLISH_CANONICAL_FALLBACK_AFTER_ROUTE_EXHAUSTION,ENGLISH_CANONICAL_FALLBACK_AFTER_ROUTE_EXHAUSTION|NO_MACHINE_CANDIDATE,LOW
turtleneck,タートルネック,タートルネック,タートルネック,タートルネック,AUTO_ACCEPT,LIGHTWEIGHT,LIGHTWEIGHT_ACCEPT_TRANSPARENT_MACHINE_RENDERING,LIGHTWEIGHT_ACCEPT_TRANSPARENT_MACHINE_RENDERING,LOW
turtleneck_sweater,タートルネックセーター,タートルネックセーター,タートルネックセーター,タートルネックセーター,AUTO_ACCEPT,LIGHTWEIGHT,LIGHTWEIGHT_ACCEPT_TRANSPARENT_MACHINE_RENDERING,LIGHTWEIGHT_ACCEPT_TRANSPARENT_MACHINE_RENDERING,LOW
twitter_username,,,,,FALLBACK_ENGLISH,FALLBACK,ENGLISH_CANONICAL_FALLBACK_AFTER_ROUTE_EXHAUSTION,ENGLISH_CANONICAL_FALLBACK_AFTER_ROUTE_EXHAUSTION|NO_MACHINE_CANDIDATE|STRICT_ROUTE_REQUIRED,LOW
upper_teeth_only,,,上の歯だけ,上の歯だけ,REVIEW,STRICT,STRICT_REVIEW_REQUIRED,STRICT_REVIEW_REQUIRED|STRICT_ROUTE_REQUIRED,LOW
v,,,,,FALLBACK_ENGLISH,FALLBACK,ENGLISH_CANONICAL_FALLBACK_AFTER_ROUTE_EXHAUSTION,ENGLISH_CANONICAL_FALLBACK_AFTER_ROUTE_EXHAUSTION|NO_MACHINE_CANDIDATE|STRICT_ROUTE_REQUIRED,LOW
v-shaped_eyebrows,V字眉,V字眉,V字眉,V字眉,AUTO_ACCEPT,LIGHTWEIGHT,LIGHTWEIGHT_ACCEPT_TRANSPARENT_MACHINE_RENDERING,LIGHTWEIGHT_ACCEPT_TRANSPARENT_MACHINE_RENDERING,LOW
veil,ベール,ベール,ベール,ベール,AUTO_ACCEPT,LIGHTWEIGHT,LIGHTWEIGHT_ACCEPT_TRANSPARENT_MACHINE_RENDERING,LIGHTWEIGHT_ACCEPT_TRANSPARENT_MACHINE_RENDERING,LOW
veins,血管,血管,血管,血管,AUTO_ACCEPT,LIGHTWEIGHT,LIGHTWEIGHT_ACCEPT_TRANSPARENT_MACHINE_RENDERING,LIGHTWEIGHT_ACCEPT_TRANSPARENT_MACHINE_RENDERING,LOW
vest,ベスト,ベスト,ベスト,ベスト,AUTO_ACCEPT,LIGHTWEIGHT,LIGHTWEIGHT_ACCEPT_TRANSPARENT_MACHINE_RENDERING,LIGHTWEIGHT_ACCEPT_TRANSPARENT_MACHINE_RENDERING,LOW
wading,,,,,FALLBACK_ENGLISH,FALLBACK,ENGLISH_CANONICAL_FALLBACK_AFTER_ROUTE_EXHAUSTION,ENGLISH_CANONICAL_FALLBACK_AFTER_ROUTE_EXHAUSTION|NO_MACHINE_CANDIDATE,LOW
waist_apron,腰エプロン,腰エプロン,腰エプロン,腰エプロン,AUTO_ACCEPT,LIGHTWEIGHT,LIGHTWEIGHT_ACCEPT_TRANSPARENT_MACHINE_RENDERING,LIGHTWEIGHT_ACCEPT_TRANSPARENT_MACHINE_RENDERING,LOW
water,,,水,水,REVIEW,STRICT,STRICT_REVIEW_REQUIRED,STRICT_REVIEW_REQUIRED|STRICT_ROUTE_REQUIRED,LOW
watermark,透かし,透かし,透かし,透かし,AUTO_ACCEPT,LIGHTWEIGHT,LIGHTWEIGHT_ACCEPT_TRANSPARENT_MACHINE_RENDERING,LIGHTWEIGHT_ACCEPT_TRANSPARENT_MACHINE_RENDERING,LOW
wavy_hair,ウェーブヘア,ウェーブヘア,ウェーブヘア,ウェーブヘア,AUTO_ACCEPT,LIGHTWEIGHT,LIGHTWEIGHT_ACCEPT_TRANSPARENT_MACHINE_RENDERING,LIGHTWEIGHT_ACCEPT_TRANSPARENT_MACHINE_RENDERING,LOW
wavy_mouth,波打つ口,波打つ口,波打つ口,波打つ口,AUTO_ACCEPT,LIGHTWEIGHT,LIGHTWEIGHT_ACCEPT_TRANSPARENT_MACHINE_RENDERING,LIGHTWEIGHT_ACCEPT_TRANSPARENT_MACHINE_RENDERING,LOW
weapon,,,武器,武器,REVIEW,STRICT,STRICT_REVIEW_REQUIRED,STRICT_REVIEW_REQUIRED|STRICT_ROUTE_REQUIRED,LOW
wet,,,,,FALLBACK_ENGLISH,FALLBACK,ENGLISH_CANONICAL_FALLBACK_AFTER_ROUTE_EXHAUSTION,ENGLISH_CANONICAL_FALLBACK_AFTER_ROUTE_EXHAUSTION|NO_MACHINE_CANDIDATE|STRICT_ROUTE_REQUIRED,LOW
wet_clothes,濡れた服,濡れた服,濡れた服,濡れた服,AUTO_ACCEPT,LIGHTWEIGHT,LIGHTWEIGHT_ACCEPT_TRANSPARENT_MACHINE_RENDERING,LIGHTWEIGHT_ACCEPT_TRANSPARENT_MACHINE_RENDERING,LOW
white_apron,白いエプロン,白いエプロン,白いエプロン,白いエプロン,AUTO_ACCEPT,LIGHTWEIGHT,LIGHTWEIGHT_ACCEPT_TRANSPARENT_MACHINE_RENDERING,LIGHTWEIGHT_ACCEPT_TRANSPARENT_MACHINE_RENDERING,MEDIUM
white_boots,白いブーツ,白いブーツ,白いブーツ,白いブーツ,AUTO_ACCEPT,LIGHTWEIGHT,LIGHTWEIGHT_ACCEPT_TRANSPARENT_MACHINE_RENDERING,LIGHTWEIGHT_ACCEPT_TRANSPARENT_MACHINE_RENDERING,MEDIUM
white_bow,,,,,FALLBACK_ENGLISH,FALLBACK,ENGLISH_CANONICAL_FALLBACK_AFTER_ROUTE_EXHAUSTION,ENGLISH_CANONICAL_FALLBACK_AFTER_ROUTE_EXHAUSTION|NO_MACHINE_CANDIDATE,MEDIUM
white_coat,,,,,FALLBACK_ENGLISH,FALLBACK,ENGLISH_CANONICAL_FALLBACK_AFTER_ROUTE_EXHAUSTION,ENGLISH_CANONICAL_FALLBACK_AFTER_ROUTE_EXHAUSTION|NO_MACHINE_CANDIDATE,MEDIUM
white_dress,白いドレス,白いドレス,白いドレス,白いドレス,AUTO_ACCEPT,LIGHTWEIGHT,LIGHTWEIGHT_ACCEPT_TRANSPARENT_MACHINE_RENDERING,LIGHTWEIGHT_ACCEPT_TRANSPARENT_MACHINE_RENDERING,MEDIUM
white_hair,白い髪,白い髪,白い髪,白い髪,AUTO_ACCEPT,LIGHTWEIGHT,LIGHTWEIGHT_ACCEPT_TRANSPARENT_MACHINE_RENDERING,LIGHTWEIGHT_ACCEPT_TRANSPARENT_MACHINE_RENDERING,MEDIUM
white_hairband,白いヘアバンド,白いヘアバンド,白いヘアバンド,白いヘアバンド,AUTO_ACCEPT,LIGHTWEIGHT,LIGHTWEIGHT_ACCEPT_TRANSPARENT_MACHINE_RENDERING,LIGHTWEIGHT_ACCEPT_TRANSPARENT_MACHINE_RENDERING,MEDIUM
white_hat,,,,,FALLBACK_ENGLISH,FALLBACK,ENGLISH_CANONICAL_FALLBACK_AFTER_ROUTE_EXHAUSTION,ENGLISH_CANONICAL_FALLBACK_AFTER_ROUTE_EXHAUSTION|NO_MACHINE_CANDIDATE,MEDIUM
white_outline,白い輪郭線,白い輪郭線,白い輪郭線,白い輪郭線,AUTO_ACCEPT,LIGHTWEIGHT,LIGHTWEIGHT_ACCEPT_TRANSPARENT_MACHINE_RENDERING,LIGHTWEIGHT_ACCEPT_TRANSPARENT_MACHINE_RENDERING,MEDIUM
white_pantyhose,白いパンスト,白いパンスト,白いパンスト,白いパンスト,AUTO_ACCEPT,LIGHTWEIGHT,LIGHTWEIGHT_ACCEPT_TRANSPARENT_MACHINE_RENDERING,LIGHTWEIGHT_ACCEPT_TRANSPARENT_MACHINE_RENDERING,MEDIUM
white_ribbon,白いリボン,白いリボン,白いリボン,白いリボン,AUTO_ACCEPT,LIGHTWEIGHT,LIGHTWEIGHT_ACCEPT_TRANSPARENT_MACHINE_RENDERING,LIGHTWEIGHT_ACCEPT_TRANSPARENT_MACHINE_RENDERING,MEDIUM
white_sailor_collar,,,,,FALLBACK_ENGLISH,FALLBACK,ENGLISH_CANONICAL_FALLBACK_AFTER_ROUTE_EXHAUSTION,ENGLISH_CANONICAL_FALLBACK_AFTER_ROUTE_EXHAUSTION|NO_MACHINE_CANDIDATE,MEDIUM
white_shoes,,,,,FALLBACK_ENGLISH,FALLBACK,ENGLISH_CANONICAL_FALLBACK_AFTER_ROUTE_EXHAUSTION,ENGLISH_CANONICAL_FALLBACK_AFTER_ROUTE_EXHAUSTION|NO_MACHINE_CANDIDATE,MEDIUM
white_skin,,,,,FALLBACK_ENGLISH,FALLBACK,ENGLISH_CANONICAL_FALLBACK_AFTER_ROUTE_EXHAUSTION,ENGLISH_CANONICAL_FALLBACK_AFTER_ROUTE_EXHAUSTION|NO_MACHINE_CANDIDATE,MEDIUM
white_skirt,,,,,FALLBACK_ENGLISH,FALLBACK,ENGLISH_CANONICAL_FALLBACK_AFTER_ROUTE_EXHAUSTION,ENGLISH_CANONICAL_FALLBACK_AFTER_ROUTE_EXHAUSTION|NO_MACHINE_CANDIDATE,MEDIUM
white_sleeves,,,,,FALLBACK_ENGLISH,FALLBACK,ENGLISH_CANONICAL_FALLBACK_AFTER_ROUTE_EXHAUSTION,ENGLISH_CANONICAL_FALLBACK_AFTER_ROUTE_EXHAUSTION|NO_MACHINE_CANDIDATE,MEDIUM
white_socks,白い靴下,白い靴下,白い靴下,白い靴下,AUTO_ACCEPT,LIGHTWEIGHT,LIGHTWEIGHT_ACCEPT_TRANSPARENT_MACHINE_RENDERING,LIGHTWEIGHT_ACCEPT_TRANSPARENT_MACHINE_RENDERING,MEDIUM
white_wings,白い翼,白い翼,白い翼,白い翼,AUTO_ACCEPT,LIGHTWEIGHT,LIGHTWEIGHT_ACCEPT_TRANSPARENT_MACHINE_RENDERING,LIGHTWEIGHT_ACCEPT_TRANSPARENT_MACHINE_RENDERING,MEDIUM
wide-eyed,見開いた目,見開いた目,見開いた目,見開いた目,AUTO_ACCEPT,LIGHTWEIGHT,LIGHTWEIGHT_ACCEPT_TRANSPARENT_MACHINE_RENDERING,LIGHTWEIGHT_ACCEPT_TRANSPARENT_MACHINE_RENDERING,LOW
wide_hips,広い腰,広い腰,広い腰,広い腰,AUTO_ACCEPT,LIGHTWEIGHT,LIGHTWEIGHT_ACCEPT_TRANSPARENT_MACHINE_RENDERING,LIGHTWEIGHT_ACCEPT_TRANSPARENT_MACHINE_RENDERING,LOW
wide_sleeves,幅広の袖,幅広の袖,幅広の袖,幅広の袖,AUTO_ACCEPT,LIGHTWEIGHT,LIGHTWEIGHT_ACCEPT_TRANSPARENT_MACHINE_RENDERING,LIGHTWEIGHT_ACCEPT_TRANSPARENT_MACHINE_RENDERING,LOW
wing_collar,翼襟,翼襟,翼襟,翼襟,AUTO_ACCEPT,LIGHTWEIGHT,LIGHTWEIGHT_ACCEPT_TRANSPARENT_MACHINE_RENDERING,LIGHTWEIGHT_ACCEPT_TRANSPARENT_MACHINE_RENDERING,LOW
witch_hat,魔女帽子,魔女帽子,魔女帽子,魔女帽子,AUTO_ACCEPT,LIGHTWEIGHT,LIGHTWEIGHT_ACCEPT_TRANSPARENT_MACHINE_RENDERING,LIGHTWEIGHT_ACCEPT_TRANSPARENT_MACHINE_RENDERING,LOW
wolf_ears,オオカミ耳,オオカミ耳,オオカミ耳,オオカミ耳,AUTO_ACCEPT,LIGHTWEIGHT,LIGHTWEIGHT_ACCEPT_TRANSPARENT_MACHINE_RENDERING,LIGHTWEIGHT_ACCEPT_TRANSPARENT_MACHINE_RENDERING,LOW
wristband,,,,,FALLBACK_ENGLISH,FALLBACK,ENGLISH_CANONICAL_FALLBACK_AFTER_ROUTE_EXHAUSTION,ENGLISH_CANONICAL_FALLBACK_AFTER_ROUTE_EXHAUSTION|NO_MACHINE_CANDIDATE,LOW
x_hair_ornament,,,,,FALLBACK_ENGLISH,FALLBACK,ENGLISH_CANONICAL_FALLBACK_AFTER_ROUTE_EXHAUSTION,ENGLISH_CANONICAL_FALLBACK_AFTER_ROUTE_EXHAUSTION|NO_MACHINE_CANDIDATE,LOW
yellow_bow,黄色いリボン,黄色いリボン,黄色いリボン,黄色いリボン,AUTO_ACCEPT,LIGHTWEIGHT,LIGHTWEIGHT_ACCEPT_TRANSPARENT_MACHINE_RENDERING,LIGHTWEIGHT_ACCEPT_TRANSPARENT_MACHINE_RENDERING,MEDIUM
yellow_flower,黄色い花,黄色い花,黄色い花,黄色い花,AUTO_ACCEPT,LIGHTWEIGHT,LIGHTWEIGHT_ACCEPT_TRANSPARENT_MACHINE_RENDERING,LIGHTWEIGHT_ACCEPT_TRANSPARENT_MACHINE_RENDERING,MEDIUM
