special_id,product_fit_verdict
1,KEEP
2,KEEP
3,KEEP
4,KEEP_REFERENCE_ONLY
5,KEEP_REFERENCE_ONLY
6,KEEP
7,KEEP_REFERENCE_ONLY
8,KEEP
9,KEEP
10,KEEP
11,KEEP
12,KEEP
13,KEEP
14,KEEP
15,KEEP
16,KEEP
17,KEEP
18,KEEP
19,KEEP
20,KEEP
21,KEEP
22,KEEP
23,KEEP
24,KEEP
25,KEEP
26,KEEP
27,KEEP
28,KEEP
29,KEEP
30,KEEP
31,KEEP
32,KEEP
33,KEEP
34,KEEP
35,KEEP
36,KEEP
37,KEEP
38,KEEP
39,KEEP
40,KEEP
41,KEEP
42,KEEP
43,KEEP
44,KEEP
45,KEEP
46,KEEP
47,KEEP
48,KEEP
49,KEEP
50,KEEP
51,KEEP
52,KEEP
53,KEEP
54,KEEP
55,KEEP
56,KEEP
57,KEEP
58,KEEP
59,KEEP
60,KEEP
61,KEEP_REFERENCE_ONLY
62,KEEP
63,KEEP
64,KEEP
65,KEEP
66,KEEP
67,KEEP
68,KEEP
69,KEEP
70,REVIEW
71,KEEP
72,KEEP
73,KEEP
74,KEEP
75,KEEP
76,KEEP_REFERENCE_ONLY
77,KEEP_REFERENCE_ONLY
78,KEEP_REFERENCE_ONLY
79,KEEP_REFERENCE_ONLY
80,KEEP_REFERENCE_ONLY
81,KEEP_REFERENCE_ONLY
82,KEEP_REFERENCE_ONLY
83,KEEP_REFERENCE_ONLY
84,KEEP
85,KEEP
86,KEEP
87,KEEP
88,KEEP
89,KEEP
90,KEEP
91,KEEP
92,KEEP
93,KEEP
94,KEEP
95,KEEP
96,KEEP_REFERENCE_ONLY
97,KEEP_REFERENCE_ONLY
98,KEEP_REFERENCE_ONLY
99,KEEP_REFERENCE_ONLY
100,KEEP
101,KEEP
102,KEEP
103,KEEP
104,KEEP
105,KEEP
106,KEEP
107,KEEP
108,KEEP
109,KEEP
110,KEEP
111,KEEP
112,KEEP_REFERENCE_ONLY
113,KEEP_REFERENCE_ONLY
114,KEEP_REFERENCE_ONLY
115,KEEP_REFERENCE_ONLY
116,KEEP_REFERENCE_ONLY
117,KEEP
118,KEEP
119,KEEP
120,KEEP
121,KEEP
122,KEEP
123,KEEP
124,KEEP
125,KEEP
126,KEEP
127,KEEP
128,KEEP
129,KEEP
130,KEEP
131,KEEP
132,KEEP
133,KEEP
134,KEEP
135,KEEP
136,KEEP
137,KEEP
138,KEEP
139,KEEP
140,KEEP
141,KEEP
142,KEEP
143,KEEP_REFERENCE_ONLY
144,KEEP_REFERENCE_ONLY
145,KEEP
146,KEEP
147,KEEP
148,KEEP
149,KEEP
150,KEEP
151,KEEP
152,KEEP
153,KEEP
154,KEEP
155,KEEP
156,KEEP
157,KEEP
158,KEEP
159,KEEP
160,KEEP
161,KEEP
162,KEEP
163,KEEP_REFERENCE_ONLY
164,KEEP_REFERENCE_ONLY
165,KEEP_REFERENCE_ONLY
166,KEEP_REFERENCE_ONLY
167,KEEP_REFERENCE_ONLY
168,KEEP_REFERENCE_ONLY
169,KEEP
170,KEEP
171,KEEP
172,KEEP
173,KEEP
174,KEEP
175,KEEP
176,KEEP
177,KEEP
178,KEEP
179,KEEP
180,KEEP
181,KEEP
182,KEEP
183,KEEP
184,KEEP
185,KEEP
186,KEEP
187,KEEP
188,KEEP
189,KEEP_REFERENCE_ONLY
190,KEEP_REFERENCE_ONLY
191,KEEP_REFERENCE_ONLY
192,KEEP
193,KEEP
194,KEEP
195,KEEP
196,KEEP
197,KEEP
198,KEEP
199,KEEP
200,KEEP
201,KEEP_REFERENCE_ONLY
202,KEEP_REFERENCE_ONLY
203,KEEP
204,KEEP_REFERENCE_ONLY
205,KEEP
206,KEEP_REFERENCE_ONLY
207,KEEP_REFERENCE_ONLY
208,KEEP
209,KEEP
210,KEEP
211,KEEP
212,KEEP
213,KEEP
214,KEEP_REFERENCE_ONLY
215,KEEP
216,KEEP
217,KEEP
218,KEEP_REFERENCE_ONLY
219,KEEP
220,KEEP_REFERENCE_ONLY
221,KEEP_REFERENCE_ONLY
222,KEEP_REFERENCE_ONLY
223,KEEP_REFERENCE_ONLY
224,KEEP
225,KEEP
226,KEEP
227,KEEP
228,KEEP
229,KEEP
230,KEEP
231,KEEP
232,KEEP
233,KEEP
234,KEEP
235,KEEP
236,KEEP
237,KEEP
238,KEEP
239,KEEP
240,KEEP
241,KEEP
242,KEEP
243,KEEP
244,KEEP_REFERENCE_ONLY
245,KEEP_REFERENCE_ONLY
246,KEEP_REFERENCE_ONLY
247,KEEP_REFERENCE_ONLY
248,KEEP
249,KEEP_REFERENCE_ONLY
250,KEEP
251,KEEP_REFERENCE_ONLY
252,KEEP
253,KEEP
254,KEEP
255,KEEP_REFERENCE_ONLY
256,KEEP_REFERENCE_ONLY
257,KEEP_REFERENCE_ONLY
258,KEEP_REFERENCE_ONLY
259,KEEP_REFERENCE_ONLY
260,KEEP
261,KEEP
262,KEEP
263,KEEP
264,KEEP
265,KEEP
266,KEEP
267,KEEP
268,KEEP
269,KEEP
270,KEEP
271,KEEP
272,KEEP
273,KEEP
274,KEEP
275,KEEP
276,KEEP
277,KEEP
278,KEEP
279,KEEP
280,KEEP
281,KEEP
282,KEEP
283,KEEP
284,KEEP
285,KEEP
286,KEEP
287,KEEP
288,KEEP
289,KEEP
290,KEEP
291,KEEP
292,KEEP
293,KEEP
294,KEEP
295,KEEP
296,KEEP
297,KEEP
298,KEEP_REFERENCE_ONLY
299,KEEP_REFERENCE_ONLY
300,KEEP
301,KEEP
302,KEEP
303,KEEP_REFERENCE_ONLY
304,KEEP
305,KEEP_REFERENCE_ONLY
306,KEEP_REFERENCE_ONLY
307,KEEP
308,KEEP_REFERENCE_ONLY
309,REVIEW
310,KEEP
311,KEEP
312,KEEP
313,KEEP
314,KEEP
315,KEEP_REFERENCE_ONLY
316,KEEP
317,KEEP_REFERENCE_ONLY
318,KEEP
319,KEEP_REFERENCE_ONLY
320,KEEP
321,KEEP_REFERENCE_ONLY
322,KEEP_REFERENCE_ONLY
323,KEEP_REFERENCE_ONLY
324,KEEP
325,KEEP
326,KEEP
327,KEEP
328,KEEP_REFERENCE_ONLY
329,KEEP_REFERENCE_ONLY
330,KEEP_REFERENCE_ONLY
331,KEEP
332,KEEP
333,KEEP
334,KEEP
335,KEEP
336,KEEP
337,KEEP
338,KEEP
339,KEEP
340,KEEP
341,KEEP
342,KEEP
343,KEEP
344,KEEP
345,KEEP
346,KEEP
347,KEEP
348,KEEP
349,KEEP
350,KEEP
351,KEEP
352,KEEP
353,KEEP
354,KEEP
355,KEEP
356,KEEP
357,KEEP
358,KEEP
359,KEEP
360,KEEP
361,KEEP
362,KEEP
363,KEEP
364,KEEP
365,KEEP
366,KEEP
367,KEEP
368,KEEP
369,KEEP
370,KEEP
371,KEEP
372,KEEP
373,KEEP
374,KEEP
375,KEEP
376,KEEP
377,KEEP
378,KEEP
379,KEEP
380,KEEP
381,KEEP
382,KEEP
383,KEEP
384,KEEP
385,KEEP
386,KEEP
387,KEEP
388,KEEP
389,KEEP
390,KEEP
391,KEEP
392,KEEP
393,KEEP
394,KEEP
395,KEEP
396,KEEP
397,KEEP
398,KEEP
399,KEEP
400,KEEP
401,KEEP_REFERENCE_ONLY
402,KEEP_REFERENCE_ONLY
403,KEEP_REFERENCE_ONLY
404,KEEP_REFERENCE_ONLY
405,KEEP_REFERENCE_ONLY
406,KEEP_REFERENCE_ONLY
407,KEEP_REFERENCE_ONLY
408,KEEP_REFERENCE_ONLY
409,KEEP_REFERENCE_ONLY
410,KEEP_REFERENCE_ONLY
411,KEEP_REFERENCE_ONLY
412,KEEP_REFERENCE_ONLY
413,KEEP_REFERENCE_ONLY
414,KEEP_REFERENCE_ONLY
415,KEEP_REFERENCE_ONLY
416,KEEP_REFERENCE_ONLY
417,KEEP
418,KEEP_REFERENCE_ONLY
419,KEEP_REFERENCE_ONLY
420,KEEP
421,KEEP_REFERENCE_ONLY
422,KEEP_REFERENCE_ONLY
423,KEEP
424,KEEP
425,KEEP
426,KEEP
427,KEEP
428,KEEP
429,KEEP
430,KEEP
431,KEEP
432,KEEP
433,KEEP
434,KEEP
435,KEEP
436,KEEP
437,KEEP
438,REVIEW
439,KEEP
440,KEEP_REFERENCE_ONLY
441,KEEP_REFERENCE_ONLY
442,KEEP_REFERENCE_ONLY
443,KEEP
444,REVIEW
445,REVIEW
446,KEEP_REFERENCE_ONLY
447,KEEP_REFERENCE_ONLY
448,KEEP_REFERENCE_ONLY
449,KEEP_REFERENCE_ONLY
450,KEEP_REFERENCE_ONLY
451,KEEP
452,KEEP
453,KEEP
454,KEEP
455,KEEP
456,KEEP
457,KEEP
458,KEEP_REFERENCE_ONLY
459,KEEP
460,KEEP_REFERENCE_ONLY
461,KEEP_REFERENCE_ONLY
462,KEEP_REFERENCE_ONLY
463,KEEP_REFERENCE_ONLY
464,KEEP
465,KEEP_REFERENCE_ONLY
466,KEEP_REFERENCE_ONLY
467,KEEP_REFERENCE_ONLY
468,KEEP_REFERENCE_ONLY
469,KEEP
470,KEEP
471,KEEP_REFERENCE_ONLY
472,KEEP_REFERENCE_ONLY
473,KEEP_REFERENCE_ONLY
474,KEEP_REFERENCE_ONLY
475,KEEP_REFERENCE_ONLY
476,KEEP_REFERENCE_ONLY
477,KEEP_REFERENCE_ONLY
478,KEEP
479,KEEP
480,KEEP
481,KEEP_REFERENCE_ONLY
482,KEEP
483,KEEP_REFERENCE_ONLY
484,KEEP_REFERENCE_ONLY
485,KEEP_REFERENCE_ONLY
486,KEEP_REFERENCE_ONLY
487,KEEP_REFERENCE_ONLY
488,KEEP
489,KEEP_REFERENCE_ONLY
490,KEEP
491,KEEP
492,KEEP
493,KEEP
494,KEEP
495,KEEP
496,KEEP
497,KEEP_REFERENCE_ONLY
498,KEEP_REFERENCE_ONLY
499,KEEP
500,KEEP
501,KEEP
502,KEEP
503,KEEP
504,KEEP
505,KEEP_REFERENCE_ONLY
506,KEEP_REFERENCE_ONLY
507,KEEP_REFERENCE_ONLY
508,KEEP
509,KEEP
510,KEEP
511,KEEP
512,KEEP
513,KEEP
514,KEEP
515,KEEP
516,KEEP
517,KEEP
518,KEEP
519,KEEP_REFERENCE_ONLY
520,KEEP
521,KEEP
522,KEEP
523,KEEP
524,KEEP
525,KEEP
526,KEEP_REFERENCE_ONLY
527,KEEP
528,KEEP
529,KEEP
530,KEEP
531,KEEP
532,KEEP
533,KEEP
534,KEEP
535,KEEP
536,KEEP
537,KEEP_REFERENCE_ONLY
538,KEEP_REFERENCE_ONLY
539,KEEP
540,KEEP
541,KEEP
542,KEEP_REFERENCE_ONLY
543,KEEP_REFERENCE_ONLY
544,KEEP_REFERENCE_ONLY
545,KEEP
546,KEEP_REFERENCE_ONLY
547,KEEP
548,KEEP
549,KEEP
550,KEEP_REFERENCE_ONLY
551,KEEP_REFERENCE_ONLY
552,KEEP
553,KEEP
554,KEEP
555,KEEP
556,KEEP
557,KEEP
558,KEEP
559,KEEP
560,KEEP
561,KEEP
562,KEEP
563,KEEP
564,KEEP
565,KEEP
566,KEEP
567,KEEP
568,KEEP
569,KEEP
570,KEEP
571,KEEP
572,KEEP
573,KEEP
574,KEEP_REFERENCE_ONLY
575,KEEP_REFERENCE_ONLY
576,KEEP
577,KEEP
578,KEEP
579,KEEP
580,KEEP
581,KEEP
582,KEEP
583,KEEP
584,KEEP
585,KEEP
586,KEEP
587,KEEP
588,KEEP
589,KEEP
590,KEEP
591,KEEP
592,KEEP
593,KEEP
594,KEEP
595,KEEP_REFERENCE_ONLY
596,KEEP_REFERENCE_ONLY
597,KEEP
598,KEEP
599,KEEP
600,KEEP
601,KEEP
602,KEEP
603,KEEP
604,KEEP
605,KEEP
606,KEEP
607,KEEP_REFERENCE_ONLY
608,KEEP_REFERENCE_ONLY
609,KEEP_REFERENCE_ONLY
610,KEEP
611,KEEP
612,KEEP
613,KEEP
614,KEEP
615,KEEP
616,KEEP
617,KEEP
618,KEEP_REFERENCE_ONLY
619,KEEP
620,KEEP
621,KEEP
622,KEEP
623,KEEP_REFERENCE_ONLY
624,KEEP_REFERENCE_ONLY
625,KEEP
626,KEEP
627,KEEP
628,KEEP
629,KEEP
630,KEEP
631,KEEP
632,KEEP
633,KEEP
634,KEEP
635,KEEP_REFERENCE_ONLY
636,KEEP_REFERENCE_ONLY
637,KEEP_REFERENCE_ONLY
638,KEEP_REFERENCE_ONLY
639,KEEP_REFERENCE_ONLY
640,KEEP_REFERENCE_ONLY
641,KEEP_REFERENCE_ONLY
642,KEEP_REFERENCE_ONLY
643,KEEP_REFERENCE_ONLY
644,KEEP
645,KEEP
646,KEEP
647,KEEP
648,KEEP
649,KEEP
650,KEEP
651,KEEP_REFERENCE_ONLY
652,KEEP_REFERENCE_ONLY
653,KEEP_REFERENCE_ONLY
654,KEEP_REFERENCE_ONLY
655,KEEP_REFERENCE_ONLY
656,KEEP_REFERENCE_ONLY
657,KEEP
658,KEEP
659,KEEP
660,KEEP
661,KEEP_REFERENCE_ONLY
662,KEEP_REFERENCE_ONLY
663,KEEP
664,KEEP
665,KEEP_REFERENCE_ONLY
666,KEEP_REFERENCE_ONLY
667,KEEP
668,KEEP
669,KEEP
670,KEEP
671,KEEP_REFERENCE_ONLY
672,KEEP_REFERENCE_ONLY
673,KEEP_REFERENCE_ONLY
674,KEEP_REFERENCE_ONLY
675,KEEP_REFERENCE_ONLY
676,KEEP_REFERENCE_ONLY
677,KEEP
678,KEEP
679,KEEP
680,KEEP
681,KEEP
682,KEEP
683,KEEP
684,KEEP
685,KEEP
686,KEEP
687,KEEP
688,KEEP
689,KEEP
690,KEEP
691,KEEP
692,KEEP
693,KEEP
694,KEEP
695,KEEP_REFERENCE_ONLY
696,KEEP
697,KEEP
698,KEEP
699,KEEP
700,KEEP
701,KEEP
702,KEEP
703,KEEP
704,KEEP
705,KEEP
706,KEEP
707,KEEP
708,KEEP
709,KEEP
710,KEEP
711,KEEP
712,KEEP
713,KEEP_REFERENCE_ONLY
714,KEEP
715,KEEP
716,KEEP
717,KEEP
718,KEEP
719,KEEP
720,KEEP
721,KEEP_REFERENCE_ONLY
722,KEEP
723,KEEP
724,KEEP
725,KEEP
726,KEEP
727,KEEP
728,KEEP
729,KEEP
730,KEEP
731,KEEP
732,KEEP
733,KEEP
734,KEEP
735,KEEP
736,KEEP
737,KEEP
738,KEEP
739,KEEP
740,KEEP
741,KEEP
742,KEEP
743,KEEP
744,KEEP
745,KEEP
746,KEEP
747,KEEP
748,KEEP
749,KEEP
750,KEEP
751,KEEP
752,KEEP
753,KEEP
754,KEEP
755,KEEP
756,KEEP
757,KEEP
758,KEEP_REFERENCE_ONLY
759,KEEP
760,KEEP
761,KEEP
762,KEEP
763,KEEP
764,KEEP
765,KEEP
766,KEEP
767,KEEP
768,KEEP
769,KEEP
770,KEEP
771,KEEP
772,KEEP
773,KEEP
774,KEEP
775,KEEP
776,KEEP
777,KEEP
778,KEEP
779,KEEP
780,KEEP
781,KEEP
782,KEEP
783,KEEP
784,KEEP_REFERENCE_ONLY
785,KEEP
786,KEEP
787,KEEP
788,KEEP
789,KEEP
790,KEEP
791,KEEP
792,KEEP
793,KEEP
794,KEEP
795,KEEP
796,KEEP
797,KEEP
798,KEEP
799,KEEP
800,KEEP
801,KEEP
802,KEEP
803,KEEP
804,KEEP
805,KEEP
806,KEEP
807,KEEP
808,KEEP
809,KEEP
810,KEEP
811,KEEP
812,KEEP
813,KEEP
814,KEEP
815,KEEP
816,KEEP
817,KEEP
818,KEEP
819,KEEP
820,KEEP
821,KEEP
822,KEEP
823,KEEP
824,KEEP
825,KEEP
826,KEEP
827,KEEP
828,KEEP
829,KEEP
830,KEEP
831,KEEP
832,KEEP
833,KEEP
834,KEEP
835,KEEP_REFERENCE_ONLY
836,KEEP
837,KEEP
838,KEEP
839,KEEP
840,KEEP
841,KEEP
842,KEEP
843,KEEP
844,KEEP
845,KEEP
846,KEEP
847,KEEP
848,KEEP
849,KEEP
850,KEEP
851,KEEP
852,KEEP
853,KEEP
854,KEEP
855,KEEP
856,KEEP
857,KEEP
858,KEEP
859,KEEP
860,KEEP
861,KEEP
862,KEEP
863,KEEP
864,KEEP
865,KEEP
866,KEEP
867,KEEP
868,KEEP
869,KEEP
870,KEEP
871,KEEP
872,KEEP
873,KEEP
874,KEEP
875,KEEP_REFERENCE_ONLY
876,OUT_OF_SCOPE_PRODUCT
877,KEEP_REFERENCE_ONLY
878,KEEP
879,KEEP
880,KEEP
881,KEEP
882,KEEP
883,KEEP
884,KEEP
885,KEEP
886,KEEP
887,KEEP
888,KEEP
889,KEEP
890,KEEP
891,KEEP
892,KEEP
893,KEEP
894,KEEP
895,KEEP
896,KEEP
897,KEEP
898,KEEP
899,KEEP
900,KEEP
901,KEEP
902,KEEP
903,KEEP
904,KEEP
905,KEEP
906,KEEP
907,KEEP
908,KEEP
909,KEEP
910,KEEP
911,KEEP
912,KEEP
913,KEEP
914,KEEP_REFERENCE_ONLY
915,KEEP
916,KEEP
917,KEEP
918,KEEP
919,KEEP
920,KEEP
921,KEEP
922,KEEP
923,KEEP
924,KEEP
925,KEEP
926,KEEP
927,KEEP
928,KEEP
929,KEEP
930,KEEP
931,KEEP
932,KEEP
933,KEEP
934,KEEP
935,KEEP
936,KEEP
937,KEEP
938,KEEP
939,OUT_OF_SCOPE_PRODUCT
940,KEEP
941,KEEP
942,KEEP
943,KEEP
944,KEEP
945,KEEP
946,KEEP
947,KEEP
948,KEEP
949,KEEP
950,OUT_OF_SCOPE_PRODUCT
951,KEEP
952,KEEP
953,OUT_OF_SCOPE_PRODUCT
954,KEEP_REFERENCE_ONLY
955,KEEP
956,KEEP
957,KEEP
958,KEEP
959,KEEP
960,KEEP
961,KEEP
962,KEEP
963,KEEP
964,KEEP
965,KEEP
966,KEEP
967,KEEP
968,KEEP
969,KEEP
970,KEEP
971,KEEP
972,KEEP
973,KEEP
974,KEEP
975,KEEP
976,KEEP
977,KEEP
978,KEEP
979,KEEP
980,KEEP
981,KEEP
982,KEEP
983,KEEP
984,KEEP
985,KEEP
986,KEEP
987,KEEP
988,KEEP
989,KEEP
990,KEEP
991,KEEP
992,KEEP
993,KEEP
994,KEEP
995,KEEP
996,KEEP
997,KEEP
998,KEEP
999,KEEP
1000,KEEP
1001,KEEP
1002,KEEP
1003,KEEP
1004,KEEP
1005,REVIEW
1006,KEEP
1007,KEEP
1008,KEEP
1009,KEEP
1010,KEEP
1011,KEEP
1012,OUT_OF_SCOPE_PRODUCT
1013,KEEP
1014,KEEP
1015,KEEP
1016,KEEP
1017,KEEP
1018,KEEP
1019,KEEP
1020,KEEP
1021,KEEP_REFERENCE_ONLY
1022,KEEP
1023,KEEP
1024,KEEP
1025,KEEP
1026,KEEP
1027,REVIEW
1028,REVIEW
1029,KEEP
1030,KEEP
1031,KEEP
1032,KEEP
1033,KEEP
1034,KEEP
1035,KEEP
1036,KEEP
1037,KEEP_REFERENCE_ONLY
1038,KEEP
1039,KEEP
1040,OUT_OF_SCOPE_PRODUCT
1041,KEEP
1042,KEEP
1043,KEEP
1044,KEEP
1045,KEEP
1046,KEEP
1047,KEEP
1048,KEEP
1049,KEEP
1050,KEEP
1051,KEEP
1052,KEEP_REFERENCE_ONLY
1053,KEEP
1054,KEEP
1055,OUT_OF_SCOPE_PRODUCT
1056,KEEP
1057,KEEP
1058,KEEP
1059,KEEP
1060,KEEP
1061,KEEP_REFERENCE_ONLY
1062,KEEP
1063,KEEP
1064,KEEP
1065,KEEP
1066,KEEP
1067,KEEP
1068,KEEP
1069,KEEP
1070,KEEP
1071,KEEP
1072,KEEP
1073,KEEP
1074,KEEP
1075,KEEP
1076,KEEP
1077,KEEP
1078,KEEP
1079,KEEP
1080,KEEP
1081,KEEP_REFERENCE_ONLY
1082,KEEP_REFERENCE_ONLY
1083,KEEP
1084,OUT_OF_SCOPE_PRODUCT
1085,KEEP
1086,KEEP
1087,KEEP
1088,KEEP
1089,KEEP
1090,KEEP
1091,KEEP
1092,KEEP
1093,KEEP
1094,KEEP
1095,KEEP
1096,KEEP
1097,KEEP
1098,KEEP
1099,KEEP
1100,KEEP
1101,KEEP
1102,KEEP
1103,KEEP
1104,KEEP
1105,KEEP
1106,KEEP
1107,KEEP
1108,KEEP
1109,KEEP
1110,KEEP
1111,KEEP
1112,KEEP
1113,KEEP
1114,KEEP
1115,KEEP
1116,KEEP
1117,REVIEW
1118,KEEP
1119,KEEP
1120,KEEP
1121,KEEP
1122,REVIEW
1123,KEEP
1124,KEEP
1125,KEEP
1126,KEEP
1127,KEEP
1128,KEEP
1129,KEEP
1130,KEEP
1131,KEEP
1132,KEEP
1133,KEEP
1134,KEEP
1135,KEEP
1136,KEEP
1137,KEEP
1138,KEEP_REFERENCE_ONLY
1139,REVIEW
1140,KEEP
1141,KEEP
1142,KEEP
1143,KEEP
1144,KEEP
1145,KEEP
1146,KEEP
1147,KEEP
1148,KEEP
1149,KEEP
1150,KEEP
1151,KEEP
1152,KEEP
1153,KEEP
1154,KEEP
1155,KEEP
1156,KEEP
1157,KEEP
1158,KEEP
1159,KEEP
1160,KEEP
1161,KEEP
1162,KEEP
1163,KEEP
1164,KEEP
1165,KEEP
1166,OUT_OF_SCOPE_PRODUCT
1167,KEEP
1168,KEEP_REFERENCE_ONLY
1169,KEEP
1170,KEEP_REFERENCE_ONLY
1171,OUT_OF_SCOPE_PRODUCT
1172,KEEP_REFERENCE_ONLY
1173,REVIEW
1174,KEEP
1175,KEEP
1176,KEEP
1177,KEEP
1178,KEEP
1179,KEEP
1180,KEEP
1181,KEEP
1182,KEEP
1183,KEEP
1184,KEEP
1185,KEEP
1186,REVIEW
1187,KEEP
1188,KEEP
1189,KEEP
1190,KEEP
1191,KEEP
1192,KEEP
1193,KEEP
1194,KEEP
1195,KEEP
1196,KEEP
1197,KEEP
1198,KEEP
1199,KEEP
1200,KEEP
1201,KEEP
1202,KEEP
1203,KEEP
1204,REVIEW
1205,KEEP
1206,KEEP
1207,KEEP
1208,KEEP
1209,KEEP
1210,KEEP
1211,KEEP
1212,KEEP
1213,KEEP
1214,KEEP
1215,KEEP
1216,KEEP
1217,KEEP
1218,REVIEW
1219,KEEP
1220,KEEP
1221,KEEP
1222,KEEP
1223,KEEP
1224,KEEP
1225,KEEP
1226,KEEP
1227,KEEP
1228,REVIEW
1229,KEEP
1230,KEEP
1231,REVIEW
1232,KEEP
1233,KEEP
1234,KEEP
1235,REVIEW
1236,KEEP
1237,KEEP
1238,KEEP
1239,KEEP
1240,KEEP
1241,KEEP
1242,KEEP_REFERENCE_ONLY
1243,KEEP_REFERENCE_ONLY
1244,KEEP
1245,KEEP_REFERENCE_ONLY
1246,KEEP_REFERENCE_ONLY
1247,KEEP_REFERENCE_ONLY
1248,KEEP_REFERENCE_ONLY
1249,KEEP_REFERENCE_ONLY
1250,KEEP_REFERENCE_ONLY
1251,KEEP_REFERENCE_ONLY
1252,KEEP_REFERENCE_ONLY
1253,KEEP_REFERENCE_ONLY
1254,KEEP_REFERENCE_ONLY
1255,KEEP_REFERENCE_ONLY
1256,KEEP_REFERENCE_ONLY
1257,KEEP_REFERENCE_ONLY
1258,KEEP_REFERENCE_ONLY
1259,KEEP_REFERENCE_ONLY
1260,KEEP_REFERENCE_ONLY
1261,KEEP_REFERENCE_ONLY
1262,KEEP_REFERENCE_ONLY
1263,KEEP_REFERENCE_ONLY
1264,KEEP_REFERENCE_ONLY
1265,KEEP_REFERENCE_ONLY
1266,KEEP_REFERENCE_ONLY
1267,KEEP_REFERENCE_ONLY
1268,KEEP_REFERENCE_ONLY
1269,KEEP_REFERENCE_ONLY
1270,KEEP_REFERENCE_ONLY
1271,KEEP_REFERENCE_ONLY
1272,KEEP_REFERENCE_ONLY
1273,KEEP_REFERENCE_ONLY
1274,KEEP_REFERENCE_ONLY
1275,KEEP_REFERENCE_ONLY
1276,KEEP_REFERENCE_ONLY
1277,KEEP_REFERENCE_ONLY
1278,KEEP_REFERENCE_ONLY
1279,KEEP_REFERENCE_ONLY
1280,KEEP_REFERENCE_ONLY
1281,KEEP_REFERENCE_ONLY
1282,KEEP_REFERENCE_ONLY
1283,KEEP_REFERENCE_ONLY
1284,KEEP_REFERENCE_ONLY
1285,KEEP_REFERENCE_ONLY
1286,KEEP_REFERENCE_ONLY
1287,KEEP_REFERENCE_ONLY
1288,KEEP_REFERENCE_ONLY
1289,KEEP_REFERENCE_ONLY
1290,KEEP_REFERENCE_ONLY
1291,KEEP_REFERENCE_ONLY
1292,KEEP_REFERENCE_ONLY
1293,KEEP_REFERENCE_ONLY
1294,KEEP_REFERENCE_ONLY
1295,KEEP_REFERENCE_ONLY
1296,KEEP_REFERENCE_ONLY
1297,KEEP_REFERENCE_ONLY
1298,KEEP_REFERENCE_ONLY
1299,KEEP_REFERENCE_ONLY
1300,KEEP_REFERENCE_ONLY
1301,KEEP_REFERENCE_ONLY
1302,KEEP_REFERENCE_ONLY
1303,KEEP_REFERENCE_ONLY
1304,KEEP_REFERENCE_ONLY
1305,KEEP_REFERENCE_ONLY
1306,KEEP_REFERENCE_ONLY
1307,KEEP_REFERENCE_ONLY
1308,REVIEW
1309,KEEP_REFERENCE_ONLY
1310,KEEP_REFERENCE_ONLY
1311,KEEP_REFERENCE_ONLY
1312,KEEP_REFERENCE_ONLY
1313,KEEP_REFERENCE_ONLY
1314,KEEP_REFERENCE_ONLY
1315,KEEP_REFERENCE_ONLY
1316,KEEP_REFERENCE_ONLY
1317,KEEP_REFERENCE_ONLY
1318,KEEP_REFERENCE_ONLY
1319,KEEP_REFERENCE_ONLY
1320,KEEP_REFERENCE_ONLY
1321,KEEP_REFERENCE_ONLY
1322,KEEP_REFERENCE_ONLY
1323,KEEP_REFERENCE_ONLY
1324,KEEP_REFERENCE_ONLY
1325,KEEP_REFERENCE_ONLY
1326,KEEP_REFERENCE_ONLY
1327,KEEP_REFERENCE_ONLY
1328,KEEP_REFERENCE_ONLY
1329,KEEP_REFERENCE_ONLY
1330,KEEP_REFERENCE_ONLY
1331,KEEP_REFERENCE_ONLY
1332,KEEP_REFERENCE_ONLY
1333,KEEP_REFERENCE_ONLY
1334,KEEP_REFERENCE_ONLY
1335,KEEP_REFERENCE_ONLY
1336,KEEP_REFERENCE_ONLY
1337,KEEP_REFERENCE_ONLY
1338,KEEP_REFERENCE_ONLY
1339,KEEP_REFERENCE_ONLY
1340,KEEP_REFERENCE_ONLY
1341,KEEP_REFERENCE_ONLY
1342,KEEP_REFERENCE_ONLY
1343,KEEP_REFERENCE_ONLY
1344,KEEP_REFERENCE_ONLY
1345,KEEP_REFERENCE_ONLY
1346,KEEP_REFERENCE_ONLY
1347,KEEP_REFERENCE_ONLY
1348,KEEP_REFERENCE_ONLY
1349,KEEP_REFERENCE_ONLY
1350,KEEP_REFERENCE_ONLY
1351,KEEP_REFERENCE_ONLY
1352,KEEP_REFERENCE_ONLY
1353,KEEP_REFERENCE_ONLY
1354,KEEP_REFERENCE_ONLY
1355,KEEP_REFERENCE_ONLY
1356,KEEP_REFERENCE_ONLY
1357,KEEP_REFERENCE_ONLY
1358,KEEP_REFERENCE_ONLY
1359,KEEP_REFERENCE_ONLY
1360,KEEP_REFERENCE_ONLY
1361,KEEP_REFERENCE_ONLY
1362,KEEP_REFERENCE_ONLY
1363,KEEP_REFERENCE_ONLY
1364,KEEP_REFERENCE_ONLY
1365,KEEP_REFERENCE_ONLY
1366,KEEP_REFERENCE_ONLY
1367,KEEP_REFERENCE_ONLY
1368,KEEP_REFERENCE_ONLY
1369,KEEP_REFERENCE_ONLY
1370,KEEP_REFERENCE_ONLY
1371,KEEP_REFERENCE_ONLY
1372,KEEP_REFERENCE_ONLY
1373,KEEP_REFERENCE_ONLY
1374,KEEP_REFERENCE_ONLY
1375,KEEP_REFERENCE_ONLY
1376,KEEP_REFERENCE_ONLY
1377,KEEP_REFERENCE_ONLY
1378,KEEP_REFERENCE_ONLY
1379,KEEP_REFERENCE_ONLY
1380,KEEP_REFERENCE_ONLY
1381,KEEP_REFERENCE_ONLY
1382,KEEP_REFERENCE_ONLY
1383,KEEP_REFERENCE_ONLY
1384,KEEP_REFERENCE_ONLY
1385,KEEP_REFERENCE_ONLY
1386,KEEP_REFERENCE_ONLY
1387,KEEP_REFERENCE_ONLY
1388,KEEP_REFERENCE_ONLY
1389,KEEP_REFERENCE_ONLY
1390,KEEP_REFERENCE_ONLY
1391,KEEP_REFERENCE_ONLY
1392,KEEP_REFERENCE_ONLY
1393,KEEP_REFERENCE_ONLY
1394,KEEP_REFERENCE_ONLY
1395,KEEP_REFERENCE_ONLY
1396,KEEP_REFERENCE_ONLY
1397,KEEP_REFERENCE_ONLY
1398,KEEP_REFERENCE_ONLY
1399,KEEP_REFERENCE_ONLY
1400,KEEP_REFERENCE_ONLY
1401,KEEP_REFERENCE_ONLY
1402,KEEP_REFERENCE_ONLY
1403,KEEP_REFERENCE_ONLY
1404,KEEP_REFERENCE_ONLY
1405,KEEP_REFERENCE_ONLY
1406,KEEP_REFERENCE_ONLY
1407,KEEP_REFERENCE_ONLY
1408,KEEP_REFERENCE_ONLY
1409,KEEP_REFERENCE_ONLY
1410,KEEP_REFERENCE_ONLY
1411,KEEP_REFERENCE_ONLY
1412,KEEP_REFERENCE_ONLY
1413,KEEP_REFERENCE_ONLY
1414,KEEP_REFERENCE_ONLY
1415,KEEP_REFERENCE_ONLY
1416,KEEP_REFERENCE_ONLY
1417,KEEP_REFERENCE_ONLY
1418,KEEP_REFERENCE_ONLY
1419,KEEP_REFERENCE_ONLY
1420,KEEP_REFERENCE_ONLY
1421,KEEP_REFERENCE_ONLY
1422,KEEP_REFERENCE_ONLY
1423,KEEP_REFERENCE_ONLY
1424,KEEP_REFERENCE_ONLY
1425,KEEP_REFERENCE_ONLY
1426,KEEP_REFERENCE_ONLY
1427,KEEP_REFERENCE_ONLY
1428,KEEP_REFERENCE_ONLY
1429,KEEP_REFERENCE_ONLY
1430,KEEP_REFERENCE_ONLY
1431,KEEP_REFERENCE_ONLY
1432,KEEP_REFERENCE_ONLY
1433,KEEP_REFERENCE_ONLY
1434,KEEP_REFERENCE_ONLY
1435,KEEP_REFERENCE_ONLY
1436,KEEP_REFERENCE_ONLY
1437,KEEP_REFERENCE_ONLY
1438,KEEP_REFERENCE_ONLY
1439,KEEP_REFERENCE_ONLY
1440,KEEP_REFERENCE_ONLY
1441,KEEP_REFERENCE_ONLY
1442,KEEP_REFERENCE_ONLY
1443,KEEP_REFERENCE_ONLY
1444,KEEP_REFERENCE_ONLY
1445,KEEP_REFERENCE_ONLY
1446,KEEP_REFERENCE_ONLY
1447,KEEP_REFERENCE_ONLY
1448,KEEP_REFERENCE_ONLY
1449,KEEP_REFERENCE_ONLY
1450,KEEP_REFERENCE_ONLY
1451,KEEP_REFERENCE_ONLY
1452,KEEP_REFERENCE_ONLY
1453,KEEP_REFERENCE_ONLY
1454,KEEP_REFERENCE_ONLY
1455,KEEP_REFERENCE_ONLY
1456,KEEP_REFERENCE_ONLY
1457,KEEP_REFERENCE_ONLY
1458,KEEP_REFERENCE_ONLY
1459,KEEP_REFERENCE_ONLY
1460,KEEP_REFERENCE_ONLY
1461,KEEP_REFERENCE_ONLY
1462,KEEP_REFERENCE_ONLY
1463,KEEP_REFERENCE_ONLY
1464,KEEP_REFERENCE_ONLY
1465,KEEP_REFERENCE_ONLY
1466,KEEP_REFERENCE_ONLY
1467,KEEP_REFERENCE_ONLY
1468,KEEP_REFERENCE_ONLY
1469,KEEP_REFERENCE_ONLY
1470,KEEP_REFERENCE_ONLY
1471,KEEP_REFERENCE_ONLY
1472,KEEP_REFERENCE_ONLY
1473,KEEP_REFERENCE_ONLY
1474,KEEP_REFERENCE_ONLY
1475,KEEP_REFERENCE_ONLY
1476,KEEP_REFERENCE_ONLY
1477,KEEP_REFERENCE_ONLY
1478,KEEP_REFERENCE_ONLY
1479,KEEP_REFERENCE_ONLY
1480,KEEP_REFERENCE_ONLY
1481,KEEP_REFERENCE_ONLY
1482,KEEP_REFERENCE_ONLY
1483,KEEP_REFERENCE_ONLY
1484,KEEP_REFERENCE_ONLY
1485,KEEP_REFERENCE_ONLY
1486,KEEP_REFERENCE_ONLY
1487,KEEP_REFERENCE_ONLY
1488,KEEP_REFERENCE_ONLY
1489,KEEP_REFERENCE_ONLY
1490,KEEP_REFERENCE_ONLY
1491,KEEP_REFERENCE_ONLY
1492,KEEP_REFERENCE_ONLY
1493,KEEP_REFERENCE_ONLY
1494,KEEP_REFERENCE_ONLY
1495,KEEP_REFERENCE_ONLY
1496,KEEP_REFERENCE_ONLY
1497,KEEP_REFERENCE_ONLY
1498,KEEP_REFERENCE_ONLY
1499,KEEP_REFERENCE_ONLY
1500,KEEP_REFERENCE_ONLY
1501,KEEP_REFERENCE_ONLY
1502,KEEP_REFERENCE_ONLY
1503,KEEP_REFERENCE_ONLY
1504,KEEP_REFERENCE_ONLY
1505,KEEP_REFERENCE_ONLY
1506,KEEP_REFERENCE_ONLY
1507,KEEP_REFERENCE_ONLY
1508,KEEP_REFERENCE_ONLY
1509,KEEP_REFERENCE_ONLY
1510,KEEP_REFERENCE_ONLY
1511,KEEP_REFERENCE_ONLY
1512,KEEP_REFERENCE_ONLY
1513,KEEP_REFERENCE_ONLY
1514,KEEP_REFERENCE_ONLY
1515,KEEP_REFERENCE_ONLY
1516,KEEP_REFERENCE_ONLY
1517,KEEP_REFERENCE_ONLY
1518,KEEP_REFERENCE_ONLY
1519,KEEP_REFERENCE_ONLY
1520,KEEP_REFERENCE_ONLY
1521,KEEP_REFERENCE_ONLY
1522,KEEP_REFERENCE_ONLY
1523,KEEP_REFERENCE_ONLY
1524,KEEP_REFERENCE_ONLY
1525,KEEP_REFERENCE_ONLY
1526,KEEP_REFERENCE_ONLY
1527,KEEP_REFERENCE_ONLY
1528,KEEP_REFERENCE_ONLY
1529,KEEP_REFERENCE_ONLY
1530,KEEP_REFERENCE_ONLY
1531,KEEP_REFERENCE_ONLY
1532,KEEP_REFERENCE_ONLY
1533,KEEP_REFERENCE_ONLY
1534,KEEP_REFERENCE_ONLY
1535,KEEP_REFERENCE_ONLY
1536,KEEP_REFERENCE_ONLY
1537,KEEP_REFERENCE_ONLY
1538,KEEP_REFERENCE_ONLY
1539,KEEP_REFERENCE_ONLY
1540,KEEP_REFERENCE_ONLY
1541,KEEP_REFERENCE_ONLY
1542,KEEP_REFERENCE_ONLY
1543,KEEP_REFERENCE_ONLY
1544,KEEP_REFERENCE_ONLY
1545,KEEP_REFERENCE_ONLY
1546,KEEP_REFERENCE_ONLY
1547,KEEP_REFERENCE_ONLY
1548,KEEP_REFERENCE_ONLY
1549,KEEP_REFERENCE_ONLY
1550,KEEP_REFERENCE_ONLY
1551,KEEP_REFERENCE_ONLY
1552,KEEP_REFERENCE_ONLY
1553,KEEP_REFERENCE_ONLY
1554,KEEP_REFERENCE_ONLY
1555,KEEP_REFERENCE_ONLY
1556,KEEP_REFERENCE_ONLY
1557,KEEP_REFERENCE_ONLY
1558,KEEP_REFERENCE_ONLY
1559,KEEP_REFERENCE_ONLY
1560,KEEP_REFERENCE_ONLY
1561,KEEP_REFERENCE_ONLY
1562,KEEP_REFERENCE_ONLY
1563,KEEP_REFERENCE_ONLY
1564,KEEP_REFERENCE_ONLY
1565,KEEP_REFERENCE_ONLY
1566,KEEP_REFERENCE_ONLY
1567,KEEP_REFERENCE_ONLY
1568,KEEP_REFERENCE_ONLY
1569,KEEP_REFERENCE_ONLY
1570,KEEP_REFERENCE_ONLY
1571,KEEP_REFERENCE_ONLY
1572,KEEP_REFERENCE_ONLY
1573,KEEP_REFERENCE_ONLY
1574,KEEP_REFERENCE_ONLY
1575,KEEP_REFERENCE_ONLY
1576,KEEP_REFERENCE_ONLY
1577,REVIEW
1578,KEEP_REFERENCE_ONLY
1579,KEEP_REFERENCE_ONLY
1580,KEEP_REFERENCE_ONLY
1581,KEEP_REFERENCE_ONLY
1582,KEEP_REFERENCE_ONLY
1583,KEEP_REFERENCE_ONLY
1584,KEEP_REFERENCE_ONLY
1585,KEEP_REFERENCE_ONLY
1586,KEEP_REFERENCE_ONLY
1587,KEEP_REFERENCE_ONLY
1588,KEEP_REFERENCE_ONLY
1589,KEEP_REFERENCE_ONLY
1590,KEEP_REFERENCE_ONLY
1591,KEEP_REFERENCE_ONLY
1592,KEEP_REFERENCE_ONLY
1593,KEEP_REFERENCE_ONLY
1594,KEEP_REFERENCE_ONLY
1595,KEEP_REFERENCE_ONLY
1596,KEEP_REFERENCE_ONLY
1597,KEEP_REFERENCE_ONLY
1598,KEEP_REFERENCE_ONLY
1599,KEEP_REFERENCE_ONLY
1600,KEEP_REFERENCE_ONLY
1601,KEEP_REFERENCE_ONLY
1602,KEEP_REFERENCE_ONLY
1603,KEEP_REFERENCE_ONLY
1604,KEEP_REFERENCE_ONLY
1605,KEEP_REFERENCE_ONLY
1606,KEEP_REFERENCE_ONLY
1607,KEEP_REFERENCE_ONLY
1608,KEEP_REFERENCE_ONLY
1609,KEEP_REFERENCE_ONLY
1610,KEEP_REFERENCE_ONLY
1611,KEEP_REFERENCE_ONLY
1612,KEEP_REFERENCE_ONLY
1613,KEEP_REFERENCE_ONLY
1614,KEEP_REFERENCE_ONLY
1615,KEEP_REFERENCE_ONLY
1616,REVIEW
1617,KEEP_REFERENCE_ONLY
1618,KEEP_REFERENCE_ONLY
1619,KEEP_REFERENCE_ONLY
1620,KEEP_REFERENCE_ONLY
1621,KEEP_REFERENCE_ONLY
1622,KEEP_REFERENCE_ONLY
1623,KEEP_REFERENCE_ONLY
1624,KEEP_REFERENCE_ONLY
1625,KEEP_REFERENCE_ONLY
1626,KEEP_REFERENCE_ONLY
1627,KEEP_REFERENCE_ONLY
1628,KEEP_REFERENCE_ONLY
1629,KEEP_REFERENCE_ONLY
1630,KEEP_REFERENCE_ONLY
1631,KEEP_REFERENCE_ONLY
1632,KEEP_REFERENCE_ONLY
1633,KEEP_REFERENCE_ONLY
1634,KEEP_REFERENCE_ONLY
1635,REVIEW
1636,KEEP_REFERENCE_ONLY
1637,KEEP_REFERENCE_ONLY
1638,KEEP_REFERENCE_ONLY
1639,KEEP_REFERENCE_ONLY
1640,KEEP_REFERENCE_ONLY
1641,KEEP_REFERENCE_ONLY
1642,KEEP_REFERENCE_ONLY
1643,KEEP_REFERENCE_ONLY
1644,KEEP_REFERENCE_ONLY
1645,KEEP_REFERENCE_ONLY
1646,KEEP_REFERENCE_ONLY
1647,KEEP_REFERENCE_ONLY
1648,KEEP_REFERENCE_ONLY
1649,KEEP_REFERENCE_ONLY
1650,KEEP_REFERENCE_ONLY
1651,KEEP_REFERENCE_ONLY
1652,KEEP_REFERENCE_ONLY
1653,KEEP_REFERENCE_ONLY
1654,KEEP_REFERENCE_ONLY
1655,KEEP_REFERENCE_ONLY
1656,KEEP_REFERENCE_ONLY
1657,KEEP_REFERENCE_ONLY
1658,KEEP_REFERENCE_ONLY
1659,KEEP_REFERENCE_ONLY
1660,KEEP_REFERENCE_ONLY
1661,KEEP_REFERENCE_ONLY
1662,KEEP_REFERENCE_ONLY
1663,KEEP_REFERENCE_ONLY
1664,KEEP_REFERENCE_ONLY
1665,KEEP_REFERENCE_ONLY
1666,KEEP_REFERENCE_ONLY
1667,KEEP_REFERENCE_ONLY
1668,KEEP_REFERENCE_ONLY
1669,KEEP_REFERENCE_ONLY
1670,KEEP_REFERENCE_ONLY
1671,KEEP_REFERENCE_ONLY
1672,KEEP_REFERENCE_ONLY
1673,KEEP_REFERENCE_ONLY
1674,KEEP_REFERENCE_ONLY
1675,KEEP_REFERENCE_ONLY
1676,KEEP_REFERENCE_ONLY
1677,KEEP_REFERENCE_ONLY
1678,KEEP_REFERENCE_ONLY
1679,KEEP_REFERENCE_ONLY
1680,KEEP_REFERENCE_ONLY
1681,KEEP_REFERENCE_ONLY
1682,KEEP_REFERENCE_ONLY
1683,KEEP_REFERENCE_ONLY
1684,KEEP_REFERENCE_ONLY
1685,KEEP_REFERENCE_ONLY
1686,KEEP_REFERENCE_ONLY
1687,KEEP_REFERENCE_ONLY
1688,KEEP_REFERENCE_ONLY
1689,KEEP_REFERENCE_ONLY
1690,KEEP_REFERENCE_ONLY
1691,KEEP
1692,KEEP_REFERENCE_ONLY
1693,KEEP_REFERENCE_ONLY
1694,KEEP_REFERENCE_ONLY
1695,KEEP_REFERENCE_ONLY
1696,KEEP_REFERENCE_ONLY
1697,KEEP_REFERENCE_ONLY
1698,KEEP_REFERENCE_ONLY
1699,KEEP_REFERENCE_ONLY
1700,KEEP_REFERENCE_ONLY
1701,KEEP_REFERENCE_ONLY
1702,KEEP_REFERENCE_ONLY
1703,KEEP_REFERENCE_ONLY
1704,KEEP_REFERENCE_ONLY
1705,KEEP_REFERENCE_ONLY
1706,KEEP_REFERENCE_ONLY
1707,KEEP_REFERENCE_ONLY
1708,KEEP_REFERENCE_ONLY
1709,KEEP_REFERENCE_ONLY
1710,KEEP_REFERENCE_ONLY
1711,KEEP_REFERENCE_ONLY
1712,KEEP_REFERENCE_ONLY
1713,KEEP_REFERENCE_ONLY
1714,KEEP_REFERENCE_ONLY
1715,KEEP_REFERENCE_ONLY
1716,KEEP_REFERENCE_ONLY
1717,KEEP_REFERENCE_ONLY
1718,KEEP_REFERENCE_ONLY
1719,KEEP
1720,KEEP
1721,KEEP
1722,KEEP
1723,KEEP
1724,KEEP
1725,KEEP
1726,KEEP_REFERENCE_ONLY
1727,KEEP
1728,KEEP_REFERENCE_ONLY
1729,KEEP_REFERENCE_ONLY
1730,KEEP_REFERENCE_ONLY
1731,KEEP_REFERENCE_ONLY
1732,KEEP_REFERENCE_ONLY
1733,KEEP_REFERENCE_ONLY
1734,KEEP_REFERENCE_ONLY
1735,KEEP_REFERENCE_ONLY
1736,KEEP_REFERENCE_ONLY
1737,KEEP_REFERENCE_ONLY
1738,KEEP_REFERENCE_ONLY
1739,KEEP
1740,KEEP_REFERENCE_ONLY
1741,KEEP
1742,KEEP
1743,KEEP_REFERENCE_ONLY
1744,KEEP
1745,KEEP
1746,KEEP
1747,KEEP
1748,KEEP
1749,KEEP
1750,KEEP
1751,KEEP
1752,KEEP
1753,KEEP
1754,KEEP
1755,KEEP
1756,KEEP
1757,KEEP
1758,KEEP
1759,KEEP
1760,KEEP_REFERENCE_ONLY
1761,KEEP_REFERENCE_ONLY
1762,KEEP
1763,KEEP_REFERENCE_ONLY
1764,KEEP_REFERENCE_ONLY
1765,KEEP
1766,KEEP
1767,KEEP
1768,KEEP
1769,KEEP
1770,KEEP
1771,KEEP
1772,KEEP
1773,KEEP
1774,KEEP
1775,KEEP
1776,KEEP
1777,KEEP
1778,KEEP
1779,KEEP
1780,KEEP_REFERENCE_ONLY
1781,KEEP_REFERENCE_ONLY
1782,KEEP_REFERENCE_ONLY
1783,KEEP_REFERENCE_ONLY
1784,KEEP_REFERENCE_ONLY
1785,KEEP_REFERENCE_ONLY
1786,KEEP
1787,KEEP
1788,KEEP
1789,KEEP
1790,KEEP
1791,KEEP_REFERENCE_ONLY
1792,REVIEW
1793,KEEP
1794,KEEP
1795,KEEP
1796,KEEP_REFERENCE_ONLY
1797,KEEP_REFERENCE_ONLY
1798,KEEP_REFERENCE_ONLY
1799,KEEP_REFERENCE_ONLY
1800,KEEP_REFERENCE_ONLY
1801,KEEP_REFERENCE_ONLY
1802,KEEP_REFERENCE_ONLY
1803,KEEP_REFERENCE_ONLY
1804,KEEP_REFERENCE_ONLY
1805,KEEP
1806,KEEP
1807,KEEP
1808,KEEP_REFERENCE_ONLY
1809,KEEP_REFERENCE_ONLY
1810,KEEP_REFERENCE_ONLY
1811,KEEP_REFERENCE_ONLY
1812,KEEP_REFERENCE_ONLY
1813,KEEP
1814,KEEP
1815,KEEP
1816,KEEP
1817,KEEP
1818,KEEP
1819,KEEP
1820,KEEP
1821,KEEP
1822,KEEP
1823,KEEP
1824,KEEP
1825,KEEP
1826,KEEP
1827,KEEP
1828,KEEP
1829,KEEP
1830,KEEP
1831,KEEP
1832,KEEP
1833,KEEP
1834,KEEP
1835,KEEP
1836,KEEP
1837,KEEP
1838,KEEP
1839,KEEP
1840,KEEP
1841,KEEP
1842,KEEP
1843,KEEP
1844,KEEP
1845,KEEP_REFERENCE_ONLY
1846,KEEP
1847,KEEP
1848,KEEP
1849,KEEP
1850,KEEP
1851,KEEP
1852,KEEP
1853,KEEP
1854,KEEP
1855,KEEP_REFERENCE_ONLY
1856,KEEP_REFERENCE_ONLY
1857,KEEP
1858,KEEP
1859,KEEP
1860,KEEP_REFERENCE_ONLY
1861,KEEP_REFERENCE_ONLY
1862,KEEP
1863,KEEP
1864,REVIEW
1865,KEEP
1866,KEEP
1867,KEEP
1868,KEEP
1869,KEEP
1870,KEEP
1871,KEEP
1872,KEEP
1873,KEEP
1874,KEEP
1875,KEEP
1876,KEEP
1877,KEEP
1878,KEEP
1879,KEEP
1880,KEEP
1881,KEEP
1882,KEEP
1883,KEEP
1884,KEEP
1885,KEEP
1886,KEEP
1887,KEEP
1888,KEEP
1889,KEEP
1890,KEEP
1891,KEEP_REFERENCE_ONLY
1892,KEEP_REFERENCE_ONLY
1893,KEEP
1894,KEEP
1895,KEEP
1896,KEEP
1897,KEEP
1898,KEEP
1899,KEEP
1900,KEEP
1901,KEEP
1902,KEEP
1903,KEEP
1904,KEEP
1905,KEEP
1906,KEEP
1907,KEEP
1908,KEEP
1909,KEEP
1910,KEEP
1911,KEEP
1912,KEEP
1913,KEEP
1914,KEEP
1915,KEEP
1916,KEEP
1917,KEEP
1918,KEEP
1919,KEEP
1920,KEEP
1921,KEEP
1922,KEEP
1923,KEEP
1924,KEEP
1925,KEEP
1926,KEEP
1927,KEEP
1928,KEEP
1929,KEEP
1930,KEEP
1931,KEEP
1932,KEEP
1933,KEEP
1934,KEEP
1935,KEEP
1936,KEEP
1937,KEEP
1938,KEEP
1939,KEEP
1940,KEEP
1941,KEEP
1942,KEEP_REFERENCE_ONLY
1943,KEEP_REFERENCE_ONLY
1944,KEEP_REFERENCE_ONLY
1945,KEEP
1946,KEEP_REFERENCE_ONLY
1947,KEEP_REFERENCE_ONLY
1948,KEEP_REFERENCE_ONLY
1949,KEEP_REFERENCE_ONLY
1950,KEEP_REFERENCE_ONLY
1951,KEEP_REFERENCE_ONLY
1952,KEEP_REFERENCE_ONLY
1953,KEEP_REFERENCE_ONLY
1954,KEEP_REFERENCE_ONLY
1955,KEEP_REFERENCE_ONLY
1956,KEEP
1957,KEEP
1958,KEEP
1959,KEEP
1960,KEEP
1961,KEEP
1962,KEEP
1963,KEEP
1964,KEEP
1965,KEEP
1966,KEEP
1967,KEEP
1968,KEEP
1969,KEEP
1970,KEEP
1971,KEEP
1972,KEEP
1973,KEEP
1974,KEEP
1975,KEEP
1976,KEEP
1977,KEEP
1978,KEEP
1979,KEEP
1980,KEEP
1981,KEEP
1982,KEEP
1983,KEEP
1984,KEEP
1985,KEEP
1986,KEEP
1987,KEEP
1988,KEEP
1989,KEEP
1990,KEEP
1991,KEEP
1992,KEEP_REFERENCE_ONLY
1993,KEEP_REFERENCE_ONLY
1994,KEEP_REFERENCE_ONLY
1995,KEEP_REFERENCE_ONLY
1996,KEEP
1997,KEEP
1998,KEEP_REFERENCE_ONLY
1999,KEEP_REFERENCE_ONLY
2000,KEEP_REFERENCE_ONLY
2001,KEEP_REFERENCE_ONLY
2002,KEEP_REFERENCE_ONLY
2003,KEEP
2004,KEEP
2005,KEEP
2006,KEEP_REFERENCE_ONLY
2007,KEEP_REFERENCE_ONLY
2008,KEEP_REFERENCE_ONLY
2009,KEEP_REFERENCE_ONLY
2010,KEEP_REFERENCE_ONLY
2011,KEEP_REFERENCE_ONLY
2012,KEEP_REFERENCE_ONLY
2013,KEEP_REFERENCE_ONLY
2014,KEEP_REFERENCE_ONLY
2015,KEEP
2016,KEEP
2017,KEEP
2018,KEEP
2019,KEEP
2020,KEEP
2021,KEEP
2022,KEEP
2023,KEEP
2024,KEEP
2025,KEEP
2026,KEEP
2027,KEEP
2028,KEEP
2029,KEEP
2030,KEEP
2031,KEEP
2032,KEEP
2033,KEEP
2034,KEEP
2035,KEEP
2036,KEEP
2037,KEEP
2038,KEEP
2039,KEEP
2040,KEEP
2041,KEEP
2042,KEEP
2043,KEEP_REFERENCE_ONLY
2044,KEEP
2045,KEEP
2046,KEEP
2047,KEEP
2048,KEEP
2049,KEEP
2050,KEEP
2051,KEEP
2052,KEEP
2053,KEEP
2054,KEEP
2055,KEEP
2056,KEEP
2057,KEEP
2058,KEEP
2059,KEEP
2060,KEEP
2061,KEEP
2062,KEEP
2063,KEEP
2064,KEEP_REFERENCE_ONLY
2065,KEEP_REFERENCE_ONLY
2066,KEEP_REFERENCE_ONLY
2067,KEEP_REFERENCE_ONLY
2068,KEEP_REFERENCE_ONLY
2069,KEEP
2070,KEEP
2071,KEEP
2072,KEEP
2073,KEEP_REFERENCE_ONLY
2074,KEEP
2075,KEEP
2076,KEEP
2077,KEEP_REFERENCE_ONLY
2078,KEEP_REFERENCE_ONLY
2079,KEEP
2080,KEEP_REFERENCE_ONLY
2081,KEEP_REFERENCE_ONLY
2082,KEEP
2083,KEEP_REFERENCE_ONLY
2084,KEEP_REFERENCE_ONLY
2085,KEEP_REFERENCE_ONLY
2086,KEEP_REFERENCE_ONLY
2087,KEEP
2088,KEEP
2089,KEEP
2090,KEEP
2091,KEEP
2092,KEEP
2093,KEEP
2094,KEEP
2095,KEEP
2096,KEEP
2097,KEEP
2098,KEEP_REFERENCE_ONLY
2099,KEEP_REFERENCE_ONLY
2100,KEEP_REFERENCE_ONLY
2101,KEEP_REFERENCE_ONLY
2102,KEEP
2103,KEEP_REFERENCE_ONLY
2104,KEEP_REFERENCE_ONLY
2105,KEEP_REFERENCE_ONLY
2106,KEEP
2107,KEEP
2108,KEEP
2109,KEEP_REFERENCE_ONLY
2110,KEEP
2111,KEEP
2112,KEEP_REFERENCE_ONLY
2113,KEEP
2114,KEEP
2115,KEEP
2116,KEEP_REFERENCE_ONLY
2117,KEEP
2118,KEEP
2119,KEEP
2120,KEEP
2121,KEEP
2122,KEEP_REFERENCE_ONLY
2123,KEEP_REFERENCE_ONLY
2124,KEEP_REFERENCE_ONLY
2125,KEEP_REFERENCE_ONLY
2126,KEEP
2127,KEEP
2128,KEEP_REFERENCE_ONLY
2129,KEEP_REFERENCE_ONLY
2130,KEEP
2131,KEEP
2132,KEEP
2133,KEEP_REFERENCE_ONLY
2134,KEEP_REFERENCE_ONLY
2135,KEEP_REFERENCE_ONLY
2136,KEEP_REFERENCE_ONLY
2137,KEEP
2138,KEEP
2139,KEEP
2140,KEEP
2141,KEEP
2142,KEEP
2143,KEEP
2144,KEEP
2145,KEEP_REFERENCE_ONLY
2146,KEEP_REFERENCE_ONLY
2147,KEEP
2148,KEEP
2149,KEEP
2150,KEEP_REFERENCE_ONLY
2151,KEEP
2152,KEEP
2153,KEEP
2154,KEEP
2155,KEEP_REFERENCE_ONLY
2156,KEEP_REFERENCE_ONLY
2157,KEEP_REFERENCE_ONLY
2158,KEEP_REFERENCE_ONLY
2159,KEEP_REFERENCE_ONLY
2160,KEEP
2161,KEEP
2162,KEEP_REFERENCE_ONLY
2163,KEEP_REFERENCE_ONLY
2164,KEEP_REFERENCE_ONLY
2165,KEEP_REFERENCE_ONLY
2166,KEEP_REFERENCE_ONLY
2167,KEEP_REFERENCE_ONLY
2168,KEEP
2169,KEEP
2170,KEEP_REFERENCE_ONLY
2171,KEEP_REFERENCE_ONLY
2172,KEEP
2173,KEEP
2174,KEEP
2175,KEEP
2176,KEEP
2177,KEEP_REFERENCE_ONLY
2178,KEEP_REFERENCE_ONLY
2179,KEEP
2180,KEEP_REFERENCE_ONLY
2181,KEEP
2182,KEEP
2183,KEEP
2184,KEEP
2185,KEEP
2186,KEEP
2187,KEEP_REFERENCE_ONLY
2188,KEEP
2189,KEEP
2190,KEEP
2191,KEEP_REFERENCE_ONLY
2192,KEEP
2193,KEEP
2194,KEEP
2195,KEEP
2196,KEEP
2197,KEEP_REFERENCE_ONLY
2198,KEEP_REFERENCE_ONLY
2199,KEEP_REFERENCE_ONLY
2200,KEEP_REFERENCE_ONLY
2201,KEEP_REFERENCE_ONLY
2202,KEEP_REFERENCE_ONLY
2203,KEEP_REFERENCE_ONLY
2204,KEEP
2205,KEEP_REFERENCE_ONLY
2206,KEEP_REFERENCE_ONLY
2207,KEEP_REFERENCE_ONLY
2208,KEEP_REFERENCE_ONLY
2209,KEEP_REFERENCE_ONLY
2210,KEEP
2211,KEEP
2212,KEEP_REFERENCE_ONLY
2213,KEEP_REFERENCE_ONLY
2214,KEEP
2215,KEEP
2216,KEEP_REFERENCE_ONLY
2217,KEEP
2218,KEEP
2219,KEEP_REFERENCE_ONLY
2220,KEEP_REFERENCE_ONLY
2221,KEEP
2222,KEEP
2223,KEEP_REFERENCE_ONLY
2224,KEEP
2225,KEEP
2226,KEEP_REFERENCE_ONLY
2227,KEEP_REFERENCE_ONLY
2228,KEEP_REFERENCE_ONLY
2229,KEEP
2230,KEEP_REFERENCE_ONLY
2231,KEEP
2232,KEEP_REFERENCE_ONLY
2233,KEEP
2234,KEEP_REFERENCE_ONLY
2235,KEEP
2236,KEEP_REFERENCE_ONLY
2237,KEEP
2238,KEEP
2239,KEEP
2240,KEEP
2241,KEEP
2242,KEEP
2243,KEEP
2244,KEEP_REFERENCE_ONLY
2245,KEEP_REFERENCE_ONLY
2246,KEEP_REFERENCE_ONLY
2247,KEEP_REFERENCE_ONLY
2248,KEEP
2249,KEEP
2250,KEEP
2251,KEEP_REFERENCE_ONLY
2252,KEEP_REFERENCE_ONLY
2253,KEEP_REFERENCE_ONLY
2254,KEEP_REFERENCE_ONLY
2255,KEEP_REFERENCE_ONLY
2256,KEEP_REFERENCE_ONLY
2257,KEEP_REFERENCE_ONLY
2258,KEEP
2259,KEEP_REFERENCE_ONLY
2260,KEEP
2261,KEEP_REFERENCE_ONLY
2262,KEEP_REFERENCE_ONLY
2263,KEEP
2264,KEEP_REFERENCE_ONLY
2265,KEEP_REFERENCE_ONLY
2266,KEEP_REFERENCE_ONLY
2267,KEEP_REFERENCE_ONLY
2268,KEEP_REFERENCE_ONLY
2269,KEEP_REFERENCE_ONLY
2270,KEEP_REFERENCE_ONLY
2271,KEEP_REFERENCE_ONLY
2272,KEEP_REFERENCE_ONLY
2273,KEEP_REFERENCE_ONLY
2274,KEEP_REFERENCE_ONLY
2275,KEEP_REFERENCE_ONLY
2276,KEEP_REFERENCE_ONLY
2277,KEEP_REFERENCE_ONLY
2278,KEEP_REFERENCE_ONLY
2279,KEEP_REFERENCE_ONLY
2280,KEEP
2281,KEEP
2282,KEEP
2283,KEEP
2284,KEEP
2285,KEEP
2286,KEEP
2287,KEEP
2288,KEEP
2289,KEEP
2290,KEEP
2291,KEEP
2292,KEEP
2293,KEEP
2294,KEEP
2295,KEEP
2296,KEEP
2297,KEEP_REFERENCE_ONLY
2298,KEEP_REFERENCE_ONLY
2299,KEEP_REFERENCE_ONLY
2300,KEEP_REFERENCE_ONLY
2301,KEEP_REFERENCE_ONLY
2302,KEEP_REFERENCE_ONLY
2303,KEEP
2304,KEEP
2305,KEEP
2306,KEEP
2307,KEEP_REFERENCE_ONLY
2308,KEEP_REFERENCE_ONLY
2309,KEEP_REFERENCE_ONLY
2310,KEEP
2311,KEEP
2312,KEEP_REFERENCE_ONLY
2313,KEEP_REFERENCE_ONLY
2314,KEEP
2315,KEEP_REFERENCE_ONLY
2316,KEEP_REFERENCE_ONLY
2317,KEEP_REFERENCE_ONLY
2318,KEEP
2319,KEEP
2320,KEEP
2321,KEEP
2322,KEEP
2323,KEEP
2324,KEEP
2325,KEEP
2326,KEEP
2327,KEEP_REFERENCE_ONLY
2328,KEEP_REFERENCE_ONLY
2329,KEEP
2330,KEEP
2331,KEEP
2332,KEEP_REFERENCE_ONLY
2333,KEEP
2334,KEEP
2335,KEEP
2336,KEEP
2337,KEEP
2338,KEEP
2339,KEEP
2340,KEEP
2341,KEEP
2342,KEEP
2343,KEEP
2344,KEEP
2345,KEEP
2346,KEEP
2347,KEEP
2348,KEEP
2349,KEEP
2350,KEEP
2351,KEEP_REFERENCE_ONLY
2352,KEEP_REFERENCE_ONLY
2353,KEEP_REFERENCE_ONLY
2354,KEEP_REFERENCE_ONLY
2355,KEEP_REFERENCE_ONLY
2356,KEEP_REFERENCE_ONLY
2357,KEEP_REFERENCE_ONLY
2358,KEEP_REFERENCE_ONLY
2359,KEEP_REFERENCE_ONLY
2360,KEEP
2361,KEEP_REFERENCE_ONLY
2362,KEEP_REFERENCE_ONLY
2363,KEEP
2364,KEEP_REFERENCE_ONLY
2365,KEEP
2366,KEEP
2367,KEEP
2368,KEEP
2369,KEEP
2370,KEEP
2371,KEEP
2372,KEEP
2373,KEEP_REFERENCE_ONLY
2374,KEEP_REFERENCE_ONLY
2375,KEEP_REFERENCE_ONLY
2376,KEEP
2377,KEEP_REFERENCE_ONLY
2378,KEEP_REFERENCE_ONLY
2379,KEEP_REFERENCE_ONLY
2380,KEEP_REFERENCE_ONLY
2381,KEEP
2382,KEEP
2383,KEEP
2384,KEEP
2385,KEEP
2386,KEEP
2387,KEEP
2388,KEEP
2389,KEEP
2390,KEEP
2391,KEEP
2392,KEEP
2393,KEEP_REFERENCE_ONLY
2394,KEEP
2395,KEEP
2396,KEEP
2397,KEEP
2398,KEEP
2399,KEEP
2400,KEEP
2401,KEEP
2402,KEEP
2403,KEEP
2404,KEEP
2405,KEEP_REFERENCE_ONLY
2406,KEEP
2407,KEEP
2408,KEEP
2409,KEEP
2410,KEEP
2411,KEEP
2412,KEEP
2413,KEEP
2414,KEEP
2415,KEEP
2416,KEEP
2417,KEEP
2418,KEEP
2419,KEEP_REFERENCE_ONLY
2420,KEEP
2421,KEEP
2422,KEEP
2423,KEEP
2424,KEEP_REFERENCE_ONLY
2425,KEEP_REFERENCE_ONLY
2426,KEEP
2427,KEEP
2428,KEEP
2429,KEEP
2430,KEEP
2431,KEEP_REFERENCE_ONLY
2432,KEEP
2433,KEEP
2434,KEEP
2435,KEEP
2436,KEEP
2437,KEEP
2438,KEEP
2439,KEEP
2440,KEEP
2441,KEEP
2442,KEEP
2443,KEEP_REFERENCE_ONLY
2444,KEEP
2445,KEEP
2446,KEEP
2447,KEEP
2448,KEEP
2449,KEEP
2450,KEEP
2451,KEEP
2452,KEEP
2453,KEEP
2454,KEEP
2455,KEEP
2456,KEEP
2457,KEEP
2458,KEEP
2459,KEEP
2460,KEEP
2461,KEEP
2462,KEEP
2463,KEEP
2464,KEEP
2465,KEEP
2466,KEEP
2467,KEEP
2468,KEEP
2469,KEEP
2470,KEEP
2471,KEEP_REFERENCE_ONLY
2472,KEEP
2473,KEEP
2474,KEEP
2475,KEEP
2476,KEEP
2477,KEEP
2478,KEEP
2479,KEEP
2480,KEEP
2481,KEEP
2482,KEEP
2483,OUT_OF_SCOPE_PRODUCT
2484,KEEP
2485,KEEP
2486,KEEP
2487,KEEP_REFERENCE_ONLY
2488,KEEP
2489,KEEP
2490,KEEP
2491,KEEP
2492,KEEP
2493,KEEP
2494,KEEP
2495,KEEP
2496,KEEP
2497,KEEP
2498,KEEP_REFERENCE_ONLY
2499,KEEP
2500,KEEP
2501,KEEP_REFERENCE_ONLY
2502,KEEP
2503,KEEP
2504,KEEP
2505,KEEP_REFERENCE_ONLY
2506,KEEP
2507,KEEP
2508,KEEP
2509,KEEP
2510,KEEP
2511,KEEP
2512,KEEP
2513,KEEP
2514,KEEP
2515,KEEP
2516,KEEP
2517,KEEP
2518,KEEP
2519,KEEP_REFERENCE_ONLY
2520,KEEP
2521,KEEP
2522,KEEP
2523,KEEP
2524,KEEP
2525,KEEP
2526,KEEP
2527,KEEP
2528,KEEP_REFERENCE_ONLY
2529,KEEP_REFERENCE_ONLY
2530,KEEP_REFERENCE_ONLY
2531,KEEP_REFERENCE_ONLY
2532,KEEP_REFERENCE_ONLY
2533,KEEP_REFERENCE_ONLY
2534,KEEP_REFERENCE_ONLY
2535,KEEP_REFERENCE_ONLY
2536,KEEP_REFERENCE_ONLY
2537,KEEP_REFERENCE_ONLY
2538,KEEP_REFERENCE_ONLY
2539,KEEP_REFERENCE_ONLY
2540,KEEP_REFERENCE_ONLY
2541,KEEP_REFERENCE_ONLY
2542,KEEP_REFERENCE_ONLY
2543,KEEP_REFERENCE_ONLY
2544,KEEP_REFERENCE_ONLY
2545,KEEP_REFERENCE_ONLY
2546,KEEP_REFERENCE_ONLY
2547,KEEP_REFERENCE_ONLY
2548,KEEP_REFERENCE_ONLY
2549,KEEP_REFERENCE_ONLY
2550,KEEP_REFERENCE_ONLY
2551,KEEP_REFERENCE_ONLY
2552,KEEP_REFERENCE_ONLY
2553,KEEP_REFERENCE_ONLY
2554,KEEP_REFERENCE_ONLY
2555,KEEP_REFERENCE_ONLY
2556,KEEP_REFERENCE_ONLY
2557,KEEP_REFERENCE_ONLY
2558,KEEP_REFERENCE_ONLY
2559,KEEP_REFERENCE_ONLY
2560,KEEP_REFERENCE_ONLY
2561,KEEP_REFERENCE_ONLY
2562,KEEP_REFERENCE_ONLY
2563,KEEP_REFERENCE_ONLY
2564,KEEP_REFERENCE_ONLY
2565,KEEP_REFERENCE_ONLY
2566,KEEP_REFERENCE_ONLY
2567,KEEP_REFERENCE_ONLY
2568,KEEP_REFERENCE_ONLY
2569,KEEP_REFERENCE_ONLY
2570,KEEP_REFERENCE_ONLY
2571,KEEP_REFERENCE_ONLY
2572,KEEP_REFERENCE_ONLY
2573,KEEP_REFERENCE_ONLY
2574,KEEP_REFERENCE_ONLY
2575,KEEP_REFERENCE_ONLY
2576,KEEP_REFERENCE_ONLY
2577,KEEP_REFERENCE_ONLY
2578,KEEP_REFERENCE_ONLY
2579,KEEP_REFERENCE_ONLY
2580,KEEP_REFERENCE_ONLY
2581,KEEP_REFERENCE_ONLY
2582,KEEP_REFERENCE_ONLY
2583,KEEP_REFERENCE_ONLY
2584,KEEP_REFERENCE_ONLY
2585,KEEP_REFERENCE_ONLY
2586,KEEP_REFERENCE_ONLY
2587,KEEP_REFERENCE_ONLY
2588,KEEP_REFERENCE_ONLY
2589,KEEP_REFERENCE_ONLY
2590,KEEP_REFERENCE_ONLY
2591,KEEP_REFERENCE_ONLY
2592,KEEP_REFERENCE_ONLY
2593,KEEP_REFERENCE_ONLY
2594,KEEP_REFERENCE_ONLY
2595,KEEP_REFERENCE_ONLY
2596,KEEP_REFERENCE_ONLY
2597,KEEP_REFERENCE_ONLY
2598,KEEP_REFERENCE_ONLY
2599,KEEP_REFERENCE_ONLY
2600,KEEP_REFERENCE_ONLY
2601,KEEP_REFERENCE_ONLY
2602,KEEP_REFERENCE_ONLY
2603,KEEP_REFERENCE_ONLY
2604,KEEP_REFERENCE_ONLY
2605,KEEP_REFERENCE_ONLY
2606,KEEP_REFERENCE_ONLY
2607,KEEP_REFERENCE_ONLY
2608,KEEP_REFERENCE_ONLY
2609,KEEP_REFERENCE_ONLY
2610,KEEP_REFERENCE_ONLY
2611,KEEP_REFERENCE_ONLY
2612,KEEP_REFERENCE_ONLY
2613,KEEP_REFERENCE_ONLY
2614,KEEP_REFERENCE_ONLY
2615,KEEP_REFERENCE_ONLY
2616,KEEP_REFERENCE_ONLY
2617,KEEP_REFERENCE_ONLY
2618,KEEP_REFERENCE_ONLY
2619,KEEP_REFERENCE_ONLY
2620,KEEP_REFERENCE_ONLY
2621,KEEP_REFERENCE_ONLY
2622,KEEP_REFERENCE_ONLY
2623,KEEP_REFERENCE_ONLY
2624,KEEP_REFERENCE_ONLY
2625,KEEP_REFERENCE_ONLY
2626,OUT_OF_SCOPE_PRODUCT
2627,KEEP_REFERENCE_ONLY
2628,KEEP_REFERENCE_ONLY
2629,KEEP_REFERENCE_ONLY
2630,KEEP_REFERENCE_ONLY
2631,KEEP_REFERENCE_ONLY
2632,KEEP_REFERENCE_ONLY
2633,KEEP_REFERENCE_ONLY
2634,KEEP_REFERENCE_ONLY
2635,KEEP_REFERENCE_ONLY
2636,KEEP_REFERENCE_ONLY
2637,KEEP_REFERENCE_ONLY
2638,KEEP_REFERENCE_ONLY
2639,KEEP_REFERENCE_ONLY
2640,KEEP_REFERENCE_ONLY
2641,KEEP_REFERENCE_ONLY
2642,KEEP_REFERENCE_ONLY
2643,KEEP_REFERENCE_ONLY
2644,KEEP_REFERENCE_ONLY
2645,KEEP_REFERENCE_ONLY
2646,KEEP_REFERENCE_ONLY
2647,KEEP_REFERENCE_ONLY
2648,KEEP_REFERENCE_ONLY
2649,KEEP_REFERENCE_ONLY
2650,KEEP_REFERENCE_ONLY
2651,KEEP_REFERENCE_ONLY
2652,KEEP_REFERENCE_ONLY
2653,KEEP_REFERENCE_ONLY
2654,KEEP_REFERENCE_ONLY
2655,KEEP_REFERENCE_ONLY
2656,KEEP_REFERENCE_ONLY
2657,KEEP_REFERENCE_ONLY
2658,KEEP_REFERENCE_ONLY
2659,KEEP_REFERENCE_ONLY
2660,KEEP_REFERENCE_ONLY
2661,KEEP_REFERENCE_ONLY
2662,KEEP_REFERENCE_ONLY
2663,KEEP_REFERENCE_ONLY
2664,KEEP_REFERENCE_ONLY
2665,KEEP_REFERENCE_ONLY
2666,KEEP_REFERENCE_ONLY
2667,KEEP_REFERENCE_ONLY
2668,KEEP_REFERENCE_ONLY
2669,KEEP_REFERENCE_ONLY
2670,KEEP_REFERENCE_ONLY
2671,KEEP_REFERENCE_ONLY
2672,KEEP_REFERENCE_ONLY
2673,KEEP_REFERENCE_ONLY
2674,KEEP_REFERENCE_ONLY
2675,KEEP_REFERENCE_ONLY
2676,KEEP_REFERENCE_ONLY
2677,KEEP_REFERENCE_ONLY
2678,KEEP_REFERENCE_ONLY
2679,KEEP_REFERENCE_ONLY
2680,KEEP_REFERENCE_ONLY
2681,KEEP_REFERENCE_ONLY
2682,KEEP_REFERENCE_ONLY
2683,KEEP_REFERENCE_ONLY
2684,KEEP_REFERENCE_ONLY
2685,KEEP_REFERENCE_ONLY
2686,KEEP_REFERENCE_ONLY
2687,KEEP_REFERENCE_ONLY
2688,KEEP_REFERENCE_ONLY
2689,KEEP_REFERENCE_ONLY
2690,KEEP_REFERENCE_ONLY
2691,KEEP_REFERENCE_ONLY
2692,KEEP_REFERENCE_ONLY
2693,KEEP_REFERENCE_ONLY
2694,KEEP_REFERENCE_ONLY
2695,KEEP_REFERENCE_ONLY
2696,KEEP_REFERENCE_ONLY
2697,KEEP_REFERENCE_ONLY
2698,KEEP_REFERENCE_ONLY
2699,KEEP_REFERENCE_ONLY
2700,KEEP_REFERENCE_ONLY
2701,KEEP_REFERENCE_ONLY
2702,KEEP_REFERENCE_ONLY
2703,KEEP_REFERENCE_ONLY
2704,KEEP_REFERENCE_ONLY
2705,KEEP_REFERENCE_ONLY
2706,KEEP_REFERENCE_ONLY
2707,KEEP_REFERENCE_ONLY
2708,KEEP_REFERENCE_ONLY
2709,KEEP_REFERENCE_ONLY
2710,KEEP_REFERENCE_ONLY
2711,KEEP_REFERENCE_ONLY
2712,KEEP_REFERENCE_ONLY
2713,KEEP_REFERENCE_ONLY
2714,KEEP_REFERENCE_ONLY
2715,KEEP_REFERENCE_ONLY
2716,KEEP_REFERENCE_ONLY
2717,KEEP_REFERENCE_ONLY
2718,KEEP_REFERENCE_ONLY
2719,KEEP_REFERENCE_ONLY
2720,KEEP_REFERENCE_ONLY
2721,KEEP_REFERENCE_ONLY
2722,KEEP_REFERENCE_ONLY
2723,KEEP_REFERENCE_ONLY
2724,KEEP_REFERENCE_ONLY
2725,KEEP_REFERENCE_ONLY
2726,KEEP_REFERENCE_ONLY
2727,KEEP_REFERENCE_ONLY
2728,KEEP_REFERENCE_ONLY
2729,KEEP_REFERENCE_ONLY
2730,KEEP_REFERENCE_ONLY
2731,KEEP_REFERENCE_ONLY
2732,KEEP_REFERENCE_ONLY
2733,KEEP_REFERENCE_ONLY
2734,KEEP
2735,KEEP_REFERENCE_ONLY
2736,KEEP
2737,KEEP
2738,KEEP_REFERENCE_ONLY
2739,KEEP_REFERENCE_ONLY
2740,KEEP
2741,KEEP_REFERENCE_ONLY
2742,KEEP
2743,KEEP
2744,KEEP_REFERENCE_ONLY
2745,KEEP
2746,KEEP
2747,KEEP
2748,KEEP_REFERENCE_ONLY
2749,KEEP
2750,KEEP
2751,KEEP
2752,KEEP_REFERENCE_ONLY
2753,KEEP
2754,KEEP
2755,KEEP_REFERENCE_ONLY
2756,KEEP_REFERENCE_ONLY
2757,KEEP_REFERENCE_ONLY
2758,KEEP
2759,KEEP
2760,KEEP_REFERENCE_ONLY
2761,KEEP_REFERENCE_ONLY
2762,KEEP_REFERENCE_ONLY
2763,KEEP
2764,KEEP
2765,KEEP
2766,KEEP
2767,KEEP
2768,KEEP_REFERENCE_ONLY
2769,KEEP_REFERENCE_ONLY
2770,REVIEW
2771,KEEP_REFERENCE_ONLY
2772,KEEP_REFERENCE_ONLY
2773,KEEP_REFERENCE_ONLY
2774,KEEP_REFERENCE_ONLY
2775,KEEP_REFERENCE_ONLY
2776,KEEP_REFERENCE_ONLY
2777,KEEP
2778,KEEP_REFERENCE_ONLY
2779,KEEP_REFERENCE_ONLY
2780,KEEP_REFERENCE_ONLY
2781,KEEP_REFERENCE_ONLY
2782,KEEP_REFERENCE_ONLY
2783,KEEP_REFERENCE_ONLY
2784,KEEP_REFERENCE_ONLY
2785,KEEP_REFERENCE_ONLY
2786,KEEP
2787,KEEP
2788,KEEP_REFERENCE_ONLY
