identity_key,candidate_state,reason
\m/,ORDINARY_CLEAN,no_new_boundary_cue
\n/,ORDINARY_CLEAN,no_new_boundary_cue
abhaya_mudra,ORDINARY_CLEAN,no_new_boundary_cue
absorbing,ORDINARY_CLEAN,no_new_boundary_cue
accident,ORDINARY_CLEAN,no_new_boundary_cue
accidental_touch,ORDINARY_CLEAN,no_new_boundary_cue
adjusting_another's_clothes,ORDINARY_CLEAN,no_new_boundary_cue
adjusting_another's_eyewear,ORDINARY_CLEAN,no_new_boundary_cue
adjusting_another's_hair,ORDINARY_CLEAN,no_new_boundary_cue
adjusting_apron,ORDINARY_CLEAN,no_new_boundary_cue
adjusting_belt,ORDINARY_CLEAN,no_new_boundary_cue
adjusting_bow,ORDINARY_CLEAN,no_new_boundary_cue
adjusting_bowtie,ORDINARY_CLEAN,no_new_boundary_cue
adjusting_buruma,ORDINARY_CLEAN,no_new_boundary_cue
adjusting_dress,ORDINARY_CLEAN,no_new_boundary_cue
adjusting_earrings,ORDINARY_CLEAN,no_new_boundary_cue
adjusting_eyewear,ORDINARY_CLEAN,no_new_boundary_cue
adjusting_footwear,ORDINARY_CLEAN,no_new_boundary_cue
adjusting_gloves,ORDINARY_CLEAN,no_new_boundary_cue
adjusting_goggles,ORDINARY_CLEAN,no_new_boundary_cue
adjusting_hair,ORDINARY_CLEAN,no_new_boundary_cue
adjusting_hair_ornament,ORDINARY_CLEAN,no_new_boundary_cue
adjusting_headphones,ORDINARY_CLEAN,no_new_boundary_cue
adjusting_headset,ORDINARY_CLEAN,no_new_boundary_cue
adjusting_headwear,ORDINARY_CLEAN,no_new_boundary_cue
adjusting_hood,ORDINARY_CLEAN,no_new_boundary_cue
adjusting_legwear,ORDINARY_CLEAN,no_new_boundary_cue
adjusting_mask,ORDINARY_CLEAN,no_new_boundary_cue
adjusting_neck_ribbon,ORDINARY_CLEAN,no_new_boundary_cue
adjusting_necktie,ORDINARY_CLEAN,no_new_boundary_cue
adjusting_scarf,ORDINARY_CLEAN,no_new_boundary_cue
adjusting_shirt,ORDINARY_CLEAN,no_new_boundary_cue
adjusting_shoe,ORDINARY_CLEAN,no_new_boundary_cue
adjusting_shorts,ORDINARY_CLEAN,no_new_boundary_cue
adjusting_skirt,ORDINARY_CLEAN,no_new_boundary_cue
adjusting_sleeves,ORDINARY_CLEAN,no_new_boundary_cue
adjusting_sock,ORDINARY_CLEAN,no_new_boundary_cue
adjusting_strap,ORDINARY_CLEAN,no_new_boundary_cue
aerial_battle,ORDINARY_CLEAN,no_new_boundary_cue
aerokinesis,ORDINARY_CLEAN,no_new_boundary_cue
affirmation,ORDINARY_CLEAN,no_new_boundary_cue
after_bathing,ORDINARY_CLEAN,no_new_boundary_cue
after_battle,ORDINARY_CLEAN,no_new_boundary_cue
after_exercise,ORDINARY_CLEAN,no_new_boundary_cue
after_meal,ORDINARY_CLEAN,no_new_boundary_cue
ahoge_grab,ORDINARY_CLEAN,no_new_boundary_cue
ai_ai_gasa,ORDINARY_CLEAN,no_new_boundary_cue
air_guitar,ORDINARY_CLEAN,no_new_boundary_cue
air_hockey,ORDINARY_CLEAN,no_new_boundary_cue
airsoft,ORDINARY_CLEAN,no_new_boundary_cue
akira_slide,ORDINARY_CLEAN,no_new_boundary_cue
alchemy,ORDINARY_CLEAN,no_new_boundary_cue
ambush,ORDINARY_CLEAN,no_new_boundary_cue
american_football_(sport),ORDINARY_CLEAN,no_new_boundary_cue
animal_around_neck,ORDINARY_CLEAN,no_new_boundary_cue
animal_in_mouth,ORDINARY_CLEAN,no_new_boundary_cue
animal_on_arm,ORDINARY_CLEAN,no_new_boundary_cue
animal_on_ass,ORDINARY_CLEAN,no_new_boundary_cue
animal_on_back,ORDINARY_CLEAN,no_new_boundary_cue
animal_on_chest,ORDINARY_CLEAN,no_new_boundary_cue
animal_on_face,ORDINARY_CLEAN,no_new_boundary_cue
animal_on_finger,ORDINARY_CLEAN,no_new_boundary_cue
animal_on_hand,ORDINARY_CLEAN,no_new_boundary_cue
animal_on_head,ORDINARY_CLEAN,no_new_boundary_cue
animal_on_lap,ORDINARY_CLEAN,no_new_boundary_cue
animal_on_leg,ORDINARY_CLEAN,no_new_boundary_cue
animal_on_shoulder,ORDINARY_CLEAN,no_new_boundary_cue
animal_on_stomach,ORDINARY_CLEAN,no_new_boundary_cue
animal_on_weapon,ORDINARY_CLEAN,no_new_boundary_cue
apologizing,ORDINARY_CLEAN,no_new_boundary_cue
apple_on_head,ORDINARY_CLEAN,no_new_boundary_cue
arguing,ORDINARY_CLEAN,no_new_boundary_cue
arima_kinen,ORDINARY_CLEAN,no_new_boundary_cue
arm_around_another's_back,ORDINARY_CLEAN,no_new_boundary_cue
arm_around_neck,ORDINARY_CLEAN,no_new_boundary_cue
arm_around_shoulder,ORDINARY_CLEAN,no_new_boundary_cue
arm_on_another's_head,ORDINARY_CLEAN,no_new_boundary_cue
arm_on_another's_shoulder,ORDINARY_CLEAN,no_new_boundary_cue
arm_pillow,ORDINARY_CLEAN,no_new_boundary_cue
arm_wrestling,ORDINARY_CLEAN,no_new_boundary_cue
armband_grab,ORDINARY_CLEAN,no_new_boundary_cue
armbar,ORDINARY_CLEAN,no_new_boundary_cue
armlock,ORDINARY_CLEAN,no_new_boundary_cue
armpit_carry,ORDINARY_CLEAN,no_new_boundary_cue
arms_around_another's_back,ORDINARY_CLEAN,no_new_boundary_cue
arms_around_neck,ORDINARY_CLEAN,no_new_boundary_cue
arms_on_another's_shoulder,ORDINARY_CLEAN,no_new_boundary_cue
arrest,ORDINARY_CLEAN,no_new_boundary_cue
arrow_in_mouth,ORDINARY_CLEAN,no_new_boundary_cue
arrow_through_apple,ORDINARY_CLEAN,no_new_boundary_cue
arson,ORDINARY_CLEAN,no_new_boundary_cue
ass-to-ass,ORDINARY_CLEAN,no_new_boundary_cue
ass_clap,ORDINARY_CLEAN,no_new_boundary_cue
ass_shake,ORDINARY_CLEAN,no_new_boundary_cue
ass_smack,ORDINARY_CLEAN,no_new_boundary_cue
assassination,ORDINARY_CLEAN,no_new_boundary_cue
assembling,ORDINARY_CLEAN,no_new_boundary_cue
assisted_carrying,ORDINARY_CLEAN,no_new_boundary_cue
assisted_stretching,ORDINARY_CLEAN,no_new_boundary_cue
at_gunpoint,ORDINARY_CLEAN,no_new_boundary_cue
at_knifepoint,ORDINARY_CLEAN,no_new_boundary_cue
atmospheric_reentry,ORDINARY_CLEAN,no_new_boundary_cue
attempted_suicide,ORDINARY_CLEAN,no_new_boundary_cue
auction,ORDINARY_CLEAN,no_new_boundary_cue
aura_sphere_(pokemon),ORDINARY_CLEAN,no_new_boundary_cue
autodefenestration,ORDINARY_CLEAN,no_new_boundary_cue
awooo,ORDINARY_CLEAN,no_new_boundary_cue
babydoll_hold,ORDINARY_CLEAN,no_new_boundary_cue
babydoll_lift,ORDINARY_CLEAN,no_new_boundary_cue
babydoll_pull,ORDINARY_CLEAN,no_new_boundary_cue
babydoll_tug,ORDINARY_CLEAN,no_new_boundary_cue
babywearing,ORDINARY_CLEAN,no_new_boundary_cue
backbreaker,ORDINARY_CLEAN,no_new_boundary_cue
backstab,ORDINARY_CLEAN,no_new_boundary_cue
bad_singing,ORDINARY_CLEAN,no_new_boundary_cue
badminton,ORDINARY_CLEAN,no_new_boundary_cue
baking,ORDINARY_CLEAN,no_new_boundary_cue
bakunetsu_god_finger,ORDINARY_CLEAN,no_new_boundary_cue
balancing_on_finger,ORDINARY_CLEAN,no_new_boundary_cue
balancing_on_head,ORDINARY_CLEAN,no_new_boundary_cue
ballet,ORDINARY_CLEAN,no_new_boundary_cue
ballroom_dancing,ORDINARY_CLEAN,no_new_boundary_cue
banana_in_mouth,ORDINARY_CLEAN,no_new_boundary_cue
bandage_in_mouth,ORDINARY_CLEAN,no_new_boundary_cue
bang_(gesture),ORDINARY_CLEAN,no_new_boundary_cue
banging,ORDINARY_CLEAN,no_new_boundary_cue
banquet,ORDINARY_CLEAN,no_new_boundary_cue
barking,ORDINARY_CLEAN,no_new_boundary_cue
baseball_(sport),ORDINARY_CLEAN,no_new_boundary_cue
basketball_(sport),ORDINARY_CLEAN,no_new_boundary_cue
bathing,ORDINARY_CLEAN,no_new_boundary_cue
battle,ORDINARY_CLEAN,no_new_boundary_cue
beach_volleyball,ORDINARY_CLEAN,no_new_boundary_cue
beak_hold,ORDINARY_CLEAN,no_new_boundary_cue
bearhug,ORDINARY_CLEAN,no_new_boundary_cue
beckoning,ORDINARY_CLEAN,no_new_boundary_cue
bedtime_story,ORDINARY_CLEAN,no_new_boundary_cue
begging,ORDINARY_CLEAN,no_new_boundary_cue
being_late,ORDINARY_CLEAN,no_new_boundary_cue
bell_ringing,ORDINARY_CLEAN,no_new_boundary_cue
belly-to-belly,ORDINARY_CLEAN,no_new_boundary_cue
belly_press,ORDINARY_CLEAN,no_new_boundary_cue
belly_riding,ORDINARY_CLEAN,no_new_boundary_cue
betrayal,ORDINARY_CLEAN,no_new_boundary_cue
billiards,ORDINARY_CLEAN,no_new_boundary_cue
bird_on_arm,ORDINARY_CLEAN,no_new_boundary_cue
bird_on_hand,ORDINARY_CLEAN,no_new_boundary_cue
bird_on_head,ORDINARY_CLEAN,no_new_boundary_cue
bird_on_lap,ORDINARY_CLEAN,no_new_boundary_cue
bird_on_leg,ORDINARY_CLEAN,no_new_boundary_cue
bird_on_shoulder,ORDINARY_CLEAN,no_new_boundary_cue
birthday_party,ORDINARY_CLEAN,no_new_boundary_cue
biting,ORDINARY_CLEAN,no_new_boundary_cue
biting_another's_arm,ORDINARY_CLEAN,no_new_boundary_cue
biting_another's_clothes,ORDINARY_CLEAN,no_new_boundary_cue
biting_another's_hand,ORDINARY_CLEAN,no_new_boundary_cue
biting_another's_lip,ORDINARY_CLEAN,no_new_boundary_cue
biting_cheek,ORDINARY_CLEAN,no_new_boundary_cue
biting_clothes,ORDINARY_CLEAN,no_new_boundary_cue
biting_hair,ORDINARY_CLEAN,no_new_boundary_cue
biting_head,ORDINARY_CLEAN,no_new_boundary_cue
biting_neck,ORDINARY_CLEAN,no_new_boundary_cue
biting_own_hand,ORDINARY_CLEAN,no_new_boundary_cue
biting_own_lip,ORDINARY_CLEAN,no_new_boundary_cue
biting_own_thumb,ORDINARY_CLEAN,no_new_boundary_cue
biting_shoulder,ORDINARY_CLEAN,no_new_boundary_cue
bitten,ORDINARY_CLEAN,no_new_boundary_cue
blackmail,ORDINARY_CLEAN,no_new_boundary_cue
blade_catching,ORDINARY_CLEAN,no_new_boundary_cue
blade_to_throat,ORDINARY_CLEAN,no_new_boundary_cue
blocking,ORDINARY_CLEAN,no_new_boundary_cue
blowing,ORDINARY_CLEAN,no_new_boundary_cue
blowing_bubble_gum,ORDINARY_CLEAN,no_new_boundary_cue
blowing_bubbles,ORDINARY_CLEAN,no_new_boundary_cue
blowing_candle,ORDINARY_CLEAN,no_new_boundary_cue
blowing_in_ear,ORDINARY_CLEAN,no_new_boundary_cue
blowing_nose,ORDINARY_CLEAN,no_new_boundary_cue
blowing_on_food,ORDINARY_CLEAN,no_new_boundary_cue
blowing_whistle,ORDINARY_CLEAN,no_new_boundary_cue
blown_away,ORDINARY_CLEAN,no_new_boundary_cue
body_control,ORDINARY_CLEAN,no_new_boundary_cue
body_soaping,ORDINARY_CLEAN,no_new_boundary_cue
boiling,ORDINARY_CLEAN,no_new_boundary_cue
bone_in_mouth,ORDINARY_CLEAN,no_new_boundary_cue
bonk,ORDINARY_CLEAN,no_new_boundary_cue
book_on_head,ORDINARY_CLEAN,no_new_boundary_cue
book_on_lap,ORDINARY_CLEAN,no_new_boundary_cue
book_to_mouth,ORDINARY_CLEAN,no_new_boundary_cue
borrowing_race,ORDINARY_CLEAN,no_new_boundary_cue
boston_crab,ORDINARY_CLEAN,no_new_boundary_cue
bottle_between_thighs,ORDINARY_CLEAN,no_new_boundary_cue
bottle_to_cheek,ORDINARY_CLEAN,no_new_boundary_cue
bouquet_toss,ORDINARY_CLEAN,no_new_boundary_cue
boy_and_girl_sandwich,ORDINARY_CLEAN,no_new_boundary_cue
boy_sandwich,ORDINARY_CLEAN,no_new_boundary_cue
braiding_another's_hair,ORDINARY_CLEAN,no_new_boundary_cue
braiding_hair,ORDINARY_CLEAN,no_new_boundary_cue
braiding_own_hair,ORDINARY_CLEAN,no_new_boundary_cue
brain_injection,ORDINARY_CLEAN,no_new_boundary_cue
bras_d'honneur,ORDINARY_CLEAN,no_new_boundary_cue
bread_eating_race,ORDINARY_CLEAN,no_new_boundary_cue
breaking,ORDINARY_CLEAN,no_new_boundary_cue
breaking_through_wall,ORDINARY_CLEAN,no_new_boundary_cue
breaking_through_window,ORDINARY_CLEAN,no_new_boundary_cue
breath_weapon,ORDINARY_CLEAN,no_new_boundary_cue
breathing_fire,ORDINARY_CLEAN,no_new_boundary_cue
breathing_ice,ORDINARY_CLEAN,no_new_boundary_cue
breathing_on_hands,ORDINARY_CLEAN,no_new_boundary_cue
bribery,ORDINARY_CLEAN,no_new_boundary_cue
broken_hypnosis,ORDINARY_CLEAN,no_new_boundary_cue
broom_guitar,ORDINARY_CLEAN,no_new_boundary_cue
brushing,ORDINARY_CLEAN,no_new_boundary_cue
brushing_another's_hair,ORDINARY_CLEAN,no_new_boundary_cue
brushing_hair,ORDINARY_CLEAN,no_new_boundary_cue
brushing_own_hair,ORDINARY_CLEAN,no_new_boundary_cue
brushing_tail,ORDINARY_CLEAN,no_new_boundary_cue
brushing_teeth,ORDINARY_CLEAN,no_new_boundary_cue
bubble_tea_challenge,ORDINARY_CLEAN,no_new_boundary_cue
bucket_on_head,ORDINARY_CLEAN,no_new_boundary_cue
bucket_spill,ORDINARY_CLEAN,no_new_boundary_cue
bug_hunting,ORDINARY_CLEAN,no_new_boundary_cue
bugles_on_fingers,ORDINARY_CLEAN,no_new_boundary_cue
building_sand_sculpture,ORDINARY_CLEAN,no_new_boundary_cue
building_snowman,ORDINARY_CLEAN,no_new_boundary_cue
bulge_lift,ORDINARY_CLEAN,no_new_boundary_cue
bulge_press,ORDINARY_CLEAN,no_new_boundary_cue
bullet_in_mouth,ORDINARY_CLEAN,no_new_boundary_cue
bumping,ORDINARY_CLEAN,no_new_boundary_cue
bunching_hair,ORDINARY_CLEAN,no_new_boundary_cue
bunny_ears_prank,ORDINARY_CLEAN,no_new_boundary_cue
buried,ORDINARY_CLEAN,no_new_boundary_cue
buried_in_sculpted_sand,ORDINARY_CLEAN,no_new_boundary_cue
burning_at_the_stake,ORDINARY_CLEAN,no_new_boundary_cue
burp,ORDINARY_CLEAN,no_new_boundary_cue
bursting,ORDINARY_CLEAN,no_new_boundary_cue
burying,ORDINARY_CLEAN,no_new_boundary_cue
butt_bump,ORDINARY_CLEAN,no_new_boundary_cue
butt_crush,ORDINARY_CLEAN,no_new_boundary_cue
butterfly_in_eye,ORDINARY_CLEAN,no_new_boundary_cue
butterfly_on_face,ORDINARY_CLEAN,no_new_boundary_cue
butterfly_on_hair,ORDINARY_CLEAN,no_new_boundary_cue
butterfly_on_hand,ORDINARY_CLEAN,no_new_boundary_cue
butterfly_on_head,ORDINARY_CLEAN,no_new_boundary_cue
butterfly_on_mouth,ORDINARY_CLEAN,no_new_boundary_cue
butterfly_on_nose,ORDINARY_CLEAN,no_new_boundary_cue
butterfly_on_shoulder,ORDINARY_CLEAN,no_new_boundary_cue
butterfly_over_eye,ORDINARY_CLEAN,no_new_boundary_cue
buttoning,ORDINARY_CLEAN,no_new_boundary_cue
cake_on_head,ORDINARY_CLEAN,no_new_boundary_cue
calling,ORDINARY_CLEAN,no_new_boundary_cue
can_to_cheek,ORDINARY_CLEAN,no_new_boundary_cue
candle_on_head,ORDINARY_CLEAN,no_new_boundary_cue
candle_on_headwear,ORDINARY_CLEAN,no_new_boundary_cue
cannibalism,ORDINARY_CLEAN,no_new_boundary_cue
captured,ORDINARY_CLEAN,no_new_boundary_cue
car_crash,ORDINARY_CLEAN,no_new_boundary_cue
card_between_fingers,ORDINARY_CLEAN,no_new_boundary_cue
card_in_hat,ORDINARY_CLEAN,no_new_boundary_cue
card_in_mouth,ORDINARY_CLEAN,no_new_boundary_cue
caress,ORDINARY_CLEAN,no_new_boundary_cue
caressing_cheek,ORDINARY_CLEAN,no_new_boundary_cue
carrot_in_pocket,ORDINARY_CLEAN,no_new_boundary_cue
carrot_on_stick,ORDINARY_CLEAN,no_new_boundary_cue
carry_me,ORDINARY_CLEAN,no_new_boundary_cue
carrying,ORDINARY_CLEAN,no_new_boundary_cue
carrying_baby,ORDINARY_CLEAN,no_new_boundary_cue
carrying_multiple_people,ORDINARY_CLEAN,no_new_boundary_cue
carrying_over_shoulder,ORDINARY_CLEAN,no_new_boundary_cue
carrying_overhead,ORDINARY_CLEAN,no_new_boundary_cue
carrying_person,ORDINARY_CLEAN,no_new_boundary_cue
carrying_under_arm,ORDINARY_CLEAN,no_new_boundary_cue
casing_ejection,ORDINARY_CLEAN,no_new_boundary_cue
casting_spell,ORDINARY_CLEAN,no_new_boundary_cue
cat_on_chest,ORDINARY_CLEAN,no_new_boundary_cue
cat_on_head,ORDINARY_CLEAN,no_new_boundary_cue
cat_on_keyboard,ORDINARY_CLEAN,no_new_boundary_cue
cat_on_lap,ORDINARY_CLEAN,no_new_boundary_cue
cat_on_person,ORDINARY_CLEAN,no_new_boundary_cue
cat_on_shoulder,ORDINARY_CLEAN,no_new_boundary_cue
catching,ORDINARY_CLEAN,no_new_boundary_cue
catfight,ORDINARY_CLEAN,no_new_boundary_cue
celebration,ORDINARY_CLEAN,no_new_boundary_cue
chained,ORDINARY_CLEAN,no_new_boundary_cue
character_transformation,ORDINARY_CLEAN,no_new_boundary_cue
chasing,ORDINARY_CLEAN,no_new_boundary_cue
cheating_(competitive),ORDINARY_CLEAN,no_new_boundary_cue
checking_pulse,ORDINARY_CLEAN,no_new_boundary_cue
checkout_(shopping),ORDINARY_CLEAN,no_new_boundary_cue
cheek-to-cheek,ORDINARY_CLEAN,no_new_boundary_cue
cheek_on_glass,ORDINARY_CLEAN,no_new_boundary_cue
cheek_pinching,ORDINARY_CLEAN,no_new_boundary_cue
cheek_poking,ORDINARY_CLEAN,no_new_boundary_cue
cheek_press,ORDINARY_CLEAN,no_new_boundary_cue
cheek_pull,ORDINARY_CLEAN,no_new_boundary_cue
cheek_squash,ORDINARY_CLEAN,no_new_boundary_cue
cheering,ORDINARY_CLEAN,no_new_boundary_cue
cherry_stem_knot,ORDINARY_CLEAN,no_new_boundary_cue
chest_on_pillow,ORDINARY_CLEAN,no_new_boundary_cue
chewing,ORDINARY_CLEAN,no_new_boundary_cue
chibi_on_head,ORDINARY_CLEAN,no_new_boundary_cue
chibi_on_shoulder,ORDINARY_CLEAN,no_new_boundary_cue
chidori_(naruto),ORDINARY_CLEAN,no_new_boundary_cue
child_carry,ORDINARY_CLEAN,no_new_boundary_cue
chin_rub,ORDINARY_CLEAN,no_new_boundary_cue
chisato_carrying_takina_(lycoris_recoil),ORDINARY_CLEAN,no_new_boundary_cue
chocolate_on_ass,ORDINARY_CLEAN,no_new_boundary_cue
chocolate_on_clothes,ORDINARY_CLEAN,no_new_boundary_cue
chocolate_on_face,ORDINARY_CLEAN,no_new_boundary_cue
chocolate_on_foot,ORDINARY_CLEAN,no_new_boundary_cue
chocolate_on_hand,ORDINARY_CLEAN,no_new_boundary_cue
chocolate_on_legs,ORDINARY_CLEAN,no_new_boundary_cue
chocolate_on_pectorals,ORDINARY_CLEAN,no_new_boundary_cue
choker_pull,ORDINARY_CLEAN,no_new_boundary_cue
chopsticks_in_mouth,ORDINARY_CLEAN,no_new_boundary_cue
choso_giving_toudou_a_haircut_(meme),ORDINARY_CLEAN,no_new_boundary_cue
chugging,ORDINARY_CLEAN,no_new_boundary_cue
cicada_block_(meme),ORDINARY_CLEAN,no_new_boundary_cue
clapping,ORDINARY_CLEAN,no_new_boundary_cue
clash,ORDINARY_CLEAN,no_new_boundary_cue
climbing,ORDINARY_CLEAN,no_new_boundary_cue
climbing_ladder,ORDINARY_CLEAN,no_new_boundary_cue
climbing_set_(zelda),ORDINARY_CLEAN,no_new_boundary_cue
climbing_tree,ORDINARY_CLEAN,no_new_boundary_cue
climbing_wall,ORDINARY_CLEAN,no_new_boundary_cue
clinging,ORDINARY_CLEAN,no_new_boundary_cue
clipping_another's_nails,ORDINARY_CLEAN,no_new_boundary_cue
clipping_fingernails,ORDINARY_CLEAN,no_new_boundary_cue
clipping_toenails,ORDINARY_CLEAN,no_new_boundary_cue
close-quarters_combat,ORDINARY_CLEAN,no_new_boundary_cue
clothes_blanket,ORDINARY_CLEAN,no_new_boundary_cue
clothes_in_mouth,ORDINARY_CLEAN,no_new_boundary_cue
clothes_theft,ORDINARY_CLEAN,no_new_boundary_cue
clutching_chest,ORDINARY_CLEAN,no_new_boundary_cue
clutching_clothes,ORDINARY_CLEAN,no_new_boundary_cue
clutching_head,ORDINARY_CLEAN,no_new_boundary_cue
coat_grab,ORDINARY_CLEAN,no_new_boundary_cue
coat_hold,ORDINARY_CLEAN,no_new_boundary_cue
coin_flip,ORDINARY_CLEAN,no_new_boundary_cue
collateral_damage,ORDINARY_CLEAN,no_new_boundary_cue
collision,ORDINARY_CLEAN,no_new_boundary_cue
come_hither,ORDINARY_CLEAN,no_new_boundary_cue
comforting,ORDINARY_CLEAN,no_new_boundary_cue
competition,ORDINARY_CLEAN,no_new_boundary_cue
confession,ORDINARY_CLEAN,no_new_boundary_cue
confrontation,ORDINARY_CLEAN,no_new_boundary_cue
constriction,ORDINARY_CLEAN,no_new_boundary_cue
construction,ORDINARY_CLEAN,no_new_boundary_cue
convention_greeting,ORDINARY_CLEAN,no_new_boundary_cue
cooking,ORDINARY_CLEAN,no_new_boundary_cue
cooking_together,ORDINARY_CLEAN,no_new_boundary_cue
cord_pull,ORDINARY_CLEAN,no_new_boundary_cue
coronation,ORDINARY_CLEAN,no_new_boundary_cue
counting,ORDINARY_CLEAN,no_new_boundary_cue
counting_sheep,ORDINARY_CLEAN,no_new_boundary_cue
country_connection,ORDINARY_CLEAN,no_new_boundary_cue
cover_them_up_slut_(meme),ORDINARY_CLEAN,no_new_boundary_cue
cpr,ORDINARY_CLEAN,no_new_boundary_cue
crab_on_head,ORDINARY_CLEAN,no_new_boundary_cue
crab_on_shoulder,ORDINARY_CLEAN,no_new_boundary_cue
cracking_egg,ORDINARY_CLEAN,no_new_boundary_cue
cracking_ground,ORDINARY_CLEAN,no_new_boundary_cue
cracking_knuckles,ORDINARY_CLEAN,no_new_boundary_cue
cradling,ORDINARY_CLEAN,no_new_boundary_cue
cradling_head,ORDINARY_CLEAN,no_new_boundary_cue
cradling_phone,ORDINARY_CLEAN,no_new_boundary_cue
crafting,ORDINARY_CLEAN,no_new_boundary_cue
crash,ORDINARY_CLEAN,no_new_boundary_cue
cream_on_body,ORDINARY_CLEAN,no_new_boundary_cue
cream_on_face,ORDINARY_CLEAN,no_new_boundary_cue
cream_on_hands,ORDINARY_CLEAN,no_new_boundary_cue
creator_and_creation,ORDINARY_CLEAN,no_new_boundary_cue
creator_connection,ORDINARY_CLEAN,no_new_boundary_cue
creature_on_arm,ORDINARY_CLEAN,no_new_boundary_cue
creature_on_hand,ORDINARY_CLEAN,no_new_boundary_cue
creature_on_head,ORDINARY_CLEAN,no_new_boundary_cue
creature_on_lap,ORDINARY_CLEAN,no_new_boundary_cue
creature_on_shoulder,ORDINARY_CLEAN,no_new_boundary_cue
crime_prevention_buzzer_threat,ORDINARY_CLEAN,no_new_boundary_cue
crosscounter,ORDINARY_CLEAN,no_new_boundary_cue
crucifixion,ORDINARY_CLEAN,no_new_boundary_cue
crushing,ORDINARY_CLEAN,no_new_boundary_cue
crushing_food,ORDINARY_CLEAN,no_new_boundary_cue
cryokinesis,ORDINARY_CLEAN,no_new_boundary_cue
cupping_ears,ORDINARY_CLEAN,no_new_boundary_cue
cupping_glass,ORDINARY_CLEAN,no_new_boundary_cue
cupping_hand,ORDINARY_CLEAN,no_new_boundary_cue
cupping_hands,ORDINARY_CLEAN,no_new_boundary_cue
curtain_grab,ORDINARY_CLEAN,no_new_boundary_cue
cutting,ORDINARY_CLEAN,no_new_boundary_cue
cutting_another's_hair,ORDINARY_CLEAN,no_new_boundary_cue
cutting_clothes,ORDINARY_CLEAN,no_new_boundary_cue
cutting_hair,ORDINARY_CLEAN,no_new_boundary_cue
cutting_onions,ORDINARY_CLEAN,no_new_boundary_cue
cutting_own_hair,ORDINARY_CLEAN,no_new_boundary_cue
decorating,ORDINARY_CLEAN,no_new_boundary_cue
decorating_baked_goods,ORDINARY_CLEAN,no_new_boundary_cue
decorating_christmas_tree,ORDINARY_CLEAN,no_new_boundary_cue
defeat,ORDINARY_CLEAN,no_new_boundary_cue
defecating_self,ORDINARY_CLEAN,no_new_boundary_cue
defenestration,ORDINARY_CLEAN,no_new_boundary_cue
deflect,ORDINARY_CLEAN,no_new_boundary_cue
delivery,ORDINARY_CLEAN,no_new_boundary_cue
desk_slam,ORDINARY_CLEAN,no_new_boundary_cue
destruction,ORDINARY_CLEAN,no_new_boundary_cue
diaper_changing,ORDINARY_CLEAN,no_new_boundary_cue
digging,ORDINARY_CLEAN,no_new_boundary_cue
digging_your_own_grave,ORDINARY_CLEAN,no_new_boundary_cue
digimon_on_head,ORDINARY_CLEAN,no_new_boundary_cue
disassembly,ORDINARY_CLEAN,no_new_boundary_cue
dishwashing,ORDINARY_CLEAN,no_new_boundary_cue
dive,ORDINARY_CLEAN,no_new_boundary_cue
diving,ORDINARY_CLEAN,no_new_boundary_cue
diving_block,ORDINARY_CLEAN,no_new_boundary_cue
diving_board,ORDINARY_CLEAN,no_new_boundary_cue
diving_regulator,ORDINARY_CLEAN,no_new_boundary_cue
dodgeball_(sport),ORDINARY_CLEAN,no_new_boundary_cue
dog_on_head,ORDINARY_CLEAN,no_new_boundary_cue
dog_on_lap,ORDINARY_CLEAN,no_new_boundary_cue
dog_shadow_puppet,ORDINARY_CLEAN,no_new_boundary_cue
dogfight,ORDINARY_CLEAN,no_new_boundary_cue
dogpile,ORDINARY_CLEAN,no_new_boundary_cue
doll_on_head,ORDINARY_CLEAN,no_new_boundary_cue
doll_on_shoulder,ORDINARY_CLEAN,no_new_boundary_cue
domestic_violence,ORDINARY_CLEAN,no_new_boundary_cue
double_facepalm,ORDINARY_CLEAN,no_new_boundary_cue
double_finger_gun,ORDINARY_CLEAN,no_new_boundary_cue
double_finger_heart,ORDINARY_CLEAN,no_new_boundary_cue
double_fox_shadow_puppet,ORDINARY_CLEAN,no_new_boundary_cue
double_middle_finger,ORDINARY_CLEAN,no_new_boundary_cue
double_ok_sign,ORDINARY_CLEAN,no_new_boundary_cue
double_shaka_sign,ORDINARY_CLEAN,no_new_boundary_cue
double_thumbs_down,ORDINARY_CLEAN,no_new_boundary_cue
double_thumbs_up,ORDINARY_CLEAN,no_new_boundary_cue
dragon_dance,ORDINARY_CLEAN,no_new_boundary_cue
dragon_fist_(dragon_ball),ORDINARY_CLEAN,no_new_boundary_cue
dragon_on_head,ORDINARY_CLEAN,no_new_boundary_cue
dragon_on_shoulder,ORDINARY_CLEAN,no_new_boundary_cue
drawing_(action),ORDINARY_CLEAN,no_new_boundary_cue
drawing_gun,ORDINARY_CLEAN,no_new_boundary_cue
drawing_on_air,ORDINARY_CLEAN,no_new_boundary_cue
drawing_on_another,ORDINARY_CLEAN,no_new_boundary_cue
drawing_on_another's_face,ORDINARY_CLEAN,no_new_boundary_cue
drawing_on_dirt,ORDINARY_CLEAN,no_new_boundary_cue
drawing_on_fourth_wall,ORDINARY_CLEAN,no_new_boundary_cue
drawing_on_own_face,ORDINARY_CLEAN,no_new_boundary_cue
drawing_on_sand,ORDINARY_CLEAN,no_new_boundary_cue
drawing_on_self,ORDINARY_CLEAN,no_new_boundary_cue
drawing_on_snow,ORDINARY_CLEAN,no_new_boundary_cue
drawing_sword,ORDINARY_CLEAN,no_new_boundary_cue
dribbling_(basketball),ORDINARY_CLEAN,no_new_boundary_cue
drinking,ORDINARY_CLEAN,no_new_boundary_cue
drinking_straw_in_mouth,ORDINARY_CLEAN,no_new_boundary_cue
drive-by,ORDINARY_CLEAN,no_new_boundary_cue
driving,ORDINARY_CLEAN,no_new_boundary_cue
dropped_food,ORDINARY_CLEAN,no_new_boundary_cue
dropped_object,ORDINARY_CLEAN,no_new_boundary_cue
drowning,ORDINARY_CLEAN,no_new_boundary_cue
drying,ORDINARY_CLEAN,no_new_boundary_cue
drying_another's_hair,ORDINARY_CLEAN,no_new_boundary_cue
drying_hair,ORDINARY_CLEAN,no_new_boundary_cue
drying_own_hair,ORDINARY_CLEAN,no_new_boundary_cue
dual_wielding,ORDINARY_CLEAN,no_new_boundary_cue
duck_on_head,ORDINARY_CLEAN,no_new_boundary_cue
duel,ORDINARY_CLEAN,no_new_boundary_cue
duel_(yu-gi-oh!),ORDINARY_CLEAN,no_new_boundary_cue
duet,ORDINARY_CLEAN,no_new_boundary_cue
dusting,ORDINARY_CLEAN,no_new_boundary_cue
ear_cleaning,ORDINARY_CLEAN,no_new_boundary_cue
ear_picking,ORDINARY_CLEAN,no_new_boundary_cue
eat_me,ORDINARY_CLEAN,no_new_boundary_cue
eating,ORDINARY_CLEAN,no_new_boundary_cue
eating_contest,ORDINARY_CLEAN,no_new_boundary_cue
eating_hair,ORDINARY_CLEAN,no_new_boundary_cue
eating_non-food,ORDINARY_CLEAN,no_new_boundary_cue
eavesdropping,ORDINARY_CLEAN,no_new_boundary_cue
egg_laying,ORDINARY_CLEAN,no_new_boundary_cue
egosearching,ORDINARY_CLEAN,no_new_boundary_cue
elbow_carry,ORDINARY_CLEAN,no_new_boundary_cue
elbow_drop,ORDINARY_CLEAN,no_new_boundary_cue
elbow_on_another's_shoulder,ORDINARY_CLEAN,no_new_boundary_cue
elbow_on_arm,ORDINARY_CLEAN,no_new_boundary_cue
elbow_on_knee,ORDINARY_CLEAN,no_new_boundary_cue
elbow_on_leg,ORDINARY_CLEAN,no_new_boundary_cue
elbow_on_table,ORDINARY_CLEAN,no_new_boundary_cue
elbow_on_thigh,ORDINARY_CLEAN,no_new_boundary_cue
elbowing,ORDINARY_CLEAN,no_new_boundary_cue
elbows_on_knees,ORDINARY_CLEAN,no_new_boundary_cue
elbows_on_table,ORDINARY_CLEAN,no_new_boundary_cue
electrocution,ORDINARY_CLEAN,no_new_boundary_cue
electrokinesis,ORDINARY_CLEAN,no_new_boundary_cue
element_bending,ORDINARY_CLEAN,no_new_boundary_cue
encasement,ORDINARY_CLEAN,no_new_boundary_cue
entangled,ORDINARY_CLEAN,no_new_boundary_cue
entrance_ceremony,ORDINARY_CLEAN,no_new_boundary_cue
esports,ORDINARY_CLEAN,no_new_boundary_cue
exercising,ORDINARY_CLEAN,no_new_boundary_cue
exhaling_smoke,ORDINARY_CLEAN,no_new_boundary_cue
eye_in_mouth,ORDINARY_CLEAN,no_new_boundary_cue
eye_poke,ORDINARY_CLEAN,no_new_boundary_cue
eyelid_pull,ORDINARY_CLEAN,no_new_boundary_cue
eyewear_in_mouth,ORDINARY_CLEAN,no_new_boundary_cue
eyewear_switch,ORDINARY_CLEAN,no_new_boundary_cue
face_hold,ORDINARY_CLEAN,no_new_boundary_cue
face_in_ass,ORDINARY_CLEAN,no_new_boundary_cue
face_in_hands,ORDINARY_CLEAN,no_new_boundary_cue
face_in_pillow,ORDINARY_CLEAN,no_new_boundary_cue
face_in_shadow,ORDINARY_CLEAN,no_new_boundary_cue
face_on_another's_chest,ORDINARY_CLEAN,no_new_boundary_cue
face_squeeze,ORDINARY_CLEAN,no_new_boundary_cue
face_stretching,ORDINARY_CLEAN,no_new_boundary_cue
faceoff,ORDINARY_CLEAN,no_new_boundary_cue
facepalm,ORDINARY_CLEAN,no_new_boundary_cue
faceplant,ORDINARY_CLEAN,no_new_boundary_cue
family_bonding,ORDINARY_CLEAN,no_new_boundary_cue
fan_meeting,ORDINARY_CLEAN,no_new_boundary_cue
fan_speaking,ORDINARY_CLEAN,no_new_boundary_cue
fanning,ORDINARY_CLEAN,no_new_boundary_cue
fantasy_racism,ORDINARY_CLEAN,no_new_boundary_cue
father-son_kamehameha,ORDINARY_CLEAN,no_new_boundary_cue
fed_by_viewer,ORDINARY_CLEAN,no_new_boundary_cue
feeding,ORDINARY_CLEAN,no_new_boundary_cue
feeding_animal,ORDINARY_CLEAN,no_new_boundary_cue
feeding_viewer,ORDINARY_CLEAN,no_new_boundary_cue
feet_in_food,ORDINARY_CLEAN,no_new_boundary_cue
feet_on_chair,ORDINARY_CLEAN,no_new_boundary_cue
feet_on_table,ORDINARY_CLEAN,no_new_boundary_cue
fencing,ORDINARY_CLEAN,no_new_boundary_cue
fencing_suit,ORDINARY_CLEAN,no_new_boundary_cue
fetch,ORDINARY_CLEAN,no_new_boundary_cue
final_smash,ORDINARY_CLEAN,no_new_boundary_cue
finger_cannon,ORDINARY_CLEAN,no_new_boundary_cue
finger_claws,ORDINARY_CLEAN,no_new_boundary_cue
finger_counting,ORDINARY_CLEAN,no_new_boundary_cue
finger_counting_duo,ORDINARY_CLEAN,no_new_boundary_cue
finger_frame,ORDINARY_CLEAN,no_new_boundary_cue
finger_frame_duo,ORDINARY_CLEAN,no_new_boundary_cue
finger_frame_over_eye,ORDINARY_CLEAN,no_new_boundary_cue
finger_gun,ORDINARY_CLEAN,no_new_boundary_cue
finger_heart,ORDINARY_CLEAN,no_new_boundary_cue
finger_in_glove,ORDINARY_CLEAN,no_new_boundary_cue
finger_in_navel,ORDINARY_CLEAN,no_new_boundary_cue
finger_in_own_ear,ORDINARY_CLEAN,no_new_boundary_cue
finger_in_own_mouth,ORDINARY_CLEAN,no_new_boundary_cue
finger_on_eyewear,ORDINARY_CLEAN,no_new_boundary_cue
finger_on_forehead,ORDINARY_CLEAN,no_new_boundary_cue
finger_on_trigger,ORDINARY_CLEAN,no_new_boundary_cue
finger_painting,ORDINARY_CLEAN,no_new_boundary_cue
finger_pointer,ORDINARY_CLEAN,no_new_boundary_cue
finger_to_another's_cheek,ORDINARY_CLEAN,no_new_boundary_cue
finger_to_another's_mouth,ORDINARY_CLEAN,no_new_boundary_cue
finger_to_another's_nose,ORDINARY_CLEAN,no_new_boundary_cue
finger_to_cheek,ORDINARY_CLEAN,no_new_boundary_cue
finger_to_eye,ORDINARY_CLEAN,no_new_boundary_cue
finger_to_eyewear,ORDINARY_CLEAN,no_new_boundary_cue
finger_to_face,ORDINARY_CLEAN,no_new_boundary_cue
finger_to_mouth,ORDINARY_CLEAN,no_new_boundary_cue
finger_to_own_chin,ORDINARY_CLEAN,no_new_boundary_cue
finger_to_own_nose,ORDINARY_CLEAN,no_new_boundary_cue
finger_twirl,ORDINARY_CLEAN,no_new_boundary_cue
finger_wagging,ORDINARY_CLEAN,no_new_boundary_cue
finger_wrap,ORDINARY_CLEAN,no_new_boundary_cue
finger_writing,ORDINARY_CLEAN,no_new_boundary_cue
fingers_between_toes,ORDINARY_CLEAN,no_new_boundary_cue
fingers_on_another's_face,ORDINARY_CLEAN,no_new_boundary_cue
fingers_to_cheek,ORDINARY_CLEAN,no_new_boundary_cue
fingers_to_cheeks,ORDINARY_CLEAN,no_new_boundary_cue
fingers_to_mouth,ORDINARY_CLEAN,no_new_boundary_cue
finishing_move,ORDINARY_CLEAN,no_new_boundary_cue
fireman's_carry,ORDINARY_CLEAN,no_new_boundary_cue
firing,ORDINARY_CLEAN,no_new_boundary_cue
firing_at_viewer,ORDINARY_CLEAN,no_new_boundary_cue
first_aid,ORDINARY_CLEAN,no_new_boundary_cue
fish_in_mouth,ORDINARY_CLEAN,no_new_boundary_cue
fish_on_head,ORDINARY_CLEAN,no_new_boundary_cue
fishing,ORDINARY_CLEAN,no_new_boundary_cue
fist_bump,ORDINARY_CLEAN,no_new_boundary_cue
fist_bumping_viewer,ORDINARY_CLEAN,no_new_boundary_cue
fist_in_hand,ORDINARY_CLEAN,no_new_boundary_cue
fist_pump,ORDINARY_CLEAN,no_new_boundary_cue
fist_shaking,ORDINARY_CLEAN,no_new_boundary_cue
flamenco,ORDINARY_CLEAN,no_new_boundary_cue
flick,ORDINARY_CLEAN,no_new_boundary_cue
flipping_food,ORDINARY_CLEAN,no_new_boundary_cue
flirting,ORDINARY_CLEAN,no_new_boundary_cue
flirting_10_image_response,ORDINARY_CLEAN,no_new_boundary_cue
florakinesis,ORDINARY_CLEAN,no_new_boundary_cue
folding,ORDINARY_CLEAN,no_new_boundary_cue
following,ORDINARY_CLEAN,no_new_boundary_cue
food_bite,ORDINARY_CLEAN,no_new_boundary_cue
food_theft,ORDINARY_CLEAN,no_new_boundary_cue
foot_against_wall,ORDINARY_CLEAN,no_new_boundary_cue
foot_kabedon,ORDINARY_CLEAN,no_new_boundary_cue
foot_on_another's_ass,ORDINARY_CLEAN,no_new_boundary_cue
foot_on_another's_back,ORDINARY_CLEAN,no_new_boundary_cue
foot_on_another's_chest,ORDINARY_CLEAN,no_new_boundary_cue
foot_on_another's_face,ORDINARY_CLEAN,no_new_boundary_cue
foot_on_table,ORDINARY_CLEAN,no_new_boundary_cue
foot_on_weapon,ORDINARY_CLEAN,no_new_boundary_cue
footsies,ORDINARY_CLEAN,no_new_boundary_cue
force-feeding,ORDINARY_CLEAN,no_new_boundary_cue
forced_dressing,ORDINARY_CLEAN,no_new_boundary_cue
forced_to_watch,ORDINARY_CLEAN,no_new_boundary_cue
forehead-to-forehead,ORDINARY_CLEAN,no_new_boundary_cue
forehead_flick,ORDINARY_CLEAN,no_new_boundary_cue
fox_mousing,ORDINARY_CLEAN,no_new_boundary_cue
fox_shadow_puppet,ORDINARY_CLEAN,no_new_boundary_cue
free_hugs,ORDINARY_CLEAN,no_new_boundary_cue
freediving,ORDINARY_CLEAN,no_new_boundary_cue
furoshiki_around_neck,ORDINARY_CLEAN,no_new_boundary_cue
fusion_dance,ORDINARY_CLEAN,no_new_boundary_cue
gambling,ORDINARY_CLEAN,no_new_boundary_cue
gardening,ORDINARY_CLEAN,no_new_boundary_cue
geokinesis,ORDINARY_CLEAN,no_new_boundary_cue
girl_sandwich,ORDINARY_CLEAN,no_new_boundary_cue
giving,ORDINARY_CLEAN,no_new_boundary_cue
giving_flower,ORDINARY_CLEAN,no_new_boundary_cue
giving_food,ORDINARY_CLEAN,no_new_boundary_cue
glomp,ORDINARY_CLEAN,no_new_boundary_cue
goldfish_scooping,ORDINARY_CLEAN,no_new_boundary_cue
golf,ORDINARY_CLEAN,no_new_boundary_cue
gossip,ORDINARY_CLEAN,no_new_boundary_cue
grabbing_another's_arm,ORDINARY_CLEAN,no_new_boundary_cue
grabbing_another's_chin,ORDINARY_CLEAN,no_new_boundary_cue
grabbing_another's_dress,ORDINARY_CLEAN,no_new_boundary_cue
grabbing_another's_face,ORDINARY_CLEAN,no_new_boundary_cue
grabbing_another's_hair,ORDINARY_CLEAN,no_new_boundary_cue
grabbing_another's_hand,ORDINARY_CLEAN,no_new_boundary_cue
grabbing_another's_head,ORDINARY_CLEAN,no_new_boundary_cue
grabbing_another's_nose,ORDINARY_CLEAN,no_new_boundary_cue
grabbing_another's_shirt,ORDINARY_CLEAN,no_new_boundary_cue
grabbing_another's_sleeve,ORDINARY_CLEAN,no_new_boundary_cue
grabbing_another's_twintails,ORDINARY_CLEAN,no_new_boundary_cue
grabbing_another's_wing,ORDINARY_CLEAN,no_new_boundary_cue
grabbing_from_behind,ORDINARY_CLEAN,no_new_boundary_cue
grabbing_own_hair,ORDINARY_CLEAN,no_new_boundary_cue
grape_stomping,ORDINARY_CLEAN,no_new_boundary_cue
grazing_(livestock),ORDINARY_CLEAN,no_new_boundary_cue
grooming,ORDINARY_CLEAN,no_new_boundary_cue
group_battle,ORDINARY_CLEAN,no_new_boundary_cue
guided_hand_on_cheek,ORDINARY_CLEAN,no_new_boundary_cue
guiding_hand,ORDINARY_CLEAN,no_new_boundary_cue
hacking,ORDINARY_CLEAN,no_new_boundary_cue
hadanugi_dousa,ORDINARY_CLEAN,no_new_boundary_cue
hadouken,ORDINARY_CLEAN,no_new_boundary_cue
hair_in_another's_mouth,ORDINARY_CLEAN,no_new_boundary_cue
hair_in_own_mouth,ORDINARY_CLEAN,no_new_boundary_cue
hair_lift,ORDINARY_CLEAN,no_new_boundary_cue
hair_tie_in_mouth,ORDINARY_CLEAN,no_new_boundary_cue
hairdressing,ORDINARY_CLEAN,no_new_boundary_cue
half-heart_hands,ORDINARY_CLEAN,no_new_boundary_cue
hand_chains,ORDINARY_CLEAN,no_new_boundary_cue
hand_glasses,ORDINARY_CLEAN,no_new_boundary_cue
hand_grab,ORDINARY_CLEAN,no_new_boundary_cue
hand_grip,ORDINARY_CLEAN,no_new_boundary_cue
hand_hair,ORDINARY_CLEAN,no_new_boundary_cue
hand_in_another's_clothes,ORDINARY_CLEAN,no_new_boundary_cue
hand_in_another's_glove,ORDINARY_CLEAN,no_new_boundary_cue
hand_in_another's_hair,ORDINARY_CLEAN,no_new_boundary_cue
hand_in_another's_pantyhose,ORDINARY_CLEAN,no_new_boundary_cue
hand_in_another's_pocket,ORDINARY_CLEAN,no_new_boundary_cue
hand_in_clothes,ORDINARY_CLEAN,no_new_boundary_cue
hand_in_jacket,ORDINARY_CLEAN,no_new_boundary_cue
hand_in_mouth,ORDINARY_CLEAN,no_new_boundary_cue
hand_in_own_hair,ORDINARY_CLEAN,no_new_boundary_cue
hand_in_own_pantyhose,ORDINARY_CLEAN,no_new_boundary_cue
hand_in_pantyhose,ORDINARY_CLEAN,no_new_boundary_cue
hand_in_pocket,ORDINARY_CLEAN,no_new_boundary_cue
hand_in_thighhighs,ORDINARY_CLEAN,no_new_boundary_cue
hand_milking,ORDINARY_CLEAN,no_new_boundary_cue
hand_on_animal,ORDINARY_CLEAN,no_new_boundary_cue
hand_on_another's_arm,ORDINARY_CLEAN,no_new_boundary_cue
hand_on_another's_back,ORDINARY_CLEAN,no_new_boundary_cue
hand_on_another's_cheek,ORDINARY_CLEAN,no_new_boundary_cue
hand_on_another's_chin,ORDINARY_CLEAN,no_new_boundary_cue
hand_on_another's_face,ORDINARY_CLEAN,no_new_boundary_cue
hand_on_another's_forehead,ORDINARY_CLEAN,no_new_boundary_cue
hand_on_another's_hand,ORDINARY_CLEAN,no_new_boundary_cue
hand_on_another's_hat,ORDINARY_CLEAN,no_new_boundary_cue
hand_on_another's_head,ORDINARY_CLEAN,no_new_boundary_cue
hand_on_another's_headwear,ORDINARY_CLEAN,no_new_boundary_cue
hand_on_another's_hip,ORDINARY_CLEAN,no_new_boundary_cue
hand_on_another's_knee,ORDINARY_CLEAN,no_new_boundary_cue
hand_on_another's_leg,ORDINARY_CLEAN,no_new_boundary_cue
hand_on_another's_nape,ORDINARY_CLEAN,no_new_boundary_cue
hand_on_another's_neck,ORDINARY_CLEAN,no_new_boundary_cue
hand_on_another's_shoulder,ORDINARY_CLEAN,no_new_boundary_cue
hand_on_another's_stomach,ORDINARY_CLEAN,no_new_boundary_cue
hand_on_another's_waist,ORDINARY_CLEAN,no_new_boundary_cue
hand_on_another's_wrist,ORDINARY_CLEAN,no_new_boundary_cue
hand_on_bed,ORDINARY_CLEAN,no_new_boundary_cue
hand_on_belt,ORDINARY_CLEAN,no_new_boundary_cue
hand_on_blade,ORDINARY_CLEAN,no_new_boundary_cue
hand_on_book,ORDINARY_CLEAN,no_new_boundary_cue
hand_on_cane,ORDINARY_CLEAN,no_new_boundary_cue
hand_on_chair,ORDINARY_CLEAN,no_new_boundary_cue
hand_on_eyewear,ORDINARY_CLEAN,no_new_boundary_cue
hand_on_floor,ORDINARY_CLEAN,no_new_boundary_cue
hand_on_glass,ORDINARY_CLEAN,no_new_boundary_cue
hand_on_goggles,ORDINARY_CLEAN,no_new_boundary_cue
hand_on_ground,ORDINARY_CLEAN,no_new_boundary_cue
hand_on_handle,ORDINARY_CLEAN,no_new_boundary_cue
hand_on_headphones,ORDINARY_CLEAN,no_new_boundary_cue
hand_on_headset,ORDINARY_CLEAN,no_new_boundary_cue
hand_on_headwear,ORDINARY_CLEAN,no_new_boundary_cue
hand_on_helmet,ORDINARY_CLEAN,no_new_boundary_cue
hand_on_hilt,ORDINARY_CLEAN,no_new_boundary_cue
hand_on_lap,ORDINARY_CLEAN,no_new_boundary_cue
hand_on_mask,ORDINARY_CLEAN,no_new_boundary_cue
hand_on_mirror,ORDINARY_CLEAN,no_new_boundary_cue
hand_on_own_ankle,ORDINARY_CLEAN,no_new_boundary_cue
hand_on_own_arm,ORDINARY_CLEAN,no_new_boundary_cue
hand_on_own_back,ORDINARY_CLEAN,no_new_boundary_cue
hand_on_own_cheek,ORDINARY_CLEAN,no_new_boundary_cue
hand_on_own_chin,ORDINARY_CLEAN,no_new_boundary_cue
hand_on_own_elbow,ORDINARY_CLEAN,no_new_boundary_cue
hand_on_own_face,ORDINARY_CLEAN,no_new_boundary_cue
hand_on_own_forehead,ORDINARY_CLEAN,no_new_boundary_cue
hand_on_own_hat,ORDINARY_CLEAN,no_new_boundary_cue
hand_on_own_head,ORDINARY_CLEAN,no_new_boundary_cue
hand_on_own_hip,ORDINARY_CLEAN,no_new_boundary_cue
hand_on_own_knee,ORDINARY_CLEAN,no_new_boundary_cue
hand_on_own_leg,ORDINARY_CLEAN,no_new_boundary_cue
hand_on_own_neck,ORDINARY_CLEAN,no_new_boundary_cue
hand_on_own_opposite_hip,ORDINARY_CLEAN,no_new_boundary_cue
hand_on_own_shoulder,ORDINARY_CLEAN,no_new_boundary_cue
hand_on_own_stomach,ORDINARY_CLEAN,no_new_boundary_cue
hand_on_own_wrist,ORDINARY_CLEAN,no_new_boundary_cue
hand_on_railing,ORDINARY_CLEAN,no_new_boundary_cue
hand_on_sheath,ORDINARY_CLEAN,no_new_boundary_cue
hand_on_shield,ORDINARY_CLEAN,no_new_boundary_cue
hand_on_table,ORDINARY_CLEAN,no_new_boundary_cue
hand_on_wall,ORDINARY_CLEAN,no_new_boundary_cue
hand_on_weapon,ORDINARY_CLEAN,no_new_boundary_cue
hand_on_window,ORDINARY_CLEAN,no_new_boundary_cue
hand_over_another's_eyes,ORDINARY_CLEAN,no_new_boundary_cue
hand_over_another's_mouth,ORDINARY_CLEAN,no_new_boundary_cue
hand_over_eye,ORDINARY_CLEAN,no_new_boundary_cue
hand_over_heart,ORDINARY_CLEAN,no_new_boundary_cue
hand_over_own_mouth,ORDINARY_CLEAN,no_new_boundary_cue
hand_rest,ORDINARY_CLEAN,no_new_boundary_cue
hand_to_blade,ORDINARY_CLEAN,no_new_boundary_cue
hand_to_forehead,ORDINARY_CLEAN,no_new_boundary_cue
hand_to_hand,ORDINARY_CLEAN,no_new_boundary_cue
hand_to_head,ORDINARY_CLEAN,no_new_boundary_cue
hand_to_own_mouth,ORDINARY_CLEAN,no_new_boundary_cue
hand_to_weapon,ORDINARY_CLEAN,no_new_boundary_cue
hand_under_dress,ORDINARY_CLEAN,no_new_boundary_cue
hand_under_pillow,ORDINARY_CLEAN,no_new_boundary_cue
hand_under_shirt,ORDINARY_CLEAN,no_new_boundary_cue
hand_under_skirt,ORDINARY_CLEAN,no_new_boundary_cue
handkerchief_biting,ORDINARY_CLEAN,no_new_boundary_cue
hands_in_another's_hair,ORDINARY_CLEAN,no_new_boundary_cue
hands_in_another's_pockets,ORDINARY_CLEAN,no_new_boundary_cue
hands_in_opposite_sleeves,ORDINARY_CLEAN,no_new_boundary_cue
hands_in_own_hair,ORDINARY_CLEAN,no_new_boundary_cue
hands_in_pocket,ORDINARY_CLEAN,no_new_boundary_cue
hands_in_pockets,ORDINARY_CLEAN,no_new_boundary_cue
hands_on_another's_arm,ORDINARY_CLEAN,no_new_boundary_cue
hands_on_another's_arms,ORDINARY_CLEAN,no_new_boundary_cue
hands_on_another's_back,ORDINARY_CLEAN,no_new_boundary_cue
hands_on_another's_cheeks,ORDINARY_CLEAN,no_new_boundary_cue
hands_on_another's_face,ORDINARY_CLEAN,no_new_boundary_cue
hands_on_another's_hands,ORDINARY_CLEAN,no_new_boundary_cue
hands_on_another's_head,ORDINARY_CLEAN,no_new_boundary_cue
hands_on_another's_hips,ORDINARY_CLEAN,no_new_boundary_cue
hands_on_another's_knees,ORDINARY_CLEAN,no_new_boundary_cue
hands_on_another's_leg,ORDINARY_CLEAN,no_new_boundary_cue
hands_on_another's_legs,ORDINARY_CLEAN,no_new_boundary_cue
hands_on_another's_neck,ORDINARY_CLEAN,no_new_boundary_cue
hands_on_another's_shoulder,ORDINARY_CLEAN,no_new_boundary_cue
hands_on_another's_shoulders,ORDINARY_CLEAN,no_new_boundary_cue
hands_on_another's_stomach,ORDINARY_CLEAN,no_new_boundary_cue
hands_on_another's_waist,ORDINARY_CLEAN,no_new_boundary_cue
hands_on_another's_wrists,ORDINARY_CLEAN,no_new_boundary_cue
hands_on_bed,ORDINARY_CLEAN,no_new_boundary_cue
hands_on_eyewear,ORDINARY_CLEAN,no_new_boundary_cue
hands_on_floor,ORDINARY_CLEAN,no_new_boundary_cue
hands_on_ground,ORDINARY_CLEAN,no_new_boundary_cue
hands_on_headphones,ORDINARY_CLEAN,no_new_boundary_cue
hands_on_headwear,ORDINARY_CLEAN,no_new_boundary_cue
hands_on_hilt,ORDINARY_CLEAN,no_new_boundary_cue
hands_on_lap,ORDINARY_CLEAN,no_new_boundary_cue
hands_on_own_arms,ORDINARY_CLEAN,no_new_boundary_cue
hands_on_own_back,ORDINARY_CLEAN,no_new_boundary_cue
hands_on_own_cheeks,ORDINARY_CLEAN,no_new_boundary_cue
hands_on_own_chin,ORDINARY_CLEAN,no_new_boundary_cue
hands_on_own_face,ORDINARY_CLEAN,no_new_boundary_cue
hands_on_own_head,ORDINARY_CLEAN,no_new_boundary_cue
hands_on_own_hips,ORDINARY_CLEAN,no_new_boundary_cue
hands_on_own_knee,ORDINARY_CLEAN,no_new_boundary_cue
hands_on_own_knees,ORDINARY_CLEAN,no_new_boundary_cue
hands_on_own_leg,ORDINARY_CLEAN,no_new_boundary_cue
hands_on_own_legs,ORDINARY_CLEAN,no_new_boundary_cue
hands_on_own_neck,ORDINARY_CLEAN,no_new_boundary_cue
hands_on_own_shoulders,ORDINARY_CLEAN,no_new_boundary_cue
hands_on_own_stomach,ORDINARY_CLEAN,no_new_boundary_cue
hands_on_table,ORDINARY_CLEAN,no_new_boundary_cue
hands_under_chin,ORDINARY_CLEAN,no_new_boundary_cue
hands_under_legs,ORDINARY_CLEAN,no_new_boundary_cue
handshake,ORDINARY_CLEAN,no_new_boundary_cue
handstop,ORDINARY_CLEAN,no_new_boundary_cue
hanetsuki,ORDINARY_CLEAN,no_new_boundary_cue
hanging_from_ceiling,ORDINARY_CLEAN,no_new_boundary_cue
hanging_from_tree,ORDINARY_CLEAN,no_new_boundary_cue
hanging_on,ORDINARY_CLEAN,no_new_boundary_cue
hanging_on_arm,ORDINARY_CLEAN,no_new_boundary_cue
hanging_wedgie,ORDINARY_CLEAN,no_new_boundary_cue
hat_tip,ORDINARY_CLEAN,no_new_boundary_cue
hat_tug,ORDINARY_CLEAN,no_new_boundary_cue
hatsumode,ORDINARY_CLEAN,no_new_boundary_cue
head_between_knees,ORDINARY_CLEAN,no_new_boundary_cue
head_bump,ORDINARY_CLEAN,no_new_boundary_cue
head_grab,ORDINARY_CLEAN,no_new_boundary_cue
head_hold,ORDINARY_CLEAN,no_new_boundary_cue
head_on_another's_back,ORDINARY_CLEAN,no_new_boundary_cue
head_on_another's_shoulder,ORDINARY_CLEAN,no_new_boundary_cue
head_on_another's_stomach,ORDINARY_CLEAN,no_new_boundary_cue
head_on_arm,ORDINARY_CLEAN,no_new_boundary_cue
head_on_back,ORDINARY_CLEAN,no_new_boundary_cue
head_on_ground,ORDINARY_CLEAN,no_new_boundary_cue
head_on_hand,ORDINARY_CLEAN,no_new_boundary_cue
head_on_hands,ORDINARY_CLEAN,no_new_boundary_cue
head_on_head,ORDINARY_CLEAN,no_new_boundary_cue
head_on_knee,ORDINARY_CLEAN,no_new_boundary_cue
head_on_knees,ORDINARY_CLEAN,no_new_boundary_cue
head_on_own_shoulder,ORDINARY_CLEAN,no_new_boundary_cue
head_on_pillow,ORDINARY_CLEAN,no_new_boundary_cue
head_on_table,ORDINARY_CLEAN,no_new_boundary_cue
head_pinned_down,ORDINARY_CLEAN,no_new_boundary_cue
head_rest,ORDINARY_CLEAN,no_new_boundary_cue
head_rub,ORDINARY_CLEAN,no_new_boundary_cue
headbutt,ORDINARY_CLEAN,no_new_boundary_cue
headdesk,ORDINARY_CLEAN,no_new_boundary_cue
headlock,ORDINARY_CLEAN,no_new_boundary_cue
headpat,ORDINARY_CLEAN,no_new_boundary_cue
headpatting_viewer,ORDINARY_CLEAN,no_new_boundary_cue
healing,ORDINARY_CLEAN,no_new_boundary_cue
healing_animal,ORDINARY_CLEAN,no_new_boundary_cue
heart_arms,ORDINARY_CLEAN,no_new_boundary_cue
heart_arms_duo,ORDINARY_CLEAN,no_new_boundary_cue
heart_arms_trio,ORDINARY_CLEAN,no_new_boundary_cue
heart_floating_above_hand,ORDINARY_CLEAN,no_new_boundary_cue
heart_hands,ORDINARY_CLEAN,no_new_boundary_cue
heart_hands_duo,ORDINARY_CLEAN,no_new_boundary_cue
heart_hands_failure,ORDINARY_CLEAN,no_new_boundary_cue
heart_hands_over_eye,ORDINARY_CLEAN,no_new_boundary_cue
heart_hands_trio,ORDINARY_CLEAN,no_new_boundary_cue
heart_in_heart_hands,ORDINARY_CLEAN,no_new_boundary_cue
heart_in_mouth,ORDINARY_CLEAN,no_new_boundary_cue
held_down,ORDINARY_CLEAN,no_new_boundary_cue
helping,ORDINARY_CLEAN,no_new_boundary_cue
henshin,ORDINARY_CLEAN,no_new_boundary_cue
hide_and_seek,ORDINARY_CLEAN,no_new_boundary_cue
hiding,ORDINARY_CLEAN,no_new_boundary_cue
hiding_behind_another,ORDINARY_CLEAN,no_new_boundary_cue
high_five,ORDINARY_CLEAN,no_new_boundary_cue
hiking,ORDINARY_CLEAN,no_new_boundary_cue
hissing,ORDINARY_CLEAN,no_new_boundary_cue
hitchhiking,ORDINARY_CLEAN,no_new_boundary_cue
holding,ORDINARY_CLEAN,no_new_boundary_cue
holding_above_head,ORDINARY_CLEAN,no_new_boundary_cue
holding_animal,ORDINARY_CLEAN,no_new_boundary_cue
holding_another's_ankle,ORDINARY_CLEAN,no_new_boundary_cue
holding_another's_ankles,ORDINARY_CLEAN,no_new_boundary_cue
holding_another's_arm,ORDINARY_CLEAN,no_new_boundary_cue
holding_another's_hair,ORDINARY_CLEAN,no_new_boundary_cue
holding_another's_horns,ORDINARY_CLEAN,no_new_boundary_cue
holding_another's_leg,ORDINARY_CLEAN,no_new_boundary_cue
holding_another's_legs,ORDINARY_CLEAN,no_new_boundary_cue
holding_another's_waist,ORDINARY_CLEAN,no_new_boundary_cue
holding_another's_wrist,ORDINARY_CLEAN,no_new_boundary_cue
holding_another's_wrists,ORDINARY_CLEAN,no_new_boundary_cue
holding_back,ORDINARY_CLEAN,no_new_boundary_cue
holding_behind_back,ORDINARY_CLEAN,no_new_boundary_cue
holding_behind_neck,ORDINARY_CLEAN,no_new_boundary_cue
holding_belly,ORDINARY_CLEAN,no_new_boundary_cue
holding_bird,ORDINARY_CLEAN,no_new_boundary_cue
holding_bug,ORDINARY_CLEAN,no_new_boundary_cue
holding_butterfly,ORDINARY_CLEAN,no_new_boundary_cue
holding_cat,ORDINARY_CLEAN,no_new_boundary_cue
holding_chibi,ORDINARY_CLEAN,no_new_boundary_cue
holding_creature,ORDINARY_CLEAN,no_new_boundary_cue
holding_detached_hair,ORDINARY_CLEAN,no_new_boundary_cue
holding_detached_head,ORDINARY_CLEAN,no_new_boundary_cue
holding_digimon,ORDINARY_CLEAN,no_new_boundary_cue
holding_dog,ORDINARY_CLEAN,no_new_boundary_cue
holding_eyeball,ORDINARY_CLEAN,no_new_boundary_cue
holding_fish,ORDINARY_CLEAN,no_new_boundary_cue
holding_frog,ORDINARY_CLEAN,no_new_boundary_cue
holding_ghost,ORDINARY_CLEAN,no_new_boundary_cue
holding_head_wreath,ORDINARY_CLEAN,no_new_boundary_cue
holding_heart_(organ),ORDINARY_CLEAN,no_new_boundary_cue
holding_limb,ORDINARY_CLEAN,no_new_boundary_cue
holding_mini_person,ORDINARY_CLEAN,no_new_boundary_cue
holding_nose,ORDINARY_CLEAN,no_new_boundary_cue
holding_on,ORDINARY_CLEAN,no_new_boundary_cue
holding_organ,ORDINARY_CLEAN,no_new_boundary_cue
holding_over_opposite_shoulder,ORDINARY_CLEAN,no_new_boundary_cue
holding_own_ankle,ORDINARY_CLEAN,no_new_boundary_cue
holding_own_ankles,ORDINARY_CLEAN,no_new_boundary_cue
holding_own_hair,ORDINARY_CLEAN,no_new_boundary_cue
holding_own_hand,ORDINARY_CLEAN,no_new_boundary_cue
holding_own_horns,ORDINARY_CLEAN,no_new_boundary_cue
holding_own_leg,ORDINARY_CLEAN,no_new_boundary_cue
holding_own_wrist,ORDINARY_CLEAN,no_new_boundary_cue
holding_paw,ORDINARY_CLEAN,no_new_boundary_cue
holding_pokemon,ORDINARY_CLEAN,no_new_boundary_cue
holding_rabbit,ORDINARY_CLEAN,no_new_boundary_cue
holding_sheep,ORDINARY_CLEAN,no_new_boundary_cue
holding_snake,ORDINARY_CLEAN,no_new_boundary_cue
holding_stomach,ORDINARY_CLEAN,no_new_boundary_cue
holding_together,ORDINARY_CLEAN,no_new_boundary_cue
holding_waist,ORDINARY_CLEAN,no_new_boundary_cue
holding_with_gesture,ORDINARY_CLEAN,no_new_boundary_cue
homework,ORDINARY_CLEAN,no_new_boundary_cue
hood_grab,ORDINARY_CLEAN,no_new_boundary_cue
hood_pull,ORDINARY_CLEAN,no_new_boundary_cue
hoodie_pull,ORDINARY_CLEAN,no_new_boundary_cue
hoodie_tug,ORDINARY_CLEAN,no_new_boundary_cue
horse_racing,ORDINARY_CLEAN,no_new_boundary_cue
horseback_archery,ORDINARY_CLEAN,no_new_boundary_cue
horseback_riding,ORDINARY_CLEAN,no_new_boundary_cue
howling,ORDINARY_CLEAN,no_new_boundary_cue
huffing,ORDINARY_CLEAN,no_new_boundary_cue
human_tug_of_war,ORDINARY_CLEAN,no_new_boundary_cue
humming,ORDINARY_CLEAN,no_new_boundary_cue
hummingbird,ORDINARY_CLEAN,no_new_boundary_cue
hunting,ORDINARY_CLEAN,no_new_boundary_cue
hunting_horn,ORDINARY_CLEAN,no_new_boundary_cue
hydrokinesis,ORDINARY_CLEAN,no_new_boundary_cue
hypnosis,ORDINARY_CLEAN,no_new_boundary_cue
hypnosis_app,ORDINARY_CLEAN,no_new_boundary_cue
hypnosis_earrings,ORDINARY_CLEAN,no_new_boundary_cue
hypnosis_microphone,ORDINARY_CLEAN,no_new_boundary_cue
hypnotizing_viewer,ORDINARY_CLEAN,no_new_boundary_cue
iaidou,ORDINARY_CLEAN,no_new_boundary_cue
imagining,ORDINARY_CLEAN,no_new_boundary_cue
imminent_bite,ORDINARY_CLEAN,no_new_boundary_cue
imminent_cheating_(relationship),ORDINARY_CLEAN,no_new_boundary_cue
imminent_death,ORDINARY_CLEAN,no_new_boundary_cue
imminent_eating,ORDINARY_CLEAN,no_new_boundary_cue
imminent_explosion,ORDINARY_CLEAN,no_new_boundary_cue
imminent_forced_dressing,ORDINARY_CLEAN,no_new_boundary_cue
imminent_headpat,ORDINARY_CLEAN,no_new_boundary_cue
imminent_stabbing,ORDINARY_CLEAN,no_new_boundary_cue
imminent_suicide,ORDINARY_CLEAN,no_new_boundary_cue
imminent_throw,ORDINARY_CLEAN,no_new_boundary_cue
imminent_tickling,ORDINARY_CLEAN,no_new_boundary_cue
impersonation,ORDINARY_CLEAN,no_new_boundary_cue
implied_cannibalism,ORDINARY_CLEAN,no_new_boundary_cue
implied_cheating_(relationship),ORDINARY_CLEAN,no_new_boundary_cue
implied_death,ORDINARY_CLEAN,no_new_boundary_cue
implied_drugging,ORDINARY_CLEAN,no_new_boundary_cue
implied_hetero,ORDINARY_CLEAN,no_new_boundary_cue
implied_self-harm,ORDINARY_CLEAN,no_new_boundary_cue
implied_stepping,ORDINARY_CLEAN,no_new_boundary_cue
implied_suicide,ORDINARY_CLEAN,no_new_boundary_cue
inflating,ORDINARY_CLEAN,no_new_boundary_cue
inhaling,ORDINARY_CLEAN,no_new_boundary_cue
injection,ORDINARY_CLEAN,no_new_boundary_cue
inside_another's_fur,ORDINARY_CLEAN,no_new_boundary_cue
inside_creature,ORDINARY_CLEAN,no_new_boundary_cue
inspecting,ORDINARY_CLEAN,no_new_boundary_cue
insult,ORDINARY_CLEAN,no_new_boundary_cue
interrogation,ORDINARY_CLEAN,no_new_boundary_cue
interview,ORDINARY_CLEAN,no_new_boundary_cue
introduction,ORDINARY_CLEAN,no_new_boundary_cue
it's_ok_to_touch,ORDINARY_CLEAN,no_new_boundary_cue
joint_lock,ORDINARY_CLEAN,no_new_boundary_cue
judo,ORDINARY_CLEAN,no_new_boundary_cue
judo_throw,ORDINARY_CLEAN,no_new_boundary_cue
juggling,ORDINARY_CLEAN,no_new_boundary_cue
kabedon,ORDINARY_CLEAN,no_new_boundary_cue
kabedon_on_viewer,ORDINARY_CLEAN,no_new_boundary_cue
kamehameha_(dragon_ball),ORDINARY_CLEAN,no_new_boundary_cue
karana_mudra,ORDINARY_CLEAN,no_new_boundary_cue
karaoke,ORDINARY_CLEAN,no_new_boundary_cue
karate,ORDINARY_CLEAN,no_new_boundary_cue
karate_chop,ORDINARY_CLEAN,no_new_boundary_cue
kendo,ORDINARY_CLEAN,no_new_boundary_cue
kickboxing,ORDINARY_CLEAN,no_new_boundary_cue
kinniku_buster,ORDINARY_CLEAN,no_new_boundary_cue
kite_flying,ORDINARY_CLEAN,no_new_boundary_cue
kneading_(behavior),ORDINARY_CLEAN,no_new_boundary_cue
kneading_dough,ORDINARY_CLEAN,no_new_boundary_cue
kneeing,ORDINARY_CLEAN,no_new_boundary_cue
kneeling_on_liquid,ORDINARY_CLEAN,no_new_boundary_cue
knifed,ORDINARY_CLEAN,no_new_boundary_cue
knighting,ORDINARY_CLEAN,no_new_boundary_cue
knitting,ORDINARY_CLEAN,no_new_boundary_cue
knitting_needle,ORDINARY_CLEAN,no_new_boundary_cue
knocking,ORDINARY_CLEAN,no_new_boundary_cue
knolling,ORDINARY_CLEAN,no_new_boundary_cue
kung_fu,ORDINARY_CLEAN,no_new_boundary_cue
kyuudou,ORDINARY_CLEAN,no_new_boundary_cue
la_chancla,ORDINARY_CLEAN,no_new_boundary_cue
lacrosse,ORDINARY_CLEAN,no_new_boundary_cue
landing,ORDINARY_CLEAN,no_new_boundary_cue
lap_pillow,ORDINARY_CLEAN,no_new_boundary_cue
lap_pillow_invitation,ORDINARY_CLEAN,no_new_boundary_cue
late_for_school,ORDINARY_CLEAN,no_new_boundary_cue
launching,ORDINARY_CLEAN,no_new_boundary_cue
laundry,ORDINARY_CLEAN,no_new_boundary_cue
leaning_against_motorcycle,ORDINARY_CLEAN,no_new_boundary_cue
leaning_against_vehicle,ORDINARY_CLEAN,no_new_boundary_cue
leaning_on_animal,ORDINARY_CLEAN,no_new_boundary_cue
leaning_on_ball,ORDINARY_CLEAN,no_new_boundary_cue
leaning_on_broom,ORDINARY_CLEAN,no_new_boundary_cue
leaning_on_object,ORDINARY_CLEAN,no_new_boundary_cue
leaning_on_person,ORDINARY_CLEAN,no_new_boundary_cue
leaning_on_self,ORDINARY_CLEAN,no_new_boundary_cue
leaning_on_table,ORDINARY_CLEAN,no_new_boundary_cue
leaning_on_weapon,ORDINARY_CLEAN,no_new_boundary_cue
leap_frog,ORDINARY_CLEAN,no_new_boundary_cue
lecturing,ORDINARY_CLEAN,no_new_boundary_cue
leg_lock,ORDINARY_CLEAN,no_new_boundary_cue
leg_on_another's_leg,ORDINARY_CLEAN,no_new_boundary_cue
legs_on_another's_lap,ORDINARY_CLEAN,no_new_boundary_cue
licking,ORDINARY_CLEAN,no_new_boundary_cue
licking_another,ORDINARY_CLEAN,no_new_boundary_cue
licking_another's_arm,ORDINARY_CLEAN,no_new_boundary_cue
licking_another's_cheek,ORDINARY_CLEAN,no_new_boundary_cue
licking_another's_face,ORDINARY_CLEAN,no_new_boundary_cue
licking_another's_hair,ORDINARY_CLEAN,no_new_boundary_cue
licking_another's_hand,ORDINARY_CLEAN,no_new_boundary_cue
licking_another's_lips,ORDINARY_CLEAN,no_new_boundary_cue
licking_another's_neck,ORDINARY_CLEAN,no_new_boundary_cue
licking_back,ORDINARY_CLEAN,no_new_boundary_cue
licking_blade,ORDINARY_CLEAN,no_new_boundary_cue
licking_eye,ORDINARY_CLEAN,no_new_boundary_cue
licking_food,ORDINARY_CLEAN,no_new_boundary_cue
licking_hand,ORDINARY_CLEAN,no_new_boundary_cue
licking_lemon,ORDINARY_CLEAN,no_new_boundary_cue
licking_lips,ORDINARY_CLEAN,no_new_boundary_cue
licking_object,ORDINARY_CLEAN,no_new_boundary_cue
licking_own_arm,ORDINARY_CLEAN,no_new_boundary_cue
licking_paw,ORDINARY_CLEAN,no_new_boundary_cue
licking_stomach,ORDINARY_CLEAN,no_new_boundary_cue
licking_tears,ORDINARY_CLEAN,no_new_boundary_cue
licking_tip,ORDINARY_CLEAN,no_new_boundary_cue
licking_weapon,ORDINARY_CLEAN,no_new_boundary_cue
lifting_animal,ORDINARY_CLEAN,no_new_boundary_cue
lifting_person,ORDINARY_CLEAN,no_new_boundary_cue
lighting_cigarette,ORDINARY_CLEAN,no_new_boundary_cue
lion_dance,ORDINARY_CLEAN,no_new_boundary_cue
listening,ORDINARY_CLEAN,no_new_boundary_cue
listening_to_music,ORDINARY_CLEAN,no_new_boundary_cue
locking,ORDINARY_CLEAN,no_new_boundary_cue
lollipop_in_mouth,ORDINARY_CLEAN,no_new_boundary_cue
looking_for_glasses,ORDINARY_CLEAN,no_new_boundary_cue
lotion_play,ORDINARY_CLEAN,no_new_boundary_cue
lying_on_animal,ORDINARY_CLEAN,no_new_boundary_cue
lying_on_another,ORDINARY_CLEAN,no_new_boundary_cue
lying_on_ball,ORDINARY_CLEAN,no_new_boundary_cue
lying_on_branch,ORDINARY_CLEAN,no_new_boundary_cue
lying_on_clothes,ORDINARY_CLEAN,no_new_boundary_cue
lying_on_lap,ORDINARY_CLEAN,no_new_boundary_cue
lying_on_person,ORDINARY_CLEAN,no_new_boundary_cue
lying_on_water,ORDINARY_CLEAN,no_new_boundary_cue
magic_trick,ORDINARY_CLEAN,no_new_boundary_cue
mahjong,ORDINARY_CLEAN,no_new_boundary_cue
maintenance,ORDINARY_CLEAN,no_new_boundary_cue
make_a_contract,ORDINARY_CLEAN,no_new_boundary_cue
makeover,ORDINARY_CLEAN,no_new_boundary_cue
mamemaki,ORDINARY_CLEAN,no_new_boundary_cue
manzai,ORDINARY_CLEAN,no_new_boundary_cue
marriage_proposal,ORDINARY_CLEAN,no_new_boundary_cue
massage,ORDINARY_CLEAN,no_new_boundary_cue
massage_chair,ORDINARY_CLEAN,no_new_boundary_cue
massage_table,ORDINARY_CLEAN,no_new_boundary_cue
mat_play,ORDINARY_CLEAN,no_new_boundary_cue
materializing,ORDINARY_CLEAN,no_new_boundary_cue
mating_season,ORDINARY_CLEAN,no_new_boundary_cue
measuring,ORDINARY_CLEAN,no_new_boundary_cue
measuring_cup,ORDINARY_CLEAN,no_new_boundary_cue
measuring_stick,ORDINARY_CLEAN,no_new_boundary_cue
meeting,ORDINARY_CLEAN,no_new_boundary_cue
meowing,ORDINARY_CLEAN,no_new_boundary_cue
messy_eater,ORDINARY_CLEAN,no_new_boundary_cue
mexican_standoff,ORDINARY_CLEAN,no_new_boundary_cue
milestone_celebration,ORDINARY_CLEAN,no_new_boundary_cue
milking_cow,ORDINARY_CLEAN,no_new_boundary_cue
mimikaki,ORDINARY_CLEAN,no_new_boundary_cue
mind_reading,ORDINARY_CLEAN,no_new_boundary_cue
mining,ORDINARY_CLEAN,no_new_boundary_cue
mining_helmet,ORDINARY_CLEAN,no_new_boundary_cue
mixed_holding,ORDINARY_CLEAN,no_new_boundary_cue
mixing,ORDINARY_CLEAN,no_new_boundary_cue
mixing_bowl,ORDINARY_CLEAN,no_new_boundary_cue
mixing_console,ORDINARY_CLEAN,no_new_boundary_cue
mochitsuki,ORDINARY_CLEAN,no_new_boundary_cue
money_bath,ORDINARY_CLEAN,no_new_boundary_cue
money_in_mouth,ORDINARY_CLEAN,no_new_boundary_cue
mouse_on_head,ORDINARY_CLEAN,no_new_boundary_cue
mouse_on_shoulder,ORDINARY_CLEAN,no_new_boundary_cue
mouth_beam,ORDINARY_CLEAN,no_new_boundary_cue
mouth_hold,ORDINARY_CLEAN,no_new_boundary_cue
mouth_pull,ORDINARY_CLEAN,no_new_boundary_cue
muay_thai,ORDINARY_CLEAN,no_new_boundary_cue
multitasking,ORDINARY_CLEAN,no_new_boundary_cue
mutual_cheek_pinching,ORDINARY_CLEAN,no_new_boundary_cue
mutual_feeding,ORDINARY_CLEAN,no_new_boundary_cue
mutual_tsundere,ORDINARY_CLEAN,no_new_boundary_cue
nail_biting,ORDINARY_CLEAN,no_new_boundary_cue
naval_battle,ORDINARY_CLEAN,no_new_boundary_cue
navel_poke,ORDINARY_CLEAN,no_new_boundary_cue
neck_hold,ORDINARY_CLEAN,no_new_boundary_cue
neck_lift,ORDINARY_CLEAN,no_new_boundary_cue
neck_snap,ORDINARY_CLEAN,no_new_boundary_cue
necklace_in_mouth,ORDINARY_CLEAN,no_new_boundary_cue
necktie_in_mouth,ORDINARY_CLEAN,no_new_boundary_cue
necktie_lift,ORDINARY_CLEAN,no_new_boundary_cue
neckwear_grab,ORDINARY_CLEAN,no_new_boundary_cue
needles_between_fingers,ORDINARY_CLEAN,no_new_boundary_cue
nekoken_technique,ORDINARY_CLEAN,no_new_boundary_cue
nibbling,ORDINARY_CLEAN,no_new_boundary_cue
ninjutsu,ORDINARY_CLEAN,no_new_boundary_cue
noogie,ORDINARY_CLEAN,no_new_boundary_cue
nose_picking,ORDINARY_CLEAN,no_new_boundary_cue
nose_pinch,ORDINARY_CLEAN,no_new_boundary_cue
noses_touching,ORDINARY_CLEAN,no_new_boundary_cue
nudge,ORDINARY_CLEAN,no_new_boundary_cue
number_four_(asl),ORDINARY_CLEAN,no_new_boundary_cue
obi_spin,ORDINARY_CLEAN,no_new_boundary_cue
object_riding,ORDINARY_CLEAN,no_new_boundary_cue
object_to_mouth,ORDINARY_CLEAN,no_new_boundary_cue
objection,ORDINARY_CLEAN,no_new_boundary_cue
official_cosplay,ORDINARY_CLEAN,no_new_boundary_cue
ok_sign,ORDINARY_CLEAN,no_new_boundary_cue
ok_sign_over_eye,ORDINARY_CLEAN,no_new_boundary_cue
opening,ORDINARY_CLEAN,no_new_boundary_cue
oshikatsu,ORDINARY_CLEAN,no_new_boundary_cue
overeating,ORDINARY_CLEAN,no_new_boundary_cue
overflowing_bath,ORDINARY_CLEAN,no_new_boundary_cue
overkill,ORDINARY_CLEAN,no_new_boundary_cue
overpowering,ORDINARY_CLEAN,no_new_boundary_cue
painting_(action),ORDINARY_CLEAN,no_new_boundary_cue
painting_fingernails,ORDINARY_CLEAN,no_new_boundary_cue
painting_toenails,ORDINARY_CLEAN,no_new_boundary_cue
palm-fist_greeting,ORDINARY_CLEAN,no_new_boundary_cue
palm-fist_tap,ORDINARY_CLEAN,no_new_boundary_cue
palm_strike,ORDINARY_CLEAN,no_new_boundary_cue
paper_in_mouth,ORDINARY_CLEAN,no_new_boundary_cue
paper_on_head,ORDINARY_CLEAN,no_new_boundary_cue
parade,ORDINARY_CLEAN,no_new_boundary_cue
parrying,ORDINARY_CLEAN,no_new_boundary_cue
party,ORDINARY_CLEAN,no_new_boundary_cue
patting,ORDINARY_CLEAN,no_new_boundary_cue
patting_back,ORDINARY_CLEAN,no_new_boundary_cue
patting_lap,ORDINARY_CLEAN,no_new_boundary_cue
paw_up,ORDINARY_CLEAN,no_new_boundary_cue
pecking,ORDINARY_CLEAN,no_new_boundary_cue
pectoral_pillow,ORDINARY_CLEAN,no_new_boundary_cue
peeling,ORDINARY_CLEAN,no_new_boundary_cue
pen_in_mouth,ORDINARY_CLEAN,no_new_boundary_cue
pen_to_mouth,ORDINARY_CLEAN,no_new_boundary_cue
pencil_as_mustache,ORDINARY_CLEAN,no_new_boundary_cue
pencil_to_face,ORDINARY_CLEAN,no_new_boundary_cue
pet_shaming,ORDINARY_CLEAN,no_new_boundary_cue
pet_walking,ORDINARY_CLEAN,no_new_boundary_cue
petal_in_mouth,ORDINARY_CLEAN,no_new_boundary_cue
petal_on_head,ORDINARY_CLEAN,no_new_boundary_cue
petal_on_nose,ORDINARY_CLEAN,no_new_boundary_cue
petals_in_mouth,ORDINARY_CLEAN,no_new_boundary_cue
petting,ORDINARY_CLEAN,no_new_boundary_cue
phone_over_face,ORDINARY_CLEAN,no_new_boundary_cue
photo_shoot,ORDINARY_CLEAN,no_new_boundary_cue
photobomb,ORDINARY_CLEAN,no_new_boundary_cue
photocopying_self,ORDINARY_CLEAN,no_new_boundary_cue
physical_examination,ORDINARY_CLEAN,no_new_boundary_cue
picking_fruit,ORDINARY_CLEAN,no_new_boundary_cue
pie_in_face,ORDINARY_CLEAN,no_new_boundary_cue
pill_in_mouth,ORDINARY_CLEAN,no_new_boundary_cue
pillow_grab,ORDINARY_CLEAN,no_new_boundary_cue
pillow_straddling,ORDINARY_CLEAN,no_new_boundary_cue
piloting,ORDINARY_CLEAN,no_new_boundary_cue
pinching,ORDINARY_CLEAN,no_new_boundary_cue
pinching_another's_belly,ORDINARY_CLEAN,no_new_boundary_cue
pinching_gesture,ORDINARY_CLEAN,no_new_boundary_cue
pinching_own_belly,ORDINARY_CLEAN,no_new_boundary_cue
pinching_sleeves,ORDINARY_CLEAN,no_new_boundary_cue
pinky_swear,ORDINARY_CLEAN,no_new_boundary_cue
pizza_delivery,ORDINARY_CLEAN,no_new_boundary_cue
plant_on_head,ORDINARY_CLEAN,no_new_boundary_cue
plate_on_head,ORDINARY_CLEAN,no_new_boundary_cue
playing,ORDINARY_CLEAN,no_new_boundary_cue
playing_with_another's_ears,ORDINARY_CLEAN,no_new_boundary_cue
playing_with_another's_hair,ORDINARY_CLEAN,no_new_boundary_cue
playing_with_hair,ORDINARY_CLEAN,no_new_boundary_cue
playing_with_own_hair,ORDINARY_CLEAN,no_new_boundary_cue
plucking_petals,ORDINARY_CLEAN,no_new_boundary_cue
plugging_ears,ORDINARY_CLEAN,no_new_boundary_cue
pointing_out_the_details,ORDINARY_CLEAN,no_new_boundary_cue
pokemon_on_arm,ORDINARY_CLEAN,no_new_boundary_cue
pokemon_on_back,ORDINARY_CLEAN,no_new_boundary_cue
pokemon_on_head,ORDINARY_CLEAN,no_new_boundary_cue
pokemon_on_lap,ORDINARY_CLEAN,no_new_boundary_cue
pokemon_on_leg,ORDINARY_CLEAN,no_new_boundary_cue
pokemon_on_shoulder,ORDINARY_CLEAN,no_new_boundary_cue
poker,ORDINARY_CLEAN,no_new_boundary_cue
poking,ORDINARY_CLEAN,no_new_boundary_cue
poking_ass,ORDINARY_CLEAN,no_new_boundary_cue
poking_belly,ORDINARY_CLEAN,no_new_boundary_cue
poking_head,ORDINARY_CLEAN,no_new_boundary_cue
poking_nose,ORDINARY_CLEAN,no_new_boundary_cue
poking_self,ORDINARY_CLEAN,no_new_boundary_cue
polygamy,ORDINARY_CLEAN,no_new_boundary_cue
pomf,ORDINARY_CLEAN,no_new_boundary_cue
popping,ORDINARY_CLEAN,no_new_boundary_cue
pot_on_head,ORDINARY_CLEAN,no_new_boundary_cue
pov_adoring,ORDINARY_CLEAN,no_new_boundary_cue
practicing,ORDINARY_CLEAN,no_new_boundary_cue
praise,ORDINARY_CLEAN,no_new_boundary_cue
prank,ORDINARY_CLEAN,no_new_boundary_cue
praying,ORDINARY_CLEAN,no_new_boundary_cue
predation,ORDINARY_CLEAN,no_new_boundary_cue
presentation,ORDINARY_CLEAN,no_new_boundary_cue
press_conference,ORDINARY_CLEAN,no_new_boundary_cue
proposing_to_viewer,ORDINARY_CLEAN,no_new_boundary_cue
protecting,ORDINARY_CLEAN,no_new_boundary_cue
protest,ORDINARY_CLEAN,no_new_boundary_cue
puff_of_air,ORDINARY_CLEAN,no_new_boundary_cue
pull,ORDINARY_CLEAN,no_new_boundary_cue
pulling,ORDINARY_CLEAN,no_new_boundary_cue
pulling_arm,ORDINARY_CLEAN,no_new_boundary_cue
pulling_back,ORDINARY_CLEAN,no_new_boundary_cue
pulling_own_ear,ORDINARY_CLEAN,no_new_boundary_cue
pulling_tongue,ORDINARY_CLEAN,no_new_boundary_cue
pumpkin_on_head,ORDINARY_CLEAN,no_new_boundary_cue
punched,ORDINARY_CLEAN,no_new_boundary_cue
punishment,ORDINARY_CLEAN,no_new_boundary_cue
punishment_game,ORDINARY_CLEAN,no_new_boundary_cue
puppet_show,ORDINARY_CLEAN,no_new_boundary_cue
puppeteering,ORDINARY_CLEAN,no_new_boundary_cue
purring,ORDINARY_CLEAN,no_new_boundary_cue
pushing,ORDINARY_CLEAN,no_new_boundary_cue
pushing_away,ORDINARY_CLEAN,no_new_boundary_cue
pushing_bicycle,ORDINARY_CLEAN,no_new_boundary_cue
pushing_cart,ORDINARY_CLEAN,no_new_boundary_cue
pushing_down,ORDINARY_CLEAN,no_new_boundary_cue
pushing_face,ORDINARY_CLEAN,no_new_boundary_cue
pushing_stroller,ORDINARY_CLEAN,no_new_boundary_cue
pushing_wheelchair,ORDINARY_CLEAN,no_new_boundary_cue
putting_in_contact_lens,ORDINARY_CLEAN,no_new_boundary_cue
putting_on_footwear,ORDINARY_CLEAN,no_new_boundary_cue
putting_on_gloves,ORDINARY_CLEAN,no_new_boundary_cue
putting_on_headwear,ORDINARY_CLEAN,no_new_boundary_cue
putting_on_jacket,ORDINARY_CLEAN,no_new_boundary_cue
putting_on_jewelry,ORDINARY_CLEAN,no_new_boundary_cue
putting_on_legwear,ORDINARY_CLEAN,no_new_boundary_cue
quadruple_wielding,ORDINARY_CLEAN,no_new_boundary_cue
quidditch,ORDINARY_CLEAN,no_new_boundary_cue
quiz,ORDINARY_CLEAN,no_new_boundary_cue
rabbit_on_head,ORDINARY_CLEAN,no_new_boundary_cue
rabbit_on_shoulder,ORDINARY_CLEAN,no_new_boundary_cue
racing,ORDINARY_CLEAN,no_new_boundary_cue
ragequit,ORDINARY_CLEAN,no_new_boundary_cue
raise_buckle,ORDINARY_CLEAN,no_new_boundary_cue
rapid_punches,ORDINARY_CLEAN,no_new_boundary_cue
rapping,ORDINARY_CLEAN,no_new_boundary_cue
reading,ORDINARY_CLEAN,no_new_boundary_cue
reading_together,ORDINARY_CLEAN,no_new_boundary_cue
ready_to_draw,ORDINARY_CLEAN,no_new_boundary_cue
recharging,ORDINARY_CLEAN,no_new_boundary_cue
recording,ORDINARY_CLEAN,no_new_boundary_cue
recording_audio,ORDINARY_CLEAN,no_new_boundary_cue
relay_race,ORDINARY_CLEAN,no_new_boundary_cue
reloading,ORDINARY_CLEAN,no_new_boundary_cue
remembering,ORDINARY_CLEAN,no_new_boundary_cue
repairing,ORDINARY_CLEAN,no_new_boundary_cue
rescue,ORDINARY_CLEAN,no_new_boundary_cue
reveal,ORDINARY_CLEAN,no_new_boundary_cue
reverse_princess_carry,ORDINARY_CLEAN,no_new_boundary_cue
rhythm_game,ORDINARY_CLEAN,no_new_boundary_cue
rice_on_face,ORDINARY_CLEAN,no_new_boundary_cue
rice_planting,ORDINARY_CLEAN,no_new_boundary_cue
ricocheting,ORDINARY_CLEAN,no_new_boundary_cue
riding,ORDINARY_CLEAN,no_new_boundary_cue
riding_animal,ORDINARY_CLEAN,no_new_boundary_cue
riding_bird,ORDINARY_CLEAN,no_new_boundary_cue
riding_boar,ORDINARY_CLEAN,no_new_boundary_cue
riding_digimon,ORDINARY_CLEAN,no_new_boundary_cue
riding_dinosaur,ORDINARY_CLEAN,no_new_boundary_cue
riding_dragon,ORDINARY_CLEAN,no_new_boundary_cue
riding_person,ORDINARY_CLEAN,no_new_boundary_cue
riding_pokemon,ORDINARY_CLEAN,no_new_boundary_cue
riding_roller_coaster,ORDINARY_CLEAN,no_new_boundary_cue
riding_shark,ORDINARY_CLEAN,no_new_boundary_cue
riding_vacuum_cleaner,ORDINARY_CLEAN,no_new_boundary_cue
right-hand_drive,ORDINARY_CLEAN,no_new_boundary_cue
ring_on_every_finger,ORDINARY_CLEAN,no_new_boundary_cue
ripping,ORDINARY_CLEAN,no_new_boundary_cue
ritual,ORDINARY_CLEAN,no_new_boundary_cue
rivalry,ORDINARY_CLEAN,no_new_boundary_cue
roasting,ORDINARY_CLEAN,no_new_boundary_cue
robbery,ORDINARY_CLEAN,no_new_boundary_cue
rock_balancing,ORDINARY_CLEAN,no_new_boundary_cue
rock_climbing,ORDINARY_CLEAN,no_new_boundary_cue
rock_paper_scissors,ORDINARY_CLEAN,no_new_boundary_cue
role_reversal,ORDINARY_CLEAN,no_new_boundary_cue
rotting,ORDINARY_CLEAN,no_new_boundary_cue
rubbing,ORDINARY_CLEAN,no_new_boundary_cue
rubbing_eyes,ORDINARY_CLEAN,no_new_boundary_cue
rubbing_hands_together,ORDINARY_CLEAN,no_new_boundary_cue
rubbing_head,ORDINARY_CLEAN,no_new_boundary_cue
rubbing_neck,ORDINARY_CLEAN,no_new_boundary_cue
rubbing_nose,ORDINARY_CLEAN,no_new_boundary_cue
ruffling_hair,ORDINARY_CLEAN,no_new_boundary_cue
rugby,ORDINARY_CLEAN,no_new_boundary_cue
run_over,ORDINARY_CLEAN,no_new_boundary_cue
russian_roulette,ORDINARY_CLEAN,no_new_boundary_cue
saigo_no_getsuga_tenshou,ORDINARY_CLEAN,no_new_boundary_cue
sailing,ORDINARY_CLEAN,no_new_boundary_cue
sandwiched,ORDINARY_CLEAN,no_new_boundary_cue
scam,ORDINARY_CLEAN,no_new_boundary_cue
scolding,ORDINARY_CLEAN,no_new_boundary_cue
scratching,ORDINARY_CLEAN,no_new_boundary_cue
scratching_ass,ORDINARY_CLEAN,no_new_boundary_cue
scratching_back,ORDINARY_CLEAN,no_new_boundary_cue
scratching_cheek,ORDINARY_CLEAN,no_new_boundary_cue
scratching_chin,ORDINARY_CLEAN,no_new_boundary_cue
scratching_head,ORDINARY_CLEAN,no_new_boundary_cue
scratching_neck,ORDINARY_CLEAN,no_new_boundary_cue
scratching_stomach,ORDINARY_CLEAN,no_new_boundary_cue
scruffing,ORDINARY_CLEAN,no_new_boundary_cue
scuba,ORDINARY_CLEAN,no_new_boundary_cue
sculpting,ORDINARY_CLEAN,no_new_boundary_cue
searching,ORDINARY_CLEAN,no_new_boundary_cue
self-harm,ORDINARY_CLEAN,no_new_boundary_cue
self_wedgie,ORDINARY_CLEAN,no_new_boundary_cue
selfie_prank,ORDINARY_CLEAN,no_new_boundary_cue
seppuku,ORDINARY_CLEAN,no_new_boundary_cue
shadow_hands,ORDINARY_CLEAN,no_new_boundary_cue
shared_bathing,ORDINARY_CLEAN,no_new_boundary_cue
shared_bed,ORDINARY_CLEAN,no_new_boundary_cue
shared_drink,ORDINARY_CLEAN,no_new_boundary_cue
shared_food,ORDINARY_CLEAN,no_new_boundary_cue
sharing,ORDINARY_CLEAN,no_new_boundary_cue
sharing_food,ORDINARY_CLEAN,no_new_boundary_cue
shedding,ORDINARY_CLEAN,no_new_boundary_cue
sheet_grab,ORDINARY_CLEAN,no_new_boundary_cue
shielding,ORDINARY_CLEAN,no_new_boundary_cue
shielding_another_from_rain,ORDINARY_CLEAN,no_new_boundary_cue
shirt_hold,ORDINARY_CLEAN,no_new_boundary_cue
shirt_in_mouth,ORDINARY_CLEAN,no_new_boundary_cue
shooing,ORDINARY_CLEAN,no_new_boundary_cue
shooting_through_heart,ORDINARY_CLEAN,no_new_boundary_cue
shootout,ORDINARY_CLEAN,no_new_boundary_cue
shot_down,ORDINARY_CLEAN,no_new_boundary_cue
shoulder_carry,ORDINARY_CLEAN,no_new_boundary_cue
shoulder_massage,ORDINARY_CLEAN,no_new_boundary_cue
shouting_with_hands,ORDINARY_CLEAN,no_new_boundary_cue
shoving,ORDINARY_CLEAN,no_new_boundary_cue
showering,ORDINARY_CLEAN,no_new_boundary_cue
shushing,ORDINARY_CLEAN,no_new_boundary_cue
side_labret_piercing,ORDINARY_CLEAN,no_new_boundary_cue
sighting,ORDINARY_CLEAN,no_new_boundary_cue
sitting_on_animal,ORDINARY_CLEAN,no_new_boundary_cue
sitting_on_another's_back,ORDINARY_CLEAN,no_new_boundary_cue
sitting_on_arm,ORDINARY_CLEAN,no_new_boundary_cue
sitting_on_ball,ORDINARY_CLEAN,no_new_boundary_cue
sitting_on_book,ORDINARY_CLEAN,no_new_boundary_cue
sitting_on_box,ORDINARY_CLEAN,no_new_boundary_cue
sitting_on_branch,ORDINARY_CLEAN,no_new_boundary_cue
sitting_on_creature,ORDINARY_CLEAN,no_new_boundary_cue
sitting_on_drum,ORDINARY_CLEAN,no_new_boundary_cue
sitting_on_fence,ORDINARY_CLEAN,no_new_boundary_cue
sitting_on_food,ORDINARY_CLEAN,no_new_boundary_cue
sitting_on_hair,ORDINARY_CLEAN,no_new_boundary_cue
sitting_on_hand,ORDINARY_CLEAN,no_new_boundary_cue
sitting_on_head,ORDINARY_CLEAN,no_new_boundary_cue
sitting_on_lap,ORDINARY_CLEAN,no_new_boundary_cue
sitting_on_leg,ORDINARY_CLEAN,no_new_boundary_cue
sitting_on_liquid,ORDINARY_CLEAN,no_new_boundary_cue
sitting_on_log,ORDINARY_CLEAN,no_new_boundary_cue
sitting_on_mecha,ORDINARY_CLEAN,no_new_boundary_cue
sitting_on_mushroom,ORDINARY_CLEAN,no_new_boundary_cue
sitting_on_object,ORDINARY_CLEAN,no_new_boundary_cue
sitting_on_own_tail,ORDINARY_CLEAN,no_new_boundary_cue
sitting_on_person,ORDINARY_CLEAN,no_new_boundary_cue
sitting_on_piano,ORDINARY_CLEAN,no_new_boundary_cue
sitting_on_pillow,ORDINARY_CLEAN,no_new_boundary_cue
sitting_on_pokemon,ORDINARY_CLEAN,no_new_boundary_cue
sitting_on_robot,ORDINARY_CLEAN,no_new_boundary_cue
sitting_on_roof,ORDINARY_CLEAN,no_new_boundary_cue
sitting_on_shoulder,ORDINARY_CLEAN,no_new_boundary_cue
sitting_on_stairs,ORDINARY_CLEAN,no_new_boundary_cue
sitting_on_table,ORDINARY_CLEAN,no_new_boundary_cue
sitting_on_torii,ORDINARY_CLEAN,no_new_boundary_cue
sitting_on_wall,ORDINARY_CLEAN,no_new_boundary_cue
sitting_on_water,ORDINARY_CLEAN,no_new_boundary_cue
sitting_on_weapon,ORDINARY_CLEAN,no_new_boundary_cue
skull_head,ORDINARY_CLEAN,no_new_boundary_cue
skull_on_head,ORDINARY_CLEAN,no_new_boundary_cue
slam,ORDINARY_CLEAN,no_new_boundary_cue
slam_dunk_(basketball),ORDINARY_CLEAN,no_new_boundary_cue
slamming_door,ORDINARY_CLEAN,no_new_boundary_cue
slashing,ORDINARY_CLEAN,no_new_boundary_cue
sleep_talking,ORDINARY_CLEAN,no_new_boundary_cue
sleeper_hold,ORDINARY_CLEAN,no_new_boundary_cue
sleepover,ORDINARY_CLEAN,no_new_boundary_cue
slime_on_head,ORDINARY_CLEAN,no_new_boundary_cue
slit_throat_(gesture),ORDINARY_CLEAN,no_new_boundary_cue
slurping,ORDINARY_CLEAN,no_new_boundary_cue
smack,ORDINARY_CLEAN,no_new_boundary_cue
smearing,ORDINARY_CLEAN,no_new_boundary_cue
smell,ORDINARY_CLEAN,no_new_boundary_cue
smelling_flower,ORDINARY_CLEAN,no_new_boundary_cue
smelling_shoe,ORDINARY_CLEAN,no_new_boundary_cue
snake_wrapped_around_arm,ORDINARY_CLEAN,no_new_boundary_cue
snake_wrapped_around_body,ORDINARY_CLEAN,no_new_boundary_cue
snake_wrapped_around_leg,ORDINARY_CLEAN,no_new_boundary_cue
snake_wrapped_around_neck,ORDINARY_CLEAN,no_new_boundary_cue
snapping_fingers,ORDINARY_CLEAN,no_new_boundary_cue
sneaking,ORDINARY_CLEAN,no_new_boundary_cue
sneezing,ORDINARY_CLEAN,no_new_boundary_cue
snoring,ORDINARY_CLEAN,no_new_boundary_cue
snort,ORDINARY_CLEAN,no_new_boundary_cue
snow_on_head,ORDINARY_CLEAN,no_new_boundary_cue
snow_on_headwear,ORDINARY_CLEAN,no_new_boundary_cue
snow_on_tree,ORDINARY_CLEAN,no_new_boundary_cue
soaking_feet,ORDINARY_CLEAN,no_new_boundary_cue
soaking_hands,ORDINARY_CLEAN,no_new_boundary_cue
soccer,ORDINARY_CLEAN,no_new_boundary_cue
softball_(sport),ORDINARY_CLEAN,no_new_boundary_cue
songkran,ORDINARY_CLEAN,no_new_boundary_cue
speech_stab,ORDINARY_CLEAN,no_new_boundary_cue
spell,ORDINARY_CLEAN,no_new_boundary_cue
spiking,ORDINARY_CLEAN,no_new_boundary_cue
spill,ORDINARY_CLEAN,no_new_boundary_cue
spilling,ORDINARY_CLEAN,no_new_boundary_cue
spit_take,ORDINARY_CLEAN,no_new_boundary_cue
spitting,ORDINARY_CLEAN,no_new_boundary_cue
spitting_in_another's_mouth,ORDINARY_CLEAN,no_new_boundary_cue
spitting_on_another,ORDINARY_CLEAN,no_new_boundary_cue
spitting_seed,ORDINARY_CLEAN,no_new_boundary_cue
splashing,ORDINARY_CLEAN,no_new_boundary_cue
spraying,ORDINARY_CLEAN,no_new_boundary_cue
squatting_on_person,ORDINARY_CLEAN,no_new_boundary_cue
squeezing,ORDINARY_CLEAN,no_new_boundary_cue
squeezing_cheeks,ORDINARY_CLEAN,no_new_boundary_cue
squishing,ORDINARY_CLEAN,no_new_boundary_cue
stab,ORDINARY_CLEAN,no_new_boundary_cue
stabbed_heart,ORDINARY_CLEAN,no_new_boundary_cue
stabbing_viewer,ORDINARY_CLEAN,no_new_boundary_cue
stacking,ORDINARY_CLEAN,no_new_boundary_cue
stalking,ORDINARY_CLEAN,no_new_boundary_cue
stand-up_comedy,ORDINARY_CLEAN,no_new_boundary_cue
standing_on_animal,ORDINARY_CLEAN,no_new_boundary_cue
standing_on_another's_head,ORDINARY_CLEAN,no_new_boundary_cue
standing_on_box,ORDINARY_CLEAN,no_new_boundary_cue
standing_on_branch,ORDINARY_CLEAN,no_new_boundary_cue
standing_on_chair,ORDINARY_CLEAN,no_new_boundary_cue
standing_on_desk,ORDINARY_CLEAN,no_new_boundary_cue
standing_on_liquid,ORDINARY_CLEAN,no_new_boundary_cue
standing_on_magic_circle,ORDINARY_CLEAN,no_new_boundary_cue
standing_on_object,ORDINARY_CLEAN,no_new_boundary_cue
standing_on_person,ORDINARY_CLEAN,no_new_boundary_cue
standing_on_rock,ORDINARY_CLEAN,no_new_boundary_cue
standing_on_roof,ORDINARY_CLEAN,no_new_boundary_cue
standing_on_shoulder,ORDINARY_CLEAN,no_new_boundary_cue
standing_on_swing,ORDINARY_CLEAN,no_new_boundary_cue
standing_on_sword,ORDINARY_CLEAN,no_new_boundary_cue
standing_on_torii,ORDINARY_CLEAN,no_new_boundary_cue
standing_on_weapon,ORDINARY_CLEAN,no_new_boundary_cue
stapled,ORDINARY_CLEAN,no_new_boundary_cue
stapled_face,ORDINARY_CLEAN,no_new_boundary_cue
star_hands,ORDINARY_CLEAN,no_new_boundary_cue
star_in_mouth,ORDINARY_CLEAN,no_new_boundary_cue
staring_contest,ORDINARY_CLEAN,no_new_boundary_cue
stepping_on_non-human,ORDINARY_CLEAN,no_new_boundary_cue
stepping_on_object,ORDINARY_CLEAN,no_new_boundary_cue
stepping_on_viewer,ORDINARY_CLEAN,no_new_boundary_cue
sticker_on_arm,ORDINARY_CLEAN,no_new_boundary_cue
sticker_on_chest,ORDINARY_CLEAN,no_new_boundary_cue
sticker_on_clothes,ORDINARY_CLEAN,no_new_boundary_cue
sticker_on_face,ORDINARY_CLEAN,no_new_boundary_cue
sticker_on_leg,ORDINARY_CLEAN,no_new_boundary_cue
sticker_on_stomach,ORDINARY_CLEAN,no_new_boundary_cue
stirring,ORDINARY_CLEAN,no_new_boundary_cue
stomping,ORDINARY_CLEAN,no_new_boundary_cue
stomping_viewer,ORDINARY_CLEAN,no_new_boundary_cue
strip_game,ORDINARY_CLEAN,no_new_boundary_cue
strip_mahjong,ORDINARY_CLEAN,no_new_boundary_cue
stroking,ORDINARY_CLEAN,no_new_boundary_cue
stroking_another's_chin,ORDINARY_CLEAN,no_new_boundary_cue
stroking_own_chin,ORDINARY_CLEAN,no_new_boundary_cue
struggling,ORDINARY_CLEAN,no_new_boundary_cue
stubbing_toe,ORDINARY_CLEAN,no_new_boundary_cue
study_distraction,ORDINARY_CLEAN,no_new_boundary_cue
studying,ORDINARY_CLEAN,no_new_boundary_cue
suicide,ORDINARY_CLEAN,no_new_boundary_cue
suicide_bomb,ORDINARY_CLEAN,no_new_boundary_cue
suikawari,ORDINARY_CLEAN,no_new_boundary_cue
sumaki_(action),ORDINARY_CLEAN,no_new_boundary_cue
summoning,ORDINARY_CLEAN,no_new_boundary_cue
sumo,ORDINARY_CLEAN,no_new_boundary_cue
suplex,ORDINARY_CLEAN,no_new_boundary_cue
supporting_another's_weight,ORDINARY_CLEAN,no_new_boundary_cue
surgery,ORDINARY_CLEAN,no_new_boundary_cue
swallowing,ORDINARY_CLEAN,no_new_boundary_cue
swatting,ORDINARY_CLEAN,no_new_boundary_cue
sword_between_thighs,ORDINARY_CLEAN,no_new_boundary_cue
table_flip,ORDINARY_CLEAN,no_new_boundary_cue
table_tennis,ORDINARY_CLEAN,no_new_boundary_cue
tackle,ORDINARY_CLEAN,no_new_boundary_cue
taekwondo,ORDINARY_CLEAN,no_new_boundary_cue
tail_around_another's_arm,ORDINARY_CLEAN,no_new_boundary_cue
tail_around_another's_waist,ORDINARY_CLEAN,no_new_boundary_cue
tail_around_arm,ORDINARY_CLEAN,no_new_boundary_cue
tail_around_neck,ORDINARY_CLEAN,no_new_boundary_cue
tail_around_own_waist,ORDINARY_CLEAN,no_new_boundary_cue
tail_on_face,ORDINARY_CLEAN,no_new_boundary_cue
take_it_home,ORDINARY_CLEAN,no_new_boundary_cue
takeoff,ORDINARY_CLEAN,no_new_boundary_cue
taking_another's_hand,ORDINARY_CLEAN,no_new_boundary_cue
taking_cover,ORDINARY_CLEAN,no_new_boundary_cue
taking_notes,ORDINARY_CLEAN,no_new_boundary_cue
taking_picture,ORDINARY_CLEAN,no_new_boundary_cue
taking_shelter,ORDINARY_CLEAN,no_new_boundary_cue
talking,ORDINARY_CLEAN,no_new_boundary_cue
talking_on_phone,ORDINARY_CLEAN,no_new_boundary_cue
tangle,ORDINARY_CLEAN,no_new_boundary_cue
tango,ORDINARY_CLEAN,no_new_boundary_cue
target_practice,ORDINARY_CLEAN,no_new_boundary_cue
tasting,ORDINARY_CLEAN,no_new_boundary_cue
tattooing,ORDINARY_CLEAN,no_new_boundary_cue
tea_ceremony,ORDINARY_CLEAN,no_new_boundary_cue
tea_party,ORDINARY_CLEAN,no_new_boundary_cue
teaching,ORDINARY_CLEAN,no_new_boundary_cue
teamwork,ORDINARY_CLEAN,no_new_boundary_cue
teeth_hold,ORDINARY_CLEAN,no_new_boundary_cue
telekinesis,ORDINARY_CLEAN,no_new_boundary_cue
telepathy,ORDINARY_CLEAN,no_new_boundary_cue
teleportation,ORDINARY_CLEAN,no_new_boundary_cue
tennis,ORDINARY_CLEAN,no_new_boundary_cue
tennis_serve,ORDINARY_CLEAN,no_new_boundary_cue
thigh_cutting,ORDINARY_CLEAN,no_new_boundary_cue
thigh_straddling,ORDINARY_CLEAN,no_new_boundary_cue
three-legged_race,ORDINARY_CLEAN,no_new_boundary_cue
throat_grab,ORDINARY_CLEAN,no_new_boundary_cue
throwing,ORDINARY_CLEAN,no_new_boundary_cue
throwing_food,ORDINARY_CLEAN,no_new_boundary_cue
throwing_money,ORDINARY_CLEAN,no_new_boundary_cue
throwing_person,ORDINARY_CLEAN,no_new_boundary_cue
throwing_petals,ORDINARY_CLEAN,no_new_boundary_cue
throwing_poke_ball,ORDINARY_CLEAN,no_new_boundary_cue
tickling,ORDINARY_CLEAN,no_new_boundary_cue
tickling_back,ORDINARY_CLEAN,no_new_boundary_cue
tickling_face,ORDINARY_CLEAN,no_new_boundary_cue
tickling_legs,ORDINARY_CLEAN,no_new_boundary_cue
tickling_sides,ORDINARY_CLEAN,no_new_boundary_cue
tickling_stomach,ORDINARY_CLEAN,no_new_boundary_cue
tied_to_chair,ORDINARY_CLEAN,no_new_boundary_cue
tied_to_stake,ORDINARY_CLEAN,no_new_boundary_cue
tied_up_(nonsexual),ORDINARY_CLEAN,no_new_boundary_cue
time_travel,ORDINARY_CLEAN,no_new_boundary_cue
toasting_(gesture),ORDINARY_CLEAN,no_new_boundary_cue
toilet_use,ORDINARY_CLEAN,no_new_boundary_cue
tossing,ORDINARY_CLEAN,no_new_boundary_cue
touching_another's_back,ORDINARY_CLEAN,no_new_boundary_cue
touching_forehead,ORDINARY_CLEAN,no_new_boundary_cue
touching_self_through_portal,ORDINARY_CLEAN,no_new_boundary_cue
towel_tug,ORDINARY_CLEAN,no_new_boundary_cue
towing,ORDINARY_CLEAN,no_new_boundary_cue
training,ORDINARY_CLEAN,no_new_boundary_cue
training_corps_(emblem),ORDINARY_CLEAN,no_new_boundary_cue
training_tap,ORDINARY_CLEAN,no_new_boundary_cue
training_wheels,ORDINARY_CLEAN,no_new_boundary_cue
trampling,ORDINARY_CLEAN,no_new_boundary_cue
transformation,ORDINARY_CLEAN,no_new_boundary_cue
travel,ORDINARY_CLEAN,no_new_boundary_cue
travel_attendant,ORDINARY_CLEAN,no_new_boundary_cue
trick-or-treating,ORDINARY_CLEAN,no_new_boundary_cue
trick_or_treat,ORDINARY_CLEAN,no_new_boundary_cue
tripping,ORDINARY_CLEAN,no_new_boundary_cue
trolling,ORDINARY_CLEAN,no_new_boundary_cue
tsukkomi,ORDINARY_CLEAN,no_new_boundary_cue
tug,ORDINARY_CLEAN,no_new_boundary_cue
tug_of_war,ORDINARY_CLEAN,no_new_boundary_cue
turning_around,ORDINARY_CLEAN,no_new_boundary_cue
turning_head,ORDINARY_CLEAN,no_new_boundary_cue
turning_page,ORDINARY_CLEAN,no_new_boundary_cue
twerking,ORDINARY_CLEAN,no_new_boundary_cue
twiddling_fingers,ORDINARY_CLEAN,no_new_boundary_cue
twirl_baton,ORDINARY_CLEAN,no_new_boundary_cue
twirling_phone_cord,ORDINARY_CLEAN,no_new_boundary_cue
two-finger_salute,ORDINARY_CLEAN,no_new_boundary_cue
tying,ORDINARY_CLEAN,no_new_boundary_cue
tying_headband,ORDINARY_CLEAN,no_new_boundary_cue
under_fire,ORDINARY_CLEAN,no_new_boundary_cue
uppercut,ORDINARY_CLEAN,no_new_boundary_cue
vampire_bite,ORDINARY_CLEAN,no_new_boundary_cue
violence,ORDINARY_CLEAN,no_new_boundary_cue
waist_hold,ORDINARY_CLEAN,no_new_boundary_cue
weightlifting,ORDINARY_CLEAN,no_new_boundary_cue
welding,ORDINARY_CLEAN,no_new_boundary_cue
whisking,ORDINARY_CLEAN,no_new_boundary_cue
whispering,ORDINARY_CLEAN,no_new_boundary_cue
whispering_in_ear,ORDINARY_CLEAN,no_new_boundary_cue
whistle_in_mouth,ORDINARY_CLEAN,no_new_boundary_cue
whistling,ORDINARY_CLEAN,no_new_boundary_cue
window_shopping,ORDINARY_CLEAN,no_new_boundary_cue
wing_flapping,ORDINARY_CLEAN,no_new_boundary_cue
wiping,ORDINARY_CLEAN,no_new_boundary_cue
wiping_another's_face,ORDINARY_CLEAN,no_new_boundary_cue
wiping_face,ORDINARY_CLEAN,no_new_boundary_cue
wiping_forehead,ORDINARY_CLEAN,no_new_boundary_cue
wiping_hands,ORDINARY_CLEAN,no_new_boundary_cue
wiping_mouth,ORDINARY_CLEAN,no_new_boundary_cue
wiping_nose,ORDINARY_CLEAN,no_new_boundary_cue
wiping_sweat,ORDINARY_CLEAN,no_new_boundary_cue
wiping_tears,ORDINARY_CLEAN,no_new_boundary_cue
wire_manipulation,ORDINARY_CLEAN,no_new_boundary_cue
working,ORDINARY_CLEAN,no_new_boundary_cue
wotagei,ORDINARY_CLEAN,no_new_boundary_cue
wrestling,ORDINARY_CLEAN,no_new_boundary_cue
wringing,ORDINARY_CLEAN,no_new_boundary_cue
wringing_dress,ORDINARY_CLEAN,no_new_boundary_cue
wringing_hair,ORDINARY_CLEAN,no_new_boundary_cue
wringing_skirt,ORDINARY_CLEAN,no_new_boundary_cue
wrist_cutting,ORDINARY_CLEAN,no_new_boundary_cue
yakisoba_spill,ORDINARY_CLEAN,no_new_boundary_cue
yuzu_bath,ORDINARY_CLEAN,no_new_boundary_cue
